season,date,pitcher,pitcher_id,throws,team,opponent,is_home,IP,K,BF,pitches,H,BB,ER,HR,opp_k_pct,opp_k_pa
2026,2026-03-29,Anthony Kay,641743,L,CWS,MIL,False,4.2,5,21,92,3,4,2,1,0.1395,86
2026,2026-04-09,Anthony Kay,641743,L,CWS,KC,False,5.2,6,24,100,3,2,0,0,0.2432,444
2026,2026-04-22,Anthony Kay,641743,L,CWS,AZ,False,3.2,1,22,92,8,3,8,2,0.2156,835
2026,2026-04-27,Anthony Kay,641743,L,CWS,LAA,True,4.0,2,22,90,7,2,4,0,0.2533,1129
2026,2026-05-03,Anthony Kay,641743,L,CWS,SD,False,5.0,5,21,86,7,1,2,2,0.2211,1194
2026,2026-05-09,Anthony Kay,641743,L,CWS,SEA,True,5.0,5,20,88,3,2,0,0,0.243,1473
2026,2026-05-14,Anthony Kay,641743,L,CWS,KC,True,6.0,4,27,97,6,2,2,0,0.2202,1612
2026,2026-05-19,Anthony Kay,641743,L,CWS,SEA,False,5.1,5,22,89,1,3,1,0,0.2381,1856
2026,2026-05-25,Anthony Kay,641743,L,CWS,MIN,True,6.0,5,24,94,5,1,1,1,0.228,2022
2026,2026-05-30,Anthony Kay,641743,L,CWS,DET,True,5.0,3,22,84,6,1,1,1,0.2289,2176
2026,2026-06-05,Anthony Kay,641743,L,CWS,PHI,False,4.0,4,21,87,7,2,6,2,0.2242,2297
2026,2026-06-12,Anthony Kay,641743,L,CWS,LAD,True,5.0,7,22,89,4,1,2,0,0.2007,2661
2025,2025-06-23,Braxton Ashcraft,677952,R,PIT,MIL,False,3.0,2,10,35,1,0,0,0,0.2168,2952
2025,2025-08-09,Braxton Ashcraft,677952,R,PIT,CIN,True,3.1,5,15,56,3,1,1,0,0.2301,4386
2025,2025-08-15,Braxton Ashcraft,677952,R,PIT,CHC,False,5.0,4,18,61,3,0,1,0,0.2028,4601
2025,2025-08-22,Braxton Ashcraft,677952,R,PIT,COL,True,5.0,6,16,65,1,1,0,0,0.2523,4700
2025,2025-08-28,Braxton Ashcraft,677952,R,PIT,STL,False,5.2,5,21,73,4,1,1,0,0.2105,5032
2025,2025-09-03,Braxton Ashcraft,677952,R,PIT,LAD,True,3.0,4,15,71,2,4,0,0,0.2207,5274
2025,2025-09-15,Braxton Ashcraft,677952,R,PIT,CHC,True,4.0,4,19,70,6,2,3,1,0.2054,5673
2025,2025-09-25,Braxton Ashcraft,677952,R,PIT,CIN,False,4.1,5,21,72,8,1,2,0,0.2321,5934
2026,2026-03-30,Braxton Ashcraft,677952,R,PIT,CIN,False,6.0,3,25,87,4,4,2,0,0.2821,117
2026,2026-04-05,Braxton Ashcraft,677952,R,PIT,BAL,True,6.0,8,21,87,4,0,1,0,0.2492,301
2026,2026-04-11,Braxton Ashcraft,677952,R,PIT,CHC,False,5.0,9,20,77,4,1,1,0,0.2209,489
2026,2026-04-16,Braxton Ashcraft,677952,R,PIT,WSH,True,5.2,7,25,90,5,2,2,0,0.2014,705
2026,2026-04-22,Braxton Ashcraft,677952,R,PIT,TEX,False,7.0,5,25,94,4,2,2,1,0.2503,875
2026,2026-04-28,Braxton Ashcraft,677952,R,PIT,STL,True,4.1,7,22,87,6,3,6,2,0.215,1079
2026,2026-05-03,Braxton Ashcraft,677952,R,PIT,CIN,True,7.2,6,27,82,4,2,0,0,0.247,1243
2026,2026-05-09,Braxton Ashcraft,677952,R,PIT,SF,False,7.0,6,26,80,6,0,1,1,0.2185,1364
2026,2026-05-15,Braxton Ashcraft,677952,R,PIT,PHI,True,6.2,5,28,100,7,0,4,1,0.2162,1656
2026,2026-05-21,Braxton Ashcraft,677952,R,PIT,STL,False,7.0,9,27,98,4,2,1,1,0.2105,1843
2026,2026-05-26,Braxton Ashcraft,677952,R,PIT,CHC,True,6.1,5,29,95,7,1,1,0,0.2107,2107
2026,2026-05-31,Braxton Ashcraft,677952,R,PIT,MIN,True,6.0,11,22,80,5,0,2,1,0.2305,2243
2026,2026-06-06,Braxton Ashcraft,677952,R,PIT,ATL,False,5.0,5,25,86,9,0,6,1,0.2054,2429
2026,2026-06-12,Braxton Ashcraft,677952,R,PIT,MIA,True,5.0,4,22,90,5,2,2,0,0.2179,2574
2024,2024-08-07,Eduardo Rodriguez,593958,L,AZ,CLE,False,5.2,1,23,65,4,2,3,2,0.1965,4142
2024,2024-08-13,Eduardo Rodriguez,593958,L,AZ,COL,True,5.0,5,22,83,6,1,3,0,0.2611,4497
2024,2024-08-20,Eduardo Rodriguez,593958,L,AZ,MIA,False,5.1,5,23,100,6,1,1,0,0.2316,4628
2024,2024-08-28,Eduardo Rodriguez,593958,L,AZ,NYM,True,5.1,5,22,89,5,1,5,1,0.2215,5065
2024,2024-09-02,Eduardo Rodriguez,593958,L,AZ,LAD,True,4.0,1,20,92,7,2,3,1,0.2179,5274
2024,2024-09-07,Eduardo Rodriguez,593958,L,AZ,HOU,False,4.0,1,23,88,7,3,4,0,0.195,5319
2024,2024-09-13,Eduardo Rodriguez,593958,L,AZ,MIL,True,5.0,7,22,90,5,3,2,1,0.2317,5571
2024,2024-09-18,Eduardo Rodriguez,593958,L,AZ,COL,False,6.1,11,25,94,5,1,2,0,0.2643,5660
2024,2024-09-23,Eduardo Rodriguez,593958,L,AZ,SF,True,4.2,8,24,103,7,3,5,3,0.2388,5834
2024,2024-09-28,Eduardo Rodriguez,593958,L,AZ,SD,True,4.2,3,20,62,4,2,0,0,0.1755,6033
2025,2025-03-30,Eduardo Rodriguez,593958,L,AZ,CHC,True,5.1,5,21,85,3,3,3,2,0.2344,192
2025,2025-04-05,Eduardo Rodriguez,593958,L,AZ,WSH,False,5.0,12,20,90,5,1,4,0,0.292,250
2025,2025-04-11,Eduardo Rodriguez,593958,L,AZ,MIL,True,6.1,3,27,95,6,2,2,0,0.2359,496
2025,2025-04-17,Eduardo Rodriguez,593958,L,AZ,MIA,False,5.1,9,28,93,10,0,1,0,0.2427,655
2025,2025-04-23,Eduardo Rodriguez,593958,L,AZ,TB,True,6.2,5,27,92,6,1,4,1,0.2161,833
2025,2025-04-29,Eduardo Rodriguez,593958,L,AZ,NYM,False,4.0,1,22,69,9,1,8,3,0.1973,1095
2025,2025-05-04,Eduardo Rodriguez,593958,L,AZ,PHI,False,5.1,10,25,101,5,4,3,1,0.2044,1262
2025,2025-05-09,Eduardo Rodriguez,593958,L,AZ,LAD,True,2.2,3,21,76,9,3,6,1,0.2234,1450
2025,2025-05-14,Eduardo Rodriguez,593958,L,AZ,SF,False,4.0,4,20,76,5,3,4,0,0.2305,1601
2025,2025-06-06,Eduardo Rodriguez,593958,L,AZ,CIN,False,5.0,3,21,72,6,0,2,1,0.2368,2365
2025,2025-06-11,Eduardo Rodriguez,593958,L,AZ,SEA,True,6.1,5,25,81,6,1,2,1,0.2328,2552
2025,2025-06-18,Eduardo Rodriguez,593958,L,AZ,TOR,False,4.2,4,23,98,6,3,1,1,0.1811,2728
2025,2025-06-23,Eduardo Rodriguez,593958,L,AZ,CWS,False,6.0,10,24,92,5,2,0,0,0.2388,2860
2025,2025-06-29,Eduardo Rodriguez,593958,L,AZ,MIA,True,5.1,6,24,108,4,3,1,0,0.2141,3088
2025,2025-07-04,Eduardo Rodriguez,593958,L,AZ,KC,True,4.1,7,26,98,12,0,8,3,0.1874,3233
2025,2025-07-10,Eduardo Rodriguez,593958,L,AZ,SD,False,4.0,3,22,87,8,2,4,2,0.1897,3422
2025,2025-07-22,Eduardo Rodriguez,593958,L,AZ,HOU,True,6.1,3,27,90,6,3,0,0,0.2105,3762
2025,2025-07-28,Eduardo Rodriguez,593958,L,AZ,DET,False,6.0,5,27,95,8,2,5,2,0.2351,4023
2025,2025-08-03,Eduardo Rodriguez,593958,L,AZ,ATH,False,5.0,5,23,92,6,3,2,0,0.2255,4274
2025,2025-08-09,Eduardo Rodriguez,593958,L,AZ,COL,True,5.1,2,27,82,6,5,5,1,0.2601,4225
2025,2025-08-14,Eduardo Rodriguez,593958,L,AZ,COL,False,7.0,6,27,93,6,1,1,1,0.2565,4409
2025,2025-08-19,Eduardo Rodriguez,593958,L,AZ,CLE,True,6.2,4,28,96,5,3,4,1,0.2213,4572
2025,2025-08-25,Eduardo Rodriguez,593958,L,AZ,MIL,False,2.1,1,14,65,6,1,5,0,0.2042,5024
2025,2025-08-30,Eduardo Rodriguez,593958,L,AZ,LAD,False,6.0,4,24,96,4,4,0,0,0.221,5163
2025,2025-09-05,Eduardo Rodriguez,593958,L,AZ,BOS,True,6.0,4,23,96,4,2,1,0,0.2302,5409
2025,2025-09-10,Eduardo Rodriguez,593958,L,AZ,SF,False,6.1,6,23,98,2,2,0,0,0.2258,5444
2025,2025-09-16,Eduardo Rodriguez,593958,L,AZ,SF,True,5.0,2,23,83,8,1,5,1,0.2267,5624
2025,2025-09-21,Eduardo Rodriguez,593958,L,AZ,PHI,True,6.0,5,27,95,6,3,0,0,0.2139,5906
2025,2025-09-27,Eduardo Rodriguez,593958,L,AZ,SD,False,6.0,6,25,95,6,1,5,3,0.1904,6013
2026,2026-03-28,Eduardo Rodriguez,593958,L,AZ,LAD,False,5.0,5,20,79,4,2,0,0,0.1268,71
2026,2026-04-03,Eduardo Rodriguez,593958,L,AZ,ATL,True,7.0,3,26,90,4,1,0,0,0.1835,267
2026,2026-04-09,Eduardo Rodriguez,593958,L,AZ,NYM,False,6.0,3,25,102,5,2,1,1,0.2037,481
2026,2026-04-15,Eduardo Rodriguez,593958,L,AZ,BAL,False,5.0,3,25,98,6,4,4,1,0.2399,642
2026,2026-04-22,Eduardo Rodriguez,593958,L,AZ,CWS,True,5.0,4,24,96,6,3,4,2,0.2471,874
2026,2026-04-29,Eduardo Rodriguez,593958,L,AZ,MIL,False,4.2,4,23,87,5,4,2,0,0.209,1086
2026,2026-05-05,Eduardo Rodriguez,593958,L,AZ,PIT,True,7.0,7,26,103,2,3,0,0,0.2358,1387
2026,2026-05-10,Eduardo Rodriguez,593958,L,AZ,NYM,True,8.1,4,31,100,4,3,1,0,0.2118,1440
2026,2026-05-16,Eduardo Rodriguez,593958,L,AZ,COL,False,5.1,6,23,91,9,0,3,0,0.2524,1688
2026,2026-05-21,Eduardo Rodriguez,593958,L,AZ,COL,True,7.0,4,24,99,4,1,0,0,0.2492,1870
2026,2026-05-26,Eduardo Rodriguez,593958,L,AZ,SF,False,6.0,6,25,94,6,2,2,1,0.2107,1993
2026,2026-06-01,Eduardo Rodriguez,593958,L,AZ,LAD,True,6.0,3,24,96,5,1,1,0,0.2023,2259
2026,2026-06-06,Eduardo Rodriguez,593958,L,AZ,WSH,True,6.1,5,25,92,6,1,4,2,0.2133,2490
2026,2026-06-12,Eduardo Rodriguez,593958,L,AZ,CIN,False,2.2,3,15,85,2,5,1,1,0.2441,2565
2024,2024-03-30,Griffin Canning,656288,R,LAA,BAL,False,5.0,2,23,96,7,1,5,1,0.223,0
2024,2024-04-05,Griffin Canning,656288,R,LAA,BOS,True,4.2,4,23,91,5,3,4,3,0.2599,277
2024,2024-04-13,Griffin Canning,656288,R,LAA,BOS,False,4.0,6,20,70,9,0,6,1,0.2673,535
2024,2024-04-18,Griffin Canning,656288,R,LAA,TB,False,5.1,4,22,84,4,1,2,0,0.2293,711
2024,2024-04-23,Griffin Canning,656288,R,LAA,BAL,True,5.0,4,22,85,5,2,3,0,0.2061,849
2024,2024-04-29,Griffin Canning,656288,R,LAA,PHI,True,5.0,1,22,86,3,5,4,0,0.2215,1088
2024,2024-05-05,Griffin Canning,656288,R,LAA,CLE,False,6.0,5,23,87,4,1,2,1,0.1986,1264
2024,2024-05-10,Griffin Canning,656288,R,LAA,KC,True,5.2,3,22,90,3,2,0,0,0.1863,1428
2024,2024-05-15,Griffin Canning,656288,R,LAA,STL,True,6.0,5,25,99,5,3,1,1,0.2284,1589
2024,2024-05-21,Griffin Canning,656288,R,LAA,HOU,False,5.0,2,21,89,5,3,2,2,0.1751,1839
2024,2024-05-28,Griffin Canning,656288,R,LAA,NYY,True,5.0,5,26,90,9,2,3,1,0.2023,2086
2024,2024-06-02,Griffin Canning,656288,R,LAA,SEA,False,6.2,4,26,93,4,1,1,1,0.2779,2177
2024,2024-06-07,Griffin Canning,656288,R,LAA,HOU,True,6.1,2,28,80,7,2,3,0,0.1805,2382
2024,2024-06-13,Griffin Canning,656288,R,LAA,AZ,False,6.0,3,24,97,4,1,4,2,0.2092,2591
2024,2024-06-18,Griffin Canning,656288,R,LAA,MIL,True,5.0,4,24,100,8,2,4,1,0.2304,2756
2024,2024-06-24,Griffin Canning,656288,R,LAA,ATH,True,7.0,5,25,97,5,1,1,1,0.2645,2957
2024,2024-06-29,Griffin Canning,656288,R,LAA,DET,True,6.0,4,28,102,6,2,4,1,0.2354,3037
2024,2024-07-05,Griffin Canning,656288,R,LAA,CHC,False,4.1,4,21,89,6,2,4,1,0.2398,3299
2024,2024-07-10,Griffin Canning,656288,R,LAA,TEX,True,4.1,3,21,78,7,2,2,1,0.2056,3448
2024,2024-07-19,Griffin Canning,656288,R,LAA,ATH,False,3.1,3,18,62,6,2,6,1,0.2606,3642
2024,2024-07-24,Griffin Canning,656288,R,LAA,SEA,False,5.0,6,21,94,4,3,1,1,0.2803,3774
2024,2024-07-30,Griffin Canning,656288,R,LAA,COL,True,6.0,6,26,97,6,2,6,1,0.2584,4013
2024,2024-08-04,Griffin Canning,656288,R,LAA,NYM,True,5.0,8,22,97,3,4,1,0,0.2151,4236
2024,2024-08-10,Griffin Canning,656288,R,LAA,WSH,False,7.0,0,25,88,8,0,4,1,0.206,4339
2024,2024-08-17,Griffin Canning,656288,R,LAA,ATL,True,4.1,3,21,94,8,1,7,2,0.2463,4551
2024,2024-08-28,Griffin Canning,656288,R,LAA,DET,False,5.0,4,22,93,5,4,3,1,0.2372,4937
2024,2024-09-04,Griffin Canning,656288,R,LAA,LAD,True,6.2,7,26,98,4,4,1,0,0.2183,5360
2024,2024-09-10,Griffin Canning,656288,R,LAA,MIN,False,5.2,4,29,105,9,3,9,3,0.2157,5428
2024,2024-09-17,Griffin Canning,656288,R,LAA,CWS,True,6.0,6,21,88,3,2,0,0,0.2393,5457
2024,2024-09-22,Griffin Canning,656288,R,LAA,HOU,False,4.1,3,22,87,6,3,4,2,0.1918,5880
2024,2024-09-28,Griffin Canning,656288,R,LAA,TEX,True,5.0,4,20,89,4,2,2,1,0.2134,5966
2025,2025-03-29,Griffin Canning,656288,R,NYM,HOU,False,5.2,4,21,87,4,2,2,1,0.2429,70
2025,2025-04-05,Griffin Canning,656288,R,NYM,TOR,True,4.0,6,19,89,4,3,1,0,0.1986,292
2025,2025-04-11,Griffin Canning,656288,R,NYM,ATH,False,5.1,3,25,86,7,3,4,1,0.1906,488
2025,2025-04-17,Griffin Canning,656288,R,NYM,STL,True,6.0,8,23,102,3,2,1,0,0.1953,717
2025,2025-04-22,Griffin Canning,656288,R,NYM,PHI,True,5.0,5,23,84,7,1,1,0,0.2163,883
2025,2025-04-28,Griffin Canning,656288,R,NYM,WSH,False,5.0,5,21,90,4,3,0,0,0.2083,1018
2025,2025-05-05,Griffin Canning,656288,R,NYM,AZ,False,5.0,6,21,82,6,1,1,1,0.1994,1324
2025,2025-05-11,Griffin Canning,656288,R,NYM,CHC,True,6.0,5,21,92,2,1,1,1,0.2069,1585
2025,2025-05-17,Griffin Canning,656288,R,NYM,NYY,False,5.1,4,24,92,7,1,2,2,0.2297,1733
2025,2025-05-23,Griffin Canning,656288,R,NYM,LAD,True,2.2,1,12,54,1,4,3,0,0.2121,1928
2025,2025-05-28,Griffin Canning,656288,R,NYM,CWS,True,3.0,3,19,80,4,4,3,0,0.2326,1995
2025,2025-06-04,Griffin Canning,656288,R,NYM,LAD,False,6.0,7,22,99,3,1,0,0,0.2131,2370
2025,2025-06-10,Griffin Canning,656288,R,NYM,WSH,True,5.1,4,23,87,7,2,4,2,0.2078,2387
2025,2025-06-15,Griffin Canning,656288,R,NYM,TB,True,4.1,2,21,89,4,5,6,0,0.2263,2607
2025,2025-06-21,Griffin Canning,656288,R,NYM,PHI,False,5.0,4,24,94,6,2,3,0,0.2036,2908
2025,2025-06-26,Griffin Canning,656288,R,NYM,ATL,True,2.2,3,9,36,1,0,0,0,0.2226,3010
2026,2026-05-03,Griffin Canning,656288,R,SD,CWS,True,5.0,7,19,73,3,3,1,1,0.2409,1262
2026,2026-05-08,Griffin Canning,656288,R,SD,STL,True,4.1,5,22,83,7,2,6,0,0.217,1424
2026,2026-05-14,Griffin Canning,656288,R,SD,MIL,False,1.2,2,14,64,5,4,6,0,0.2049,1552
2026,2026-05-19,Griffin Canning,656288,R,SD,LAD,True,5.0,5,20,72,4,1,3,1,0.2079,1842
2026,2026-05-25,Griffin Canning,656288,R,SD,PHI,True,6.2,5,24,97,3,3,3,2,0.2233,1988
2026,2026-05-31,Griffin Canning,656288,R,SD,WSH,False,5.0,3,21,77,6,2,3,2,0.2136,2303
2026,2026-06-06,Griffin Canning,656288,R,SD,NYM,True,5.0,6,19,86,3,2,1,0,0.2195,2337
2026,2026-06-12,Griffin Canning,656288,R,SD,BAL,False,5.0,6,24,93,6,5,7,2,0.2344,2662
2024,2024-04-18,Jack Leiter,683004,R,TEX,DET,False,3.2,3,22,85,8,3,7,0,0.2507,682
2024,2024-05-08,Jack Leiter,683004,R,TEX,ATH,False,4.0,3,20,60,7,0,4,2,0.2526,1358
2024,2024-05-14,Jack Leiter,683004,R,TEX,CLE,True,1.2,1,13,64,3,3,6,1,0.2033,1579
2024,2024-08-28,Jack Leiter,683004,R,TEX,CWS,False,4.0,4,21,83,6,2,2,0,0.2405,4802
2024,2024-09-02,Jack Leiter,683004,R,TEX,NYY,True,5.0,2,21,80,7,0,5,0,0.2085,5285
2024,2024-09-07,Jack Leiter,683004,R,TEX,LAA,True,5.0,6,20,86,2,2,3,1,0.2316,5181
2025,2025-03-28,Jack Leiter,683004,R,TEX,BOS,True,5.0,4,20,82,5,1,1,0,0.2536,0
2025,2025-04-02,Jack Leiter,683004,R,TEX,CIN,False,5.0,6,16,70,1,0,0,0,0.2147,177
2025,2025-04-27,Jack Leiter,683004,R,TEX,SF,False,3.1,3,16,76,2,4,2,0,0.2317,1053
2025,2025-05-02,Jack Leiter,683004,R,TEX,SEA,True,4.1,2,23,89,8,2,6,2,0.2291,1170
2025,2025-05-08,Jack Leiter,683004,R,TEX,BOS,False,5.1,3,24,90,3,4,4,0,0.2312,1475
2025,2025-05-13,Jack Leiter,683004,R,TEX,COL,True,6.0,5,22,89,2,3,1,0,0.2645,1497
2025,2025-05-18,Jack Leiter,683004,R,TEX,HOU,True,7.0,4,25,87,3,2,3,1,0.2093,1672
2025,2025-05-24,Jack Leiter,683004,R,TEX,CWS,False,5.0,3,26,94,6,5,2,1,0.2351,1833
2025,2025-05-30,Jack Leiter,683004,R,TEX,STL,True,5.2,6,22,96,3,2,0,0,0.2039,2138
2025,2025-06-05,Jack Leiter,683004,R,TEX,TB,False,5.0,6,19,80,3,1,1,1,0.2278,2256
2025,2025-06-11,Jack Leiter,683004,R,TEX,MIN,False,4.0,3,19,87,5,4,4,1,0.2181,2476
2025,2025-06-17,Jack Leiter,683004,R,TEX,KC,True,5.2,4,27,94,8,2,6,3,0.187,2652
2025,2025-06-22,Jack Leiter,683004,R,TEX,PIT,False,4.0,2,19,88,5,2,3,0,0.2351,2884
2025,2025-06-29,Jack Leiter,683004,R,TEX,SEA,True,6.0,7,26,88,7,0,1,0,0.2275,3183
2025,2025-07-06,Jack Leiter,683004,R,TEX,SD,False,3.2,5,18,85,5,2,2,0,0.1892,3287
2025,2025-07-11,Jack Leiter,683004,R,TEX,HOU,False,5.1,6,24,87,5,4,3,1,0.2072,3485
2025,2025-07-21,Jack Leiter,683004,R,TEX,ATH,True,6.0,7,27,95,4,4,2,1,0.2269,3816
2025,2025-07-27,Jack Leiter,683004,R,TEX,ATL,True,6.0,7,23,100,2,3,1,0,0.2286,3919
2025,2025-08-01,Jack Leiter,683004,R,TEX,SEA,False,4.1,7,19,92,3,3,2,0,0.2298,4235
2025,2025-08-06,Jack Leiter,683004,R,TEX,NYY,True,3.1,3,17,68,3,4,1,0,0.2284,4388
2025,2025-08-12,Jack Leiter,683004,R,TEX,AZ,True,5.0,3,22,91,4,2,1,1,0.2053,4565
2025,2025-08-18,Jack Leiter,683004,R,TEX,KC,False,3.2,5,20,81,6,3,3,2,0.1861,4584
2025,2025-08-23,Jack Leiter,683004,R,TEX,CLE,True,7.0,10,23,93,2,0,0,0,0.2219,4686
2025,2025-08-29,Jack Leiter,683004,R,TEX,ATH,False,6.0,7,24,97,5,2,2,0,0.2272,5137
2025,2025-09-03,Jack Leiter,683004,R,TEX,AZ,False,6.0,8,23,99,3,3,2,0,0.2116,5359
2025,2025-09-09,Jack Leiter,683004,R,TEX,MIL,True,4.2,4,22,89,7,2,3,0,0.2034,5565
2025,2025-09-15,Jack Leiter,683004,R,TEX,HOU,False,6.2,4,28,102,5,1,3,1,0.2123,5652
2025,2025-09-20,Jack Leiter,683004,R,TEX,MIA,True,5.2,4,26,94,8,1,4,2,0.2028,5852
2025,2025-09-26,Jack Leiter,683004,R,TEX,CLE,False,7.0,10,26,101,4,1,2,1,0.2257,5832
2026,2026-03-30,Jack Leiter,683004,R,TEX,BAL,False,6.0,8,24,92,5,1,2,1,0.2661,109
2026,2026-04-05,Jack Leiter,683004,R,TEX,CIN,True,5.0,9,20,85,4,1,1,0,0.2642,299
2026,2026-04-11,Jack Leiter,683004,R,TEX,LAD,False,3.2,4,19,93,5,4,5,2,0.2129,512
2026,2026-04-16,Jack Leiter,683004,R,TEX,ATH,False,5.2,3,27,105,7,3,3,0,0.2746,670
2026,2026-04-22,Jack Leiter,683004,R,TEX,PIT,True,5.0,5,22,84,5,2,3,0,0.2301,917
2026,2026-04-27,Jack Leiter,683004,R,TEX,NYY,True,6.0,4,26,93,8,1,4,3,0.243,1066
2026,2026-05-03,Jack Leiter,683004,R,TEX,DET,False,6.2,10,26,100,5,1,5,1,0.2133,1289
2026,2026-05-09,Jack Leiter,683004,R,TEX,CHC,True,4.2,6,23,97,4,5,0,0,0.1983,1553
2026,2026-05-15,Jack Leiter,683004,R,TEX,HOU,False,7.0,6,27,98,3,3,1,1,0.2079,1727
2026,2026-05-20,Jack Leiter,683004,R,TEX,COL,False,5.0,5,24,83,7,2,4,0,0.2482,1833
2026,2026-05-26,Jack Leiter,683004,R,TEX,HOU,True,6.0,4,26,95,4,3,4,1,0.2118,2082
2026,2026-05-31,Jack Leiter,683004,R,TEX,KC,True,5.2,10,23,101,3,2,0,0,0.2136,2158
2026,2026-06-06,Jack Leiter,683004,R,TEX,CLE,True,4.2,2,23,92,6,3,5,2,0.2067,2429
2026,2026-06-12,Jack Leiter,683004,R,TEX,BOS,False,5.0,3,25,103,8,2,5,1,0.2215,2474
2025,2025-06-12,Jacob Misiorowski,694819,R,MIL,STL,True,5.0,5,18,81,0,4,0,0,0.2039,2590
2025,2025-06-20,Jacob Misiorowski,694819,R,MIL,MIN,False,6.0,6,20,86,1,1,2,1,0.2224,2770
2025,2025-06-25,Jacob Misiorowski,694819,R,MIL,PIT,True,5.0,8,18,74,2,2,0,0,0.236,3000
2025,2025-07-02,Jacob Misiorowski,694819,R,MIL,NYM,False,3.2,2,19,72,5,3,5,2,0.208,3217
2025,2025-07-08,Jacob Misiorowski,694819,R,MIL,LAD,True,6.0,12,23,91,4,1,1,1,0.212,3548
2025,2025-07-22,Jacob Misiorowski,694819,R,MIL,SEA,False,3.2,7,14,64,3,1,0,0,0.2282,3883
2025,2025-07-28,Jacob Misiorowski,694819,R,MIL,CHC,True,4.0,7,17,80,3,2,2,0,0.2005,4049
2025,2025-08-15,Jacob Misiorowski,694819,R,MIL,CIN,False,1.1,3,11,54,4,3,5,0,0.2291,4578
2025,2025-08-20,Jacob Misiorowski,694819,R,MIL,CHC,False,4.0,5,16,78,1,3,3,0,0.203,4808
2025,2025-08-26,Jacob Misiorowski,694819,R,MIL,AZ,True,5.0,10,20,93,4,1,3,1,0.2099,5060
2025,2025-09-01,Jacob Misiorowski,694819,R,MIL,PHI,True,4.1,4,19,73,6,1,3,1,0.2117,5209
2025,2025-09-07,Jacob Misiorowski,694819,R,MIL,PIT,False,7.0,8,25,108,3,2,1,0,0.2351,5295
2025,2025-09-13,Jacob Misiorowski,694819,R,MIL,STL,True,5.0,4,23,75,7,1,4,2,0.2155,5541
2025,2025-09-19,Jacob Misiorowski,694819,R,MIL,STL,False,3.2,3,17,77,5,3,2,0,0.2163,5733
2026,2026-03-26,Jacob Misiorowski,694819,R,MIL,CWS,True,5.0,11,20,94,2,3,1,1,0.2278,0
2026,2026-04-01,Jacob Misiorowski,694819,R,MIL,TB,True,6.0,7,25,94,4,2,2,1,0.1971,208
2026,2026-04-07,Jacob Misiorowski,694819,R,MIL,BOS,False,5.1,10,22,101,2,4,3,0,0.258,376
2026,2026-04-14,Jacob Misiorowski,694819,R,MIL,TOR,True,5.1,5,21,76,5,0,2,2,0.1812,574
2026,2026-04-19,Jacob Misiorowski,694819,R,MIL,MIA,False,5.0,9,23,97,4,3,1,0,0.2076,790
2026,2026-04-25,Jacob Misiorowski,694819,R,MIL,PIT,True,6.0,9,26,91,6,1,3,0,0.2308,1031
2026,2026-05-01,Jacob Misiorowski,694819,R,MIL,WSH,False,5.1,8,18,85,0,2,0,0,0.2213,1261
2026,2026-05-08,Jacob Misiorowski,694819,R,MIL,NYY,True,6.0,11,22,95,2,2,0,0,0.2245,1443
2026,2026-05-13,Jacob Misiorowski,694819,R,MIL,SD,True,7.0,10,25,93,4,0,0,0,0.2296,1507
2026,2026-05-19,Jacob Misiorowski,694819,R,MIL,CHC,False,6.0,8,22,74,3,1,0,0,0.2061,1897
2026,2026-05-25,Jacob Misiorowski,694819,R,MIL,STL,True,7.0,12,24,96,2,1,1,0,0.2089,1972
2026,2026-05-31,Jacob Misiorowski,694819,R,MIL,HOU,False,7.0,8,25,88,3,0,0,0,0.211,2275
2026,2026-06-06,Jacob Misiorowski,694819,R,MIL,COL,False,7.0,8,29,98,4,3,0,0,0.2378,2426
2026,2026-06-12,Jacob Misiorowski,694819,R,MIL,PHI,True,9.0,15,27,95,1,0,0,0,0.2288,2526
2024,2024-03-30,Joe Ryan,657746,R,MIN,KC,False,5.1,5,20,81,3,1,1,0,0.223,0
2024,2024-04-06,Joe Ryan,657746,R,MIN,CLE,True,6.0,7,24,90,5,0,3,1,0.1662,325
2024,2024-04-13,Joe Ryan,657746,R,MIN,DET,False,6.0,12,26,96,6,1,1,1,0.2424,462
2024,2024-04-19,Joe Ryan,657746,R,MIN,DET,True,5.1,6,23,93,7,1,3,0,0.2452,726
2024,2024-04-24,Joe Ryan,657746,R,MIN,CWS,True,6.0,8,23,92,4,1,3,2,0.2515,807
2024,2024-04-29,Joe Ryan,657746,R,MIN,CWS,False,6.0,3,23,86,6,1,2,0,0.2465,998
2024,2024-05-05,Joe Ryan,657746,R,MIN,BOS,True,6.0,5,23,95,4,1,3,1,0.2604,1302
2024,2024-05-10,Joe Ryan,657746,R,MIN,TOR,False,7.0,7,27,104,6,0,1,1,0.2022,1350
2024,2024-05-16,Joe Ryan,657746,R,MIN,NYY,True,5.1,5,23,93,6,1,4,1,0.1969,1681
2024,2024-05-21,Joe Ryan,657746,R,MIN,WSH,False,7.0,6,25,95,3,2,0,0,0.2196,1726
2024,2024-05-27,Joe Ryan,657746,R,MIN,KC,True,7.0,9,25,99,4,0,1,0,0.1874,1996
2024,2024-06-01,Joe Ryan,657746,R,MIN,HOU,False,5.0,4,23,95,8,2,5,4,0.1788,2203
2024,2024-06-07,Joe Ryan,657746,R,MIN,PIT,False,7.0,8,25,92,2,2,2,1,0.2513,2384
2024,2024-06-13,Joe Ryan,657746,R,MIN,ATH,True,7.0,5,25,95,3,1,2,1,0.2655,2595
2024,2024-06-19,Joe Ryan,657746,R,MIN,TB,True,6.0,5,24,94,6,1,1,1,0.2425,2722
2024,2024-06-25,Joe Ryan,657746,R,MIN,AZ,False,6.0,5,24,86,6,0,4,1,0.208,2961
2024,2024-06-30,Joe Ryan,657746,R,MIN,SEA,False,5.2,10,27,99,6,0,1,0,0.2788,3106
2024,2024-07-06,Joe Ryan,657746,R,MIN,HOU,True,5.2,8,24,110,5,1,3,1,0.1806,3356
2024,2024-07-12,Joe Ryan,657746,R,MIN,SF,False,5.1,6,25,98,6,3,5,0,0.2193,3562
2024,2024-07-21,Joe Ryan,657746,R,MIN,MIL,True,6.0,6,25,88,7,0,4,1,0.2278,3766
2024,2024-07-27,Joe Ryan,657746,R,MIN,DET,False,6.0,8,23,89,3,1,2,0,0.2326,3900
2024,2024-08-02,Joe Ryan,657746,R,MIN,CWS,True,6.1,7,24,103,3,3,2,1,0.2412,4001
2024,2024-08-07,Joe Ryan,657746,R,MIN,CHC,False,2.0,2,7,33,1,0,1,1,0.2323,4335
2025,2025-03-29,Joe Ryan,657746,R,MIN,STL,False,5.0,5,21,81,5,0,1,0,0.2156,0
2025,2025-04-03,Joe Ryan,657746,R,MIN,HOU,True,5.0,6,21,83,5,0,4,2,0.2634,205
2025,2025-04-09,Joe Ryan,657746,R,MIN,KC,False,7.0,4,22,85,2,0,0,0,0.2054,409
2025,2025-04-14,Joe Ryan,657746,R,MIN,NYM,True,5.0,8,20,101,3,2,1,0,0.1968,559
2025,2025-04-20,Joe Ryan,657746,R,MIN,ATL,False,5.0,5,25,93,8,1,6,3,0.2601,742
2025,2025-04-27,Joe Ryan,657746,R,MIN,LAA,True,7.0,11,25,98,4,1,0,0,0.2668,937
2025,2025-05-02,Joe Ryan,657746,R,MIN,BOS,False,6.0,8,24,92,4,1,1,1,0.2345,1292
2025,2025-05-10,Joe Ryan,657746,R,MIN,SF,True,6.0,7,20,76,2,0,1,1,0.23,1452
2025,2025-05-16,Joe Ryan,657746,R,MIN,MIL,False,6.0,9,22,99,2,1,0,0,0.2149,1643
2025,2025-05-27,Joe Ryan,657746,R,MIN,TB,False,6.0,5,23,85,5,1,1,0,0.2224,1960
2025,2025-06-02,Joe Ryan,657746,R,MIN,ATH,False,5.0,4,26,97,6,3,4,1,0.2113,2281
2025,2025-06-08,Joe Ryan,657746,R,MIN,TOR,True,5.0,6,22,92,4,3,2,0,0.1805,2426
2025,2025-06-14,Joe Ryan,657746,R,MIN,HOU,False,7.0,7,25,93,2,2,2,1,0.206,2553
2025,2025-06-20,Joe Ryan,657746,R,MIN,MIL,True,5.1,7,20,101,3,3,3,0,0.2203,2814
2025,2025-06-25,Joe Ryan,657746,R,MIN,SEA,True,6.0,8,22,93,3,0,0,0,0.2278,3025
2025,2025-07-01,Joe Ryan,657746,R,MIN,MIA,False,7.0,4,26,88,5,0,1,1,0.2143,3131
2025,2025-07-06,Joe Ryan,657746,R,MIN,TB,True,6.0,8,23,97,6,1,2,1,0.2209,3337
2025,2025-07-11,Joe Ryan,657746,R,MIN,PIT,True,5.0,5,22,86,5,2,1,0,0.2373,3460
2025,2025-07-20,Joe Ryan,657746,R,MIN,COL,False,7.0,11,24,88,5,0,1,1,0.264,3602
2025,2025-07-26,Joe Ryan,657746,R,MIN,WSH,True,5.0,5,22,87,6,1,4,1,0.2057,3835
2025,2025-08-01,Joe Ryan,657746,R,MIN,CLE,False,6.0,4,24,98,5,1,2,0,0.2219,3980
2025,2025-08-08,Joe Ryan,657746,R,MIN,KC,True,5.0,5,19,87,4,0,1,1,0.1869,4242
2025,2025-08-13,Joe Ryan,657746,R,MIN,NYY,False,6.2,7,26,102,4,2,1,1,0.2259,4613
2025,2025-08-19,Joe Ryan,657746,R,MIN,ATH,True,4.0,6,20,87,7,1,5,1,0.2243,4784
2025,2025-08-25,Joe Ryan,657746,R,MIN,TOR,False,5.0,7,23,93,7,1,6,2,0.1744,5029
2025,2025-08-31,Joe Ryan,657746,R,MIN,SD,True,7.0,8,28,104,5,1,0,0,0.1864,5114
2025,2025-09-06,Joe Ryan,657746,R,MIN,KC,False,2.0,2,14,62,4,4,5,1,0.1837,5192
2025,2025-09-13,Joe Ryan,657746,R,MIN,AZ,True,4.0,4,18,93,4,2,2,1,0.2114,5658
2025,2025-09-20,Joe Ryan,657746,R,MIN,CLE,True,5.0,5,22,75,6,2,4,4,0.2259,5617
2025,2025-09-26,Joe Ryan,657746,R,MIN,PHI,False,5.0,9,21,90,4,1,1,1,0.2145,6065
2026,2026-03-26,Joe Ryan,657746,R,MIN,BAL,False,5.1,7,19,85,1,2,0,0,0.242,0
2026,2026-04-01,Joe Ryan,657746,R,MIN,KC,False,4.0,3,20,77,9,0,5,0,0.2246,138
2026,2026-04-06,Joe Ryan,657746,R,MIN,DET,True,5.0,7,22,101,3,3,2,0,0.2396,338
2026,2026-04-11,Joe Ryan,657746,R,MIN,TOR,False,7.0,5,24,91,2,1,2,1,0.1804,499
2026,2026-04-17,Joe Ryan,657746,R,MIN,CIN,True,6.0,6,22,94,3,0,1,0,0.2493,706
2026,2026-04-23,Joe Ryan,657746,R,MIN,NYM,False,5.0,5,25,92,7,2,4,2,0.2168,895
2026,2026-04-28,Joe Ryan,657746,R,MIN,SEA,True,6.0,6,23,88,6,1,2,0,0.2386,1136
2026,2026-05-03,Joe Ryan,657746,R,MIN,TOR,True,0.1,1,2,9,0,1,0,0,0.1767,1234
2026,2026-05-09,Joe Ryan,657746,R,MIN,CLE,False,6.0,5,24,107,2,3,1,0,0.2025,1496
2026,2026-05-15,Joe Ryan,657746,R,MIN,MIL,True,6.0,7,22,90,4,1,1,0,0.2067,1592
2026,2026-05-20,Joe Ryan,657746,R,MIN,HOU,True,6.0,9,22,99,4,0,1,0,0.2091,1894
2026,2026-05-26,Joe Ryan,657746,R,MIN,CWS,False,7.2,9,30,98,5,0,2,1,0.2448,2010
2026,2026-06-01,Joe Ryan,657746,R,MIN,CWS,True,6.0,9,27,98,8,0,4,2,0.2398,2235
2026,2026-06-06,Joe Ryan,657746,R,MIN,KC,True,6.0,5,26,102,6,2,1,1,0.2137,2410
2026,2026-06-12,Joe Ryan,657746,R,MIN,STL,True,6.0,8,24,102,6,0,3,1,0.2108,2528
2025,2025-09-28,Kyle Leahy,681517,R,STL,CHC,False,3.0,1,9,39,1,0,0,0,0.2068,6133
2026,2026-03-30,Kyle Leahy,681517,R,STL,NYM,True,5.0,1,24,79,8,2,4,0,0.2698,126
2026,2026-04-05,Kyle Leahy,681517,R,STL,DET,False,5.0,4,23,97,5,3,2,1,0.245,298
2026,2026-04-11,Kyle Leahy,681517,R,STL,BOS,True,4.0,2,17,71,3,3,2,0,0.2516,481
2026,2026-04-17,Kyle Leahy,681517,R,STL,HOU,False,5.0,6,22,83,5,0,3,3,0.1995,787
2026,2026-04-22,Kyle Leahy,681517,R,STL,MIA,False,5.0,2,25,89,8,3,4,0,0.2106,902
2026,2026-04-28,Kyle Leahy,681517,R,STL,PIT,False,5.1,7,23,82,9,0,3,2,0.2439,1140
2026,2026-05-04,Kyle Leahy,681517,R,STL,MIL,True,5.1,5,25,94,6,2,1,0,0.2037,1286
2026,2026-05-10,Kyle Leahy,681517,R,STL,SD,False,5.0,5,21,95,2,4,0,0,0.2236,1431
2026,2026-05-16,Kyle Leahy,681517,R,STL,KC,True,6.0,2,25,90,5,3,1,0,0.2165,1695
2026,2026-05-23,Kyle Leahy,681517,R,STL,CIN,False,5.0,8,24,87,7,2,5,2,0.2384,1900
2026,2026-05-30,Kyle Leahy,681517,R,STL,CHC,True,4.1,4,21,78,6,0,1,0,0.2129,2278
2026,2026-06-05,Kyle Leahy,681517,R,STL,CIN,True,4.0,1,19,79,5,2,3,0,0.2468,2322
2026,2026-06-12,Kyle Leahy,681517,R,STL,MIN,False,5.0,5,22,77,8,1,4,1,0.2263,2643
2024,2024-09-10,Landen Roupp,694738,R,SF,MIL,True,5.0,3,19,68,5,0,2,0,0.2319,5463
2024,2024-09-15,Landen Roupp,694738,R,SF,SD,True,5.0,4,18,74,2,2,0,0,0.1737,5630
2024,2024-09-21,Landen Roupp,694738,R,SF,KC,False,5.0,3,21,87,3,3,0,0,0.1901,5701
2024,2024-09-27,Landen Roupp,694738,R,SF,STL,True,3.2,4,22,97,9,2,6,1,0.2155,5986
2025,2025-04-02,Landen Roupp,694738,R,SF,HOU,False,4.0,8,20,83,4,4,3,0,0.241,166
2025,2025-04-08,Landen Roupp,694738,R,SF,CIN,True,6.0,4,23,81,7,0,1,0,0.2423,388
2025,2025-04-14,Landen Roupp,694738,R,SF,PHI,False,5.0,8,24,101,6,3,4,1,0.2187,567
2025,2025-04-19,Landen Roupp,694738,R,SF,LAA,False,7.0,9,26,96,5,1,2,2,0.2521,702
2025,2025-04-24,Landen Roupp,694738,R,SF,MIL,True,3.2,2,20,78,6,3,3,0,0.2131,948
2025,2025-04-30,Landen Roupp,694738,R,SF,SD,False,4.1,4,22,92,7,3,4,1,0.1854,1057
2025,2025-05-05,Landen Roupp,694738,R,SF,CHC,False,5.0,4,22,77,5,0,2,1,0.2032,1393
2025,2025-05-11,Landen Roupp,694738,R,SF,MIN,False,5.0,3,21,75,5,0,2,1,0.2229,1458
2025,2025-05-17,Landen Roupp,694738,R,SF,ATH,True,6.0,5,25,92,5,2,0,0,0.2007,1694
2025,2025-05-23,Landen Roupp,694738,R,SF,WSH,False,6.0,2,24,76,5,2,0,0,0.2137,1858
2025,2025-05-28,Landen Roupp,694738,R,SF,DET,False,4.0,7,21,81,5,2,1,0,0.2323,2127
2025,2025-06-03,Landen Roupp,694738,R,SF,SD,True,6.1,5,24,92,4,2,0,0,0.1869,2146
2025,2025-06-08,Landen Roupp,694738,R,SF,ATL,True,6.0,2,25,95,5,2,3,0,0.2268,2394
2025,2025-06-14,Landen Roupp,694738,R,SF,LAD,False,1.2,0,13,45,4,5,6,1,0.2127,2718
2025,2025-06-21,Landen Roupp,694738,R,SF,BOS,True,6.0,7,23,90,3,3,0,0,0.2398,2978
2025,2025-06-27,Landen Roupp,694738,R,SF,CWS,False,5.1,4,26,94,7,2,0,0,0.2385,2964
2025,2025-07-02,Landen Roupp,694738,R,SF,AZ,False,4.0,4,20,81,5,4,2,1,0.2022,3279
2025,2025-07-07,Landen Roupp,694738,R,SF,PHI,True,5.0,3,21,100,4,2,1,0,0.2092,3427
2025,2025-07-12,Landen Roupp,694738,R,SF,LAD,True,6.0,8,25,104,7,1,1,0,0.2141,3662
2025,2025-07-22,Landen Roupp,694738,R,SF,ATL,False,5.0,6,22,87,4,1,0,0,0.2271,3761
2025,2025-08-15,Landen Roupp,694738,R,SF,TB,True,3.0,5,15,66,5,1,5,1,0.2283,4556
2025,2025-08-20,Landen Roupp,694738,R,SF,SD,False,2.1,2,14,65,5,2,5,2,0.1852,4740
2026,2026-03-30,Landen Roupp,694738,R,SF,SD,False,6.0,7,21,88,2,2,0,0,0.2336,107
2026,2026-04-04,Landen Roupp,694738,R,SF,NYM,True,4.2,7,23,95,7,1,5,0,0.2143,322
2026,2026-04-10,Landen Roupp,694738,R,SF,BAL,False,6.0,4,25,93,5,2,1,0,0.2572,451
2026,2026-04-16,Landen Roupp,694738,R,SF,CIN,False,6.0,6,21,87,1,2,0,0,0.243,675
2026,2026-04-21,Landen Roupp,694738,R,SF,LAD,True,5.0,7,20,106,1,5,1,0,0.2178,863
2026,2026-04-26,Landen Roupp,694738,R,SF,MIA,True,7.2,6,27,103,2,2,3,1,0.2023,1023
2026,2026-05-02,Landen Roupp,694738,R,SF,TB,False,4.1,6,22,88,8,2,4,0,0.1912,1187
2026,2026-05-09,Landen Roupp,694738,R,SF,PIT,True,4.0,8,18,94,3,3,1,0,0.2348,1529
2026,2026-05-14,Landen Roupp,694738,R,SF,LAD,False,5.1,7,24,105,6,2,4,1,0.2049,1645
2026,2026-05-19,Landen Roupp,694738,R,SF,AZ,False,6.0,3,23,91,7,0,1,0,0.2062,1707
2026,2026-05-25,Landen Roupp,694738,R,SF,AZ,True,5.0,7,24,93,7,1,2,1,0.2037,1924
2026,2026-06-01,Landen Roupp,694738,R,SF,MIL,False,4.0,4,23,96,8,5,8,0,0.2108,2144
2026,2026-06-06,Landen Roupp,694738,R,SF,CHC,False,5.2,5,22,98,3,3,1,1,0.2122,2507
2026,2026-06-12,Landen Roupp,694738,R,SF,CHC,True,4.2,5,20,105,4,2,4,0,0.213,2699
2024,2024-04-13,Nick Lodolo,666157,L,CIN,CWS,False,5.2,10,21,91,1,1,0,0,0.2308,455
2024,2024-04-19,Nick Lodolo,666157,L,CIN,LAA,True,6.1,6,25,80,7,0,1,0,0.2391,732
2024,2024-04-24,Nick Lodolo,666157,L,CIN,PHI,True,5.0,4,24,98,6,3,3,0,0.2264,888
2024,2024-04-29,Nick Lodolo,666157,L,CIN,SD,False,7.0,11,24,99,1,2,1,1,0.1967,1164
2024,2024-05-05,Nick Lodolo,666157,L,CIN,BAL,True,5.0,6,21,85,4,2,4,1,0.2216,1250
2024,2024-05-11,Nick Lodolo,666157,L,CIN,SF,False,6.0,6,25,98,5,1,4,1,0.2196,1466
2024,2024-05-27,Nick Lodolo,666157,L,CIN,STL,True,5.1,3,21,81,5,0,1,1,0.2266,1924
2024,2024-06-02,Nick Lodolo,666157,L,CIN,CHC,False,6.0,3,27,90,7,1,2,0,0.233,2219
2024,2024-06-07,Nick Lodolo,666157,L,CIN,CHC,True,6.0,7,25,99,4,2,1,1,0.2356,2364
2024,2024-06-12,Nick Lodolo,666157,L,CIN,CLE,True,6.0,6,29,102,7,3,2,0,0.1976,2439
2024,2024-06-18,Nick Lodolo,666157,L,CIN,PIT,False,7.0,8,26,95,4,0,1,1,0.2499,2749
2024,2024-06-23,Nick Lodolo,666157,L,CIN,BOS,True,4.2,3,23,77,5,4,3,1,0.25,2948
2024,2024-07-09,Nick Lodolo,666157,L,CIN,COL,True,3.2,4,17,69,5,1,4,2,0.252,3405
2024,2024-07-14,Nick Lodolo,666157,L,CIN,MIA,True,4.2,4,19,72,3,4,2,0,0.2269,3481
2024,2024-07-20,Nick Lodolo,666157,L,CIN,WSH,False,6.1,8,28,104,6,1,4,1,0.2088,3621
2024,2024-07-26,Nick Lodolo,666157,L,CIN,TB,False,6.2,5,27,93,5,1,2,0,0.2401,3856
2024,2024-07-31,Nick Lodolo,666157,L,CIN,CHC,True,5.2,6,28,103,11,0,8,1,0.2329,4083
2024,2024-08-06,Nick Lodolo,666157,L,CIN,MIA,False,6.0,7,23,99,2,3,2,0,0.2298,4174
2024,2024-08-11,Nick Lodolo,666157,L,CIN,MIL,False,5.1,4,22,79,3,3,3,1,0.2286,4461
2024,2024-08-17,Nick Lodolo,666157,L,CIN,KC,True,2.1,2,17,59,8,2,8,1,0.1837,4507
2024,2024-08-22,Nick Lodolo,666157,L,CIN,PIT,False,4.2,9,21,91,2,3,5,0,0.2481,4753
2025,2025-03-29,Nick Lodolo,666157,L,CIN,SF,True,6.0,1,23,86,5,0,2,1,0.2395,0
2025,2025-04-03,Nick Lodolo,666157,L,CIN,MIL,False,6.2,4,25,82,4,0,0,0,0.2881,236
2025,2025-04-08,Nick Lodolo,666157,L,CIN,SF,False,6.0,3,23,87,3,1,0,0,0.2553,380
2025,2025-04-15,Nick Lodolo,666157,L,CIN,SEA,True,4.2,6,21,90,5,1,4,2,0.2339,590
2025,2025-04-21,Nick Lodolo,666157,L,CIN,MIA,False,5.2,4,26,99,7,2,3,1,0.2448,825
2025,2025-04-27,Nick Lodolo,666157,L,CIN,COL,False,7.0,9,25,91,2,1,0,0,0.287,965
2025,2025-05-03,Nick Lodolo,666157,L,CIN,WSH,True,5.1,4,31,98,10,2,6,1,0.2207,1210
2025,2025-05-08,Nick Lodolo,666157,L,CIN,ATL,False,6.0,7,23,93,5,0,2,0,0.23,1348
2025,2025-05-14,Nick Lodolo,666157,L,CIN,CWS,True,5.1,4,24,98,7,2,3,1,0.238,1521
2025,2025-05-19,Nick Lodolo,666157,L,CIN,PIT,False,6.0,7,24,89,4,1,1,0,0.2372,1745
2025,2025-05-25,Nick Lodolo,666157,L,CIN,CHC,True,5.0,6,23,91,6,2,3,1,0.1995,2055
2025,2025-05-31,Nick Lodolo,666157,L,CIN,CHC,False,6.0,5,22,94,5,2,0,0,0.2008,2241
2025,2025-06-06,Nick Lodolo,666157,L,CIN,AZ,True,6.0,4,21,86,5,0,3,2,0.194,2397
2025,2025-06-11,Nick Lodolo,666157,L,CIN,CLE,False,3.1,6,17,76,5,2,6,1,0.2212,2419
2025,2025-06-18,Nick Lodolo,666157,L,CIN,MIN,True,6.0,4,24,87,3,2,2,1,0.2235,2693
2025,2025-06-23,Nick Lodolo,666157,L,CIN,NYY,True,4.1,6,20,94,6,0,1,1,0.228,2978
2025,2025-06-29,Nick Lodolo,666157,L,CIN,SD,True,5.1,5,26,95,7,2,1,1,0.1881,3052
2025,2025-07-05,Nick Lodolo,666157,L,CIN,PHI,False,6.0,8,24,85,4,2,3,2,0.2061,3358
2025,2025-07-10,Nick Lodolo,666157,L,CIN,MIA,True,6.0,4,21,91,3,0,0,0,0.2116,3450
2025,2025-07-18,Nick Lodolo,666157,L,CIN,NYM,False,7.0,7,26,97,4,1,2,1,0.2099,3664
2025,2025-07-23,Nick Lodolo,666157,L,CIN,WSH,False,9.0,8,30,105,4,0,0,0,0.2043,3774
2025,2025-07-29,Nick Lodolo,666157,L,CIN,LAD,True,5.1,11,22,94,6,1,2,1,0.2182,4116
2025,2025-08-04,Nick Lodolo,666157,L,CIN,CHC,False,1.2,1,5,23,0,0,0,0,0.2028,4275
2025,2025-08-27,Nick Lodolo,666157,L,CIN,LAD,False,4.2,6,21,76,5,1,4,0,0.2203,5093
2025,2025-09-08,Nick Lodolo,666157,L,CIN,SD,False,5.0,2,18,79,2,1,0,0,0.1884,5387
2025,2025-09-14,Nick Lodolo,666157,L,CIN,ATH,False,5.1,5,25,91,8,0,5,3,0.2257,5676
2025,2025-09-19,Nick Lodolo,666157,L,CIN,CHC,True,4.2,7,23,94,9,2,4,2,0.2056,5831
2025,2025-09-25,Nick Lodolo,666157,L,CIN,PIT,True,6.1,12,22,81,2,1,0,0,0.236,5860
2026,2026-05-08,Nick Lodolo,666157,L,CIN,HOU,True,5.1,2,21,78,5,1,4,2,0.2046,1471
2026,2026-05-13,Nick Lodolo,666157,L,CIN,WSH,True,4.0,6,22,87,6,3,5,1,0.2195,1631
2026,2026-05-18,Nick Lodolo,666157,L,CIN,PHI,False,5.2,3,24,97,3,5,3,1,0.218,1784
2026,2026-05-25,Nick Lodolo,666157,L,CIN,NYM,False,6.0,7,25,98,6,0,1,1,0.2137,1975
2026,2026-05-31,Nick Lodolo,666157,L,CIN,ATL,True,6.2,4,28,100,5,4,3,2,0.208,2250
2026,2026-06-06,Nick Lodolo,666157,L,CIN,STL,False,5.0,3,25,95,10,1,4,1,0.2131,2332
2026,2026-06-12,Nick Lodolo,666157,L,CIN,AZ,True,5.1,5,26,96,5,1,2,0,0.2051,2516
2025,2025-08-16,Nolan McLean,690997,R,NYM,SEA,True,5.1,8,21,91,2,4,0,0,0.2305,4725
2025,2025-08-22,Nolan McLean,690997,R,NYM,ATL,False,7.0,7,25,94,4,0,2,1,0.226,4859
2025,2025-08-27,Nolan McLean,690997,R,NYM,PHI,True,8.0,6,27,95,4,0,0,0,0.2114,5023
2025,2025-09-02,Nolan McLean,690997,R,NYM,DET,False,6.0,7,22,90,3,3,2,0,0.2344,5225
2025,2025-09-08,Nolan McLean,690997,R,NYM,PHI,False,5.1,5,24,91,7,3,1,0,0.2119,5450
2025,2025-09-14,Nolan McLean,690997,R,NYM,TEX,True,6.0,7,24,92,5,2,0,0,0.2174,5567
2025,2025-09-20,Nolan McLean,690997,R,NYM,WSH,True,5.0,6,22,92,4,2,1,0,0.222,5690
2025,2025-09-25,Nolan McLean,690997,R,NYM,CHC,False,5.1,11,23,94,5,2,5,3,0.2058,6020
2026,2026-03-29,Nolan McLean,690997,R,NYM,PIT,True,5.0,8,22,84,4,2,2,1,0.2184,87
2026,2026-04-03,Nolan McLean,690997,R,NYM,SF,False,5.1,4,19,93,1,2,1,0,0.2451,253
2026,2026-04-09,Nolan McLean,690997,R,NYM,AZ,True,6.1,8,23,100,3,2,2,0,0.2062,422
2026,2026-04-14,Nolan McLean,690997,R,NYM,LAD,False,7.0,8,25,95,2,2,1,0,0.2263,623
2026,2026-04-21,Nolan McLean,690997,R,NYM,MIN,True,6.2,10,25,99,5,0,3,1,0.2284,845
2026,2026-04-26,Nolan McLean,690997,R,NYM,COL,True,5.0,7,21,91,5,2,1,0,0.2507,1013
2026,2026-05-02,Nolan McLean,690997,R,NYM,LAA,False,4.0,6,18,78,6,1,3,0,0.2567,1278
2026,2026-05-08,Nolan McLean,690997,R,NYM,AZ,False,6.0,6,22,100,3,1,1,1,0.2166,1316
2026,2026-05-14,Nolan McLean,690997,R,NYM,DET,True,7.0,7,28,93,6,3,3,1,0.2228,1625
2026,2026-05-19,Nolan McLean,690997,R,NYM,WSH,False,5.2,5,31,100,8,2,6,2,0.2171,1884
2026,2026-05-25,Nolan McLean,690997,R,NYM,CIN,True,3.1,6,19,78,5,2,7,2,0.2403,1977
2026,2026-05-31,Nolan McLean,690997,R,NYM,MIA,True,5.0,2,23,94,2,5,1,0,0.22,2200
2026,2026-06-06,Nolan McLean,690997,R,NYM,SD,False,6.0,5,23,101,3,3,1,0,0.2348,2249
2026,2026-06-12,Nolan McLean,690997,R,NYM,ATL,True,4.0,6,18,93,3,4,2,0,0.2052,2578
2025,2025-03-19,Roki Sasaki,808963,R,LAD,CHC,False,3.0,3,14,56,1,5,1,0,0.2227,0
2025,2025-03-29,Roki Sasaki,808963,R,LAD,DET,True,1.2,2,12,61,3,4,2,0,0.2907,86
2025,2025-04-05,Roki Sasaki,808963,R,LAD,PHI,False,4.0,4,17,68,3,2,1,0,0.197,269
2025,2025-04-12,Roki Sasaki,808963,R,LAD,CHC,True,5.0,3,21,81,4,2,1,1,0.2,640
2025,2025-04-19,Roki Sasaki,808963,R,LAD,TEX,False,6.0,4,22,78,2,3,2,1,0.2222,684
2025,2025-04-26,Roki Sasaki,808963,R,LAD,PIT,True,5.2,4,24,93,5,2,3,1,0.2337,1014
2025,2025-05-03,Roki Sasaki,808963,R,LAD,ATL,False,5.0,4,24,98,6,2,3,1,0.2273,1166
2025,2025-05-09,Roki Sasaki,808963,R,LAD,AZ,False,4.0,0,20,61,5,2,5,2,0.1984,1467
2026,2026-03-30,Roki Sasaki,808963,R,LAD,CLE,True,4.0,4,18,78,4,2,1,0,0.3241,145
2026,2026-04-05,Roki Sasaki,808963,R,LAD,WSH,False,5.0,5,23,90,5,3,6,2,0.225,320
2026,2026-04-12,Roki Sasaki,808963,R,LAD,TEX,True,4.0,6,22,94,5,5,2,1,0.2588,510
2026,2026-04-19,Roki Sasaki,808963,R,LAD,COL,False,4.2,2,22,78,7,2,3,1,0.2712,778
2026,2026-04-25,Roki Sasaki,808963,R,LAD,CHC,True,5.0,5,23,99,7,1,4,3,0.2117,1039
2026,2026-05-02,Roki Sasaki,808963,R,LAD,STL,False,6.0,4,26,104,5,2,3,1,0.2215,1246
2026,2026-05-11,Roki Sasaki,808963,R,LAD,SF,True,5.0,5,23,91,6,1,3,1,0.2151,1455
2026,2026-05-17,Roki Sasaki,808963,R,LAD,LAA,False,7.0,8,24,91,4,0,1,0,0.2577,1746
2026,2026-05-23,Roki Sasaki,808963,R,LAD,MIL,False,5.0,4,21,87,4,2,2,0,0.2012,1864
2026,2026-05-30,Roki Sasaki,808963,R,LAD,PHI,True,5.1,7,20,84,3,1,1,1,0.2211,2121
2026,2026-06-05,Roki Sasaki,808963,R,LAD,LAA,True,7.0,10,25,98,2,2,0,0,0.247,2389
2026,2026-06-12,Roki Sasaki,808963,R,LAD,CWS,False,4.1,4,23,91,7,3,7,1,0.2387,2560
2024,2024-03-30,Ryan Weathers,677960,L,MIA,PIT,True,4.0,5,22,94,7,2,3,0,0.2737,95
2024,2024-04-04,Ryan Weathers,677960,L,MIA,STL,False,5.0,6,23,85,3,3,1,1,0.2772,267
2024,2024-04-10,Ryan Weathers,677960,L,MIA,NYY,False,5.0,1,20,94,3,3,0,0,0.2095,463
2024,2024-04-16,Ryan Weathers,677960,L,MIA,SF,True,6.0,10,24,90,5,1,2,1,0.217,636
2024,2024-04-22,Ryan Weathers,677960,L,MIA,ATL,False,5.2,1,26,96,6,3,3,1,0.2201,795
2024,2024-04-28,Ryan Weathers,677960,L,MIA,WSH,True,4.0,3,24,87,5,3,6,1,0.2212,972
2024,2024-05-03,Ryan Weathers,677960,L,MIA,ATH,False,6.0,5,24,99,5,0,3,1,0.2675,1155
2024,2024-05-08,Ryan Weathers,677960,L,MIA,LAD,False,6.0,3,23,97,5,1,3,1,0.2104,1507
2024,2024-05-14,Ryan Weathers,677960,L,MIA,DET,False,8.0,4,26,97,3,0,0,0,0.2398,1539
2024,2024-05-20,Ryan Weathers,677960,L,MIA,MIL,True,7.0,8,27,94,2,3,1,1,0.233,1781
2024,2024-05-26,Ryan Weathers,677960,L,MIA,AZ,False,6.0,7,23,91,4,1,0,0,0.2016,1974
2024,2024-06-01,Ryan Weathers,677960,L,MIA,TEX,True,6.0,11,27,96,9,0,4,0,0.2017,2152
2024,2024-06-07,Ryan Weathers,677960,L,MIA,CLE,True,2.1,3,9,40,4,0,2,1,0.1989,2283
2024,2024-09-18,Ryan Weathers,677960,L,MIA,LAD,True,4.1,5,22,74,8,0,5,3,0.2175,5806
2024,2024-09-24,Ryan Weathers,677960,L,MIA,MIN,False,5.0,2,23,82,6,2,1,0,0.2157,5889
2024,2024-09-29,Ryan Weathers,677960,L,MIA,TOR,False,6.1,6,24,97,3,2,1,0,0.203,6025
2025,2025-05-14,Ryan Weathers,677960,L,MIA,CHC,False,5.0,5,18,76,2,1,1,1,0.2039,1687
2025,2025-05-20,Ryan Weathers,677960,L,MIA,CHC,True,5.0,4,19,80,5,0,1,1,0.2029,1888
2025,2025-05-26,Ryan Weathers,677960,L,MIA,SD,False,5.2,6,24,94,3,3,0,0,0.1924,1892
2025,2025-06-01,Ryan Weathers,677960,L,MIA,SF,True,6.0,7,26,99,5,3,4,1,0.2288,2155
2025,2025-06-07,Ryan Weathers,677960,L,MIA,TB,False,3.0,1,15,57,3,1,3,1,0.2298,2328
2025,2025-09-11,Ryan Weathers,677960,L,MIA,WSH,True,5.0,4,19,68,5,0,0,0,0.2183,5377
2025,2025-09-17,Ryan Weathers,677960,L,MIA,COL,False,4.0,2,22,80,8,2,3,0,0.2581,5522
2025,2025-09-24,Ryan Weathers,677960,L,MIA,PHI,False,4.2,8,23,88,6,2,5,3,0.2136,5992
2026,2026-03-30,Ryan Weathers,677960,L,NYY,SEA,False,4.1,7,19,77,4,2,1,0,0.2857,154
2026,2026-04-04,Ryan Weathers,677960,L,NYY,MIA,True,3.2,4,19,88,6,3,3,0,0.2039,255
2026,2026-04-09,Ryan Weathers,677960,L,NYY,ATH,True,8.0,7,30,101,7,0,1,0,0.293,413
2026,2026-04-14,Ryan Weathers,677960,L,NYY,LAA,True,5.0,10,22,94,5,2,5,4,0.2526,661
2026,2026-04-19,Ryan Weathers,677960,L,NYY,KC,True,7.1,8,26,95,5,1,0,0,0.2358,759
2026,2026-04-25,Ryan Weathers,677960,L,NYY,HOU,False,5.1,4,21,86,6,0,2,1,0.1964,1059
2026,2026-05-02,Ryan Weathers,677960,L,NYY,BAL,True,5.0,5,21,90,3,2,1,1,0.2452,1207
2026,2026-05-11,Ryan Weathers,677960,L,NYY,BAL,False,6.1,9,23,101,1,3,2,0,0.2447,1545
2026,2026-05-18,Ryan Weathers,677960,L,NYY,TOR,True,5.1,7,23,90,7,0,5,2,0.1811,1717
2026,2026-05-24,Ryan Weathers,677960,L,NYY,TB,True,7.0,4,26,95,4,3,0,0,0.1866,1870
2026,2026-05-30,Ryan Weathers,677960,L,NYY,ATH,False,6.2,10,29,107,6,3,5,3,0.2208,2192
2026,2026-06-05,Ryan Weathers,677960,L,NYY,BOS,True,6.0,4,26,93,7,1,5,2,0.22,2305
2026,2026-06-12,Ryan Weathers,677960,L,NYY,TOR,False,4.1,2,20,82,5,1,6,2,0.1946,2574
2025,2025-03-27,Sandy Alcantara,645261,R,MIA,PIT,True,4.2,7,20,91,2,4,2,0,0.2475,0
2025,2025-04-01,Sandy Alcantara,645261,R,MIA,NYM,True,5.0,4,18,70,3,0,2,1,0.2138,145
2025,2025-04-12,Sandy Alcantara,645261,R,MIA,WSH,True,5.2,1,25,87,5,4,4,0,0.2521,472
2025,2025-04-18,Sandy Alcantara,645261,R,MIA,PHI,False,2.0,1,12,61,4,2,6,1,0.2218,717
2025,2025-04-23,Sandy Alcantara,645261,R,MIA,CIN,True,6.0,4,25,102,5,2,3,1,0.2329,906
2025,2025-04-29,Sandy Alcantara,645261,R,MIA,LAD,False,2.2,2,20,79,7,5,7,1,0.22,1082
2025,2025-05-05,Sandy Alcantara,645261,R,MIA,LAD,True,5.0,4,22,87,6,1,5,2,0.2211,1289
2025,2025-05-11,Sandy Alcantara,645261,R,MIA,CWS,False,5.2,8,26,107,7,3,4,1,0.2348,1448
2025,2025-05-17,Sandy Alcantara,645261,R,MIA,TB,True,5.0,3,23,101,5,2,4,0,0.2306,1635
2025,2025-05-23,Sandy Alcantara,645261,R,MIA,LAA,False,5.1,6,25,100,5,2,5,1,0.2673,1796
2025,2025-05-28,Sandy Alcantara,645261,R,MIA,SD,False,4.0,0,21,71,7,4,6,0,0.1903,1976
2025,2025-06-03,Sandy Alcantara,645261,R,MIA,COL,True,6.0,4,24,70,4,1,2,0,0.2688,2180
2025,2025-06-10,Sandy Alcantara,645261,R,MIA,PIT,False,6.0,6,22,85,3,1,0,0,0.2358,2489
2025,2025-06-16,Sandy Alcantara,645261,R,MIA,PHI,True,5.0,5,21,100,5,1,2,2,0.2051,2716
2025,2025-06-22,Sandy Alcantara,645261,R,MIA,ATL,True,6.0,4,26,95,6,2,3,0,0.2225,2850
2025,2025-06-28,Sandy Alcantara,645261,R,MIA,AZ,False,6.0,4,30,91,10,0,7,1,0.2003,3130
2025,2025-07-04,Sandy Alcantara,645261,R,MIA,MIL,True,6.0,4,25,96,5,1,5,0,0.2113,3298
2025,2025-07-09,Sandy Alcantara,645261,R,MIA,CIN,False,5.0,4,26,108,9,2,6,1,0.2342,3442
2025,2025-07-18,Sandy Alcantara,645261,R,MIA,KC,True,6.0,2,26,97,8,2,4,1,0.1884,3557
2025,2025-07-23,Sandy Alcantara,645261,R,MIA,SD,True,7.0,4,23,98,4,0,0,0,0.1896,3761
2025,2025-07-29,Sandy Alcantara,645261,R,MIA,STL,False,5.0,4,21,94,3,3,0,0,0.2015,4075
2025,2025-08-04,Sandy Alcantara,645261,R,MIA,HOU,True,7.0,5,31,100,9,1,6,0,0.2082,4203
2025,2025-08-09,Sandy Alcantara,645261,R,MIA,ATL,False,5.0,4,24,91,7,4,5,2,0.2281,4389
2025,2025-08-15,Sandy Alcantara,645261,R,MIA,BOS,False,6.0,7,21,86,2,1,1,0,0.232,4686
2025,2025-08-20,Sandy Alcantara,645261,R,MIA,STL,True,7.0,9,29,114,5,1,1,1,0.2075,4776
2025,2025-08-26,Sandy Alcantara,645261,R,MIA,ATL,True,7.0,7,26,104,3,2,2,1,0.2268,5004
2025,2025-08-31,Sandy Alcantara,645261,R,MIA,NYM,False,7.0,6,27,104,4,1,1,0,0.2096,5192
2025,2025-09-06,Sandy Alcantara,645261,R,MIA,PHI,True,6.0,4,26,102,7,1,4,1,0.2124,5373
2025,2025-09-12,Sandy Alcantara,645261,R,MIA,DET,True,7.0,8,25,96,4,0,2,1,0.2341,5535
2025,2025-09-18,Sandy Alcantara,645261,R,MIA,COL,False,6.2,8,27,104,5,2,3,2,0.2571,5563
2025,2025-09-26,Sandy Alcantara,645261,R,MIA,NYM,True,7.0,3,28,100,6,2,2,1,0.2136,6064
2026,2026-03-27,Sandy Alcantara,645261,R,MIA,COL,True,7.0,5,25,73,4,2,0,0,0.2591,0
2026,2026-04-01,Sandy Alcantara,645261,R,MIA,CWS,True,9.0,7,31,93,3,0,0,0,0.3587,184
2026,2026-04-07,Sandy Alcantara,645261,R,MIA,CIN,True,8.1,6,30,95,3,2,2,0,0.2554,372
2026,2026-04-12,Sandy Alcantara,645261,R,MIA,DET,False,6.0,4,30,100,10,2,7,3,0.2372,565
2026,2026-04-18,Sandy Alcantara,645261,R,MIA,MIL,True,5.0,1,24,97,4,6,2,1,0.22,741
2026,2026-04-24,Sandy Alcantara,645261,R,MIA,SF,False,6.0,4,26,108,9,1,3,0,0.2164,901
2026,2026-04-29,Sandy Alcantara,645261,R,MIA,LAD,False,6.0,4,27,104,7,2,2,0,0.2098,1158
2026,2026-05-05,Sandy Alcantara,645261,R,MIA,BAL,True,4.1,5,25,106,8,3,7,0,0.2437,1317
2026,2026-05-10,Sandy Alcantara,645261,R,MIA,WSH,True,6.0,3,24,89,5,2,2,0,0.221,1552
2026,2026-05-16,Sandy Alcantara,645261,R,MIA,TB,False,6.0,6,25,101,7,0,0,0,0.188,1638
2026,2026-05-21,Sandy Alcantara,645261,R,MIA,ATL,True,6.0,3,25,94,9,0,6,2,0.2071,1898
2026,2026-05-26,Sandy Alcantara,645261,R,MIA,TOR,False,5.2,4,31,95,10,1,8,3,0.1919,2017
2026,2026-06-01,Sandy Alcantara,645261,R,MIA,WSH,False,7.0,5,26,95,7,0,3,1,0.2127,2337
2026,2026-06-07,Sandy Alcantara,645261,R,MIA,TB,True,7.0,7,25,90,5,1,1,0,0.1893,2346
2026,2026-06-12,Sandy Alcantara,645261,R,MIA,PIT,False,8.0,7,30,102,5,1,3,2,0.2354,2710
2024,2024-07-05,Shane Baz,669358,R,TB,TEX,False,6.0,6,25,92,7,1,3,0,0.2054,3257
2024,2024-07-11,Shane Baz,669358,R,TB,NYY,True,4.1,5,20,68,6,1,3,2,0.2089,3571
2024,2024-07-21,Shane Baz,669358,R,TB,NYY,False,3.1,1,18,76,4,5,0,0,0.2106,3804
2024,2024-07-26,Shane Baz,669358,R,TB,CIN,True,6.0,7,22,86,2,2,2,0,0.2456,3754
2024,2024-08-02,Shane Baz,669358,R,TB,HOU,False,5.1,5,23,80,6,1,2,0,0.1873,4078
2024,2024-08-08,Shane Baz,669358,R,TB,STL,False,4.1,2,22,91,6,2,4,0,0.2198,4326
2024,2024-08-13,Shane Baz,669358,R,TB,HOU,True,7.0,6,29,97,7,2,3,2,0.1883,4471
2024,2024-08-20,Shane Baz,669358,R,TB,ATH,False,7.2,4,27,92,3,3,0,0,0.2487,4645
2024,2024-08-31,Shane Baz,669358,R,TB,SD,True,5.0,5,20,78,2,3,2,1,0.1741,5163
2024,2024-09-06,Shane Baz,669358,R,TB,BAL,False,6.0,5,22,103,2,3,1,1,0.2167,5380
2024,2024-09-11,Shane Baz,669358,R,TB,PHI,False,5.1,4,20,78,3,1,2,1,0.2181,5556
2024,2024-09-17,Shane Baz,669358,R,TB,BOS,True,7.0,6,24,96,2,1,2,1,0.2531,5749
2024,2024-09-22,Shane Baz,669358,R,TB,TOR,True,6.0,6,24,83,4,1,1,0,0.2047,5798
2024,2024-09-28,Shane Baz,669358,R,TB,BOS,False,6.0,7,23,86,3,1,2,1,0.2534,6125
2025,2025-04-01,Shane Baz,669358,R,TB,PIT,True,6.0,10,23,96,7,0,0,0,0.2359,195
2025,2025-04-08,Shane Baz,669358,R,TB,LAA,True,7.0,6,28,96,3,4,2,1,0.2267,344
2025,2025-04-14,Shane Baz,669358,R,TB,BOS,True,6.0,11,20,98,2,0,1,1,0.2481,665
2025,2025-04-19,Shane Baz,669358,R,TB,NYY,True,3.1,3,18,83,4,4,5,1,0.2421,760
2025,2025-04-25,Shane Baz,669358,R,TB,SD,False,7.0,6,25,97,4,1,0,0,0.1831,923
2025,2025-05-01,Shane Baz,669358,R,TB,KC,True,5.2,1,28,93,9,3,7,1,0.2014,1122
2025,2025-05-07,Shane Baz,669358,R,TB,PHI,True,3.1,3,21,83,8,2,6,1,0.2049,1352
2025,2025-05-13,Shane Baz,669358,R,TB,TOR,False,4.2,6,19,86,4,2,3,2,0.1947,1520
2025,2025-05-18,Shane Baz,669358,R,TB,MIA,False,6.0,2,28,96,9,3,5,2,0.2293,1670
2025,2025-05-24,Shane Baz,669358,R,TB,TOR,True,5.2,4,23,82,4,3,1,1,0.1946,1896
2025,2025-05-29,Shane Baz,669358,R,TB,HOU,False,5.2,3,24,86,7,0,3,2,0.2038,2046
2025,2025-06-04,Shane Baz,669358,R,TB,TEX,True,5.0,5,22,85,5,1,3,1,0.2297,2159
2025,2025-06-09,Shane Baz,669358,R,TB,BOS,False,5.1,5,22,76,3,3,3,0,0.2358,2617
2025,2025-06-15,Shane Baz,669358,R,TB,NYM,False,6.2,6,27,106,3,4,0,0,0.2014,2711
2025,2025-06-20,Shane Baz,669358,R,TB,DET,True,5.1,6,24,105,4,4,5,1,0.2304,2877
2025,2025-06-26,Shane Baz,669358,R,TB,KC,False,8.0,9,27,97,3,1,0,0,0.1848,2938
2025,2025-07-01,Shane Baz,669358,R,TB,ATH,True,7.0,11,28,90,7,1,3,2,0.2185,3286
2025,2025-07-07,Shane Baz,669358,R,TB,DET,False,6.0,7,27,94,7,2,3,1,0.2282,3453
2025,2025-07-12,Shane Baz,669358,R,TB,BOS,False,6.1,3,24,98,5,2,1,0,0.2337,3706
2025,2025-07-21,Shane Baz,669358,R,TB,CWS,True,4.0,4,22,87,8,2,8,2,0.2323,3672
2025,2025-07-27,Shane Baz,669358,R,TB,CIN,False,5.0,5,22,100,5,2,2,0,0.2273,3947
2025,2025-08-01,Shane Baz,669358,R,TB,LAD,True,5.0,8,25,98,8,2,5,1,0.2194,4194
2025,2025-08-06,Shane Baz,669358,R,TB,LAA,False,4.0,9,19,81,5,2,4,1,0.2587,4256
2025,2025-08-12,Shane Baz,669358,R,TB,ATH,False,7.0,7,30,93,6,2,4,0,0.2247,4592
2025,2025-08-19,Shane Baz,669358,R,TB,NYY,True,3.0,3,18,65,7,2,6,5,0.2263,4776
2025,2025-08-26,Shane Baz,669358,R,TB,CLE,False,6.0,7,23,92,3,2,3,0,0.2245,4780
2025,2025-09-01,Shane Baz,669358,R,TB,SEA,True,6.0,6,23,83,5,2,0,0,0.2334,5232
2025,2025-09-06,Shane Baz,669358,R,TB,CLE,True,5.0,8,22,82,5,1,2,0,0.2253,5139
2025,2025-09-12,Shane Baz,669358,R,TB,CHC,False,2.1,5,17,67,6,3,5,0,0.205,5560
2025,2025-09-18,Shane Baz,669358,R,TB,TOR,True,5.0,4,17,74,2,1,0,0,0.1772,5829
2025,2025-09-24,Shane Baz,669358,R,TB,BAL,False,4.0,3,15,49,0,3,0,0,0.2408,5840
2026,2026-03-29,Shane Baz,669358,R,BAL,MIN,True,5.1,4,21,78,7,0,4,0,0.2714,70
2026,2026-04-04,Shane Baz,669358,R,BAL,PIT,False,5.2,5,25,98,4,3,1,0,0.2473,279
2026,2026-04-10,Shane Baz,669358,R,BAL,SF,True,5.0,4,25,99,9,2,3,1,0.2256,461
2026,2026-04-16,Shane Baz,669358,R,BAL,CLE,False,6.0,6,26,99,6,3,4,1,0.204,701
2026,2026-04-21,Shane Baz,669358,R,BAL,KC,False,6.1,4,29,98,8,2,4,0,0.2373,847
2026,2026-04-28,Shane Baz,669358,R,BAL,HOU,True,5.2,6,24,98,6,1,1,1,0.1959,1128
2026,2026-05-04,Shane Baz,669358,R,BAL,NYY,False,5.2,4,26,96,5,5,5,1,0.2307,1292
2026,2026-05-09,Shane Baz,669358,R,BAL,ATH,True,4.2,5,22,100,5,3,5,1,0.2262,1468
2026,2026-05-15,Shane Baz,669358,R,BAL,WSH,False,7.0,4,30,108,6,3,3,1,0.2212,1709
2026,2026-05-20,Shane Baz,669358,R,BAL,TB,False,6.0,6,22,94,2,3,1,1,0.1868,1799
2026,2026-05-26,Shane Baz,669358,R,BAL,TB,True,7.0,9,29,99,7,2,1,0,0.1862,1960
2026,2026-06-02,Shane Baz,669358,R,BAL,BOS,False,7.0,6,26,94,4,2,2,0,0.2209,2196
2026,2026-06-07,Shane Baz,669358,R,BAL,TOR,False,5.2,3,26,81,7,1,1,1,0.1918,2430
2026,2026-06-12,Shane Baz,669358,R,BAL,SD,True,5.0,1,24,103,6,2,2,0,0.2326,2438
2026,2026-03-31,Shane McClanahan,663556,L,TB,MIL,False,4.2,4,19,79,2,3,2,0,0.189,164
2026,2026-04-06,Shane McClanahan,663556,L,TB,CHC,True,4.0,5,17,69,1,4,2,0,0.2425,334
2026,2026-04-14,Shane McClanahan,663556,L,TB,CWS,False,5.0,4,23,83,2,4,2,1,0.2787,574
2026,2026-04-19,Shane McClanahan,663556,L,TB,PIT,False,4.1,5,21,90,8,0,4,0,0.2281,846
2026,2026-04-25,Shane McClanahan,663556,L,TB,MIN,True,5.0,7,21,86,3,2,0,0,0.2311,1004
2026,2026-05-01,Shane McClanahan,663556,L,TB,SF,True,6.0,5,20,73,5,0,0,0,0.2193,1131
2026,2026-05-06,Shane McClanahan,663556,L,TB,TOR,True,5.2,4,20,69,2,1,0,0,0.1793,1350
2026,2026-05-12,Shane McClanahan,663556,L,TB,TOR,False,5.0,7,18,80,1,1,0,0,0.182,1533
2026,2026-05-18,Shane McClanahan,663556,L,TB,BAL,True,5.0,6,23,90,6,2,4,1,0.2467,1763
2026,2026-05-25,Shane McClanahan,663556,L,TB,BAL,False,5.1,3,21,84,3,2,0,0,0.246,1988
2026,2026-05-31,Shane McClanahan,663556,L,TB,LAA,True,5.0,3,19,70,4,0,1,0,0.2522,2232
2026,2026-06-06,Shane McClanahan,663556,L,TB,MIA,False,5.0,6,25,81,8,2,4,1,0.2215,2393
2026,2026-06-12,Shane McClanahan,663556,L,TB,LAA,False,4.0,7,21,74,8,1,4,0,0.2478,2619
2024,2024-04-09,Sonny Gray,543243,R,STL,PHI,True,5.0,5,18,64,5,0,0,0,0.2299,374
2024,2024-04-15,Sonny Gray,543243,R,STL,ATH,False,6.0,6,21,72,4,0,0,0,0.2906,585
2024,2024-04-21,Sonny Gray,543243,R,STL,MIL,True,6.1,12,25,93,5,1,2,0,0.2203,758
2024,2024-04-27,Sonny Gray,543243,R,STL,NYM,False,6.0,9,25,92,4,3,1,1,0.194,959
2024,2024-05-03,Sonny Gray,543243,R,STL,CWS,True,7.0,6,25,94,3,1,0,0,0.2383,1108
2024,2024-05-09,Sonny Gray,543243,R,STL,MIL,False,5.0,6,24,88,7,1,6,3,0.2338,1407
2024,2024-05-14,Sonny Gray,543243,R,STL,LAA,False,6.0,9,28,89,8,2,5,1,0.2326,1565
2024,2024-05-20,Sonny Gray,543243,R,STL,BAL,True,5.2,6,23,88,3,2,1,1,0.2159,1663
2024,2024-05-26,Sonny Gray,543243,R,STL,CHC,True,5.0,8,18,74,1,2,0,0,0.2333,1950
2024,2024-06-01,Sonny Gray,543243,R,STL,PHI,False,5.0,10,23,86,5,3,4,0,0.2152,2226
2024,2024-06-06,Sonny Gray,543243,R,STL,COL,True,4.2,5,20,89,2,4,3,0,0.2512,2297
2024,2024-06-12,Sonny Gray,543243,R,STL,PIT,True,7.0,9,26,84,4,1,1,0,0.2501,2527
2024,2024-06-17,Sonny Gray,543243,R,STL,MIA,False,7.2,4,27,84,5,2,2,0,0.219,2585
2024,2024-06-23,Sonny Gray,543243,R,STL,SF,True,7.0,8,22,80,1,0,1,1,0.2125,2922
2024,2024-06-29,Sonny Gray,543243,R,STL,CIN,True,4.1,6,23,92,7,1,3,0,0.2415,3006
2024,2024-07-05,Sonny Gray,543243,R,STL,WSH,False,5.0,6,22,88,8,1,5,1,0.2079,3199
2024,2024-07-12,Sonny Gray,543243,R,STL,CHC,True,7.0,6,29,102,9,0,3,0,0.2376,3527
2024,2024-07-20,Sonny Gray,543243,R,STL,ATL,False,7.0,10,28,87,8,0,5,4,0.2388,3534
2024,2024-07-26,Sonny Gray,543243,R,STL,WSH,True,5.0,7,24,90,7,3,5,0,0.2076,3786
2024,2024-08-01,Sonny Gray,543243,R,STL,CHC,False,7.0,9,26,93,5,1,2,1,0.2326,4128
2024,2024-08-06,Sonny Gray,543243,R,STL,TB,True,7.0,6,27,106,4,1,2,1,0.2437,4156
2024,2024-08-12,Sonny Gray,543243,R,STL,CIN,False,5.0,9,22,85,5,2,6,3,0.2455,4347
2024,2024-08-18,Sonny Gray,543243,R,STL,LAD,True,5.0,6,24,94,7,3,2,1,0.2188,4781
2024,2024-08-24,Sonny Gray,543243,R,STL,MIN,False,6.0,7,26,99,7,2,5,2,0.2107,4860
2024,2024-08-29,Sonny Gray,543243,R,STL,SD,True,6.0,4,21,90,3,0,1,1,0.1739,5083
2024,2024-09-04,Sonny Gray,543243,R,STL,MIL,False,7.0,7,26,99,4,1,1,0,0.2323,5326
2024,2024-09-12,Sonny Gray,543243,R,STL,CIN,True,6.0,9,22,91,2,2,1,0,0.2466,5429
2024,2024-09-18,Sonny Gray,543243,R,STL,PIT,True,5.2,8,26,90,9,0,4,0,0.246,5686
2025,2025-03-27,Sonny Gray,543243,R,STL,MIN,True,5.0,6,20,77,4,2,2,1,0.2133,0
2025,2025-04-02,Sonny Gray,543243,R,STL,LAA,True,6.0,9,25,88,5,0,5,2,0.2097,186
2025,2025-04-08,Sonny Gray,543243,R,STL,PIT,False,5.0,4,17,71,3,0,1,1,0.253,419
2025,2025-04-14,Sonny Gray,543243,R,STL,HOU,True,7.0,4,23,92,3,1,0,0,0.2294,571
2025,2025-04-20,Sonny Gray,543243,R,STL,NYM,False,6.0,6,26,102,6,1,3,1,0.1935,775
2025,2025-04-26,Sonny Gray,543243,R,STL,MIL,True,6.0,4,27,91,7,3,3,0,0.209,1024
2025,2025-05-02,Sonny Gray,543243,R,STL,NYM,True,4.1,6,23,96,9,3,4,1,0.1977,1209
2025,2025-05-07,Sonny Gray,543243,R,STL,PIT,True,7.0,8,25,89,2,1,0,0,0.2261,1380
2025,2025-05-14,Sonny Gray,543243,R,STL,PHI,False,3.2,4,20,77,8,1,7,3,0.2077,1584
2025,2025-05-19,Sonny Gray,543243,R,STL,DET,True,6.0,10,21,90,3,1,0,0,0.2278,1804
2025,2025-05-25,Sonny Gray,543243,R,STL,AZ,True,6.0,5,27,89,9,0,3,0,0.1946,2014
2025,2025-05-31,Sonny Gray,543243,R,STL,TEX,False,7.0,10,25,91,4,1,0,0,0.2264,2058
2025,2025-06-06,Sonny Gray,543243,R,STL,LAD,True,6.1,5,27,90,8,0,0,0,0.2138,2441
2025,2025-06-12,Sonny Gray,543243,R,STL,MIL,False,4.1,4,20,76,8,1,6,1,0.2186,2594
2025,2025-06-21,Sonny Gray,543243,R,STL,CIN,True,5.0,5,21,79,5,2,1,0,0.2314,2856
2025,2025-06-27,Sonny Gray,543243,R,STL,CLE,False,9.0,11,28,89,1,0,0,0,0.2246,2885
2025,2025-07-02,Sonny Gray,543243,R,STL,PIT,False,6.1,6,25,78,5,1,4,0,0.2333,3223
2025,2025-07-08,Sonny Gray,543243,R,STL,WSH,True,5.0,6,20,70,5,1,2,0,0.2024,3375
2025,2025-07-13,Sonny Gray,543243,R,STL,ATL,True,3.0,5,12,36,3,0,1,0,0.226,3566
2025,2025-07-19,Sonny Gray,543243,R,STL,AZ,False,3.1,5,21,66,11,0,8,2,0.2046,3779
2025,2025-07-24,Sonny Gray,543243,R,STL,SD,True,5.0,5,27,84,11,0,6,2,0.189,3793
2025,2025-07-29,Sonny Gray,543243,R,STL,MIA,True,5.0,5,23,91,8,1,3,1,0.2089,3968
2025,2025-08-04,Sonny Gray,543243,R,STL,LAD,False,7.0,8,23,90,1,1,1,1,0.2206,4302
2025,2025-08-10,Sonny Gray,543243,R,STL,CHC,True,7.0,7,26,92,5,1,1,1,0.2022,4457
2025,2025-08-16,Sonny Gray,543243,R,STL,NYY,True,5.0,7,25,88,9,2,6,2,0.2268,4686
2025,2025-08-21,Sonny Gray,543243,R,STL,TB,False,5.0,6,22,92,6,1,3,1,0.2297,4746
2025,2025-08-27,Sonny Gray,543243,R,STL,PIT,True,7.0,7,28,87,3,3,1,0,0.2338,4924
2025,2025-09-01,Sonny Gray,543243,R,STL,ATH,True,6.0,5,30,82,11,3,7,3,0.2273,5245
2025,2025-09-07,Sonny Gray,543243,R,STL,SF,True,5.1,6,22,91,2,4,3,0,0.2261,5339
2025,2025-09-13,Sonny Gray,543243,R,STL,MIL,False,5.0,8,19,95,4,1,2,0,0.2023,5681
2025,2025-09-19,Sonny Gray,543243,R,STL,MIL,True,6.0,7,27,91,9,0,1,1,0.2019,5878
2025,2025-09-24,Sonny Gray,543243,R,STL,SF,False,6.0,7,28,99,7,2,2,1,0.2284,5929
2026,2026-03-28,Sonny Gray,543243,R,BOS,CIN,False,4.0,5,20,80,6,1,3,1,0.2327,0
2026,2026-04-03,Sonny Gray,543243,R,BOS,SD,True,6.0,3,22,87,4,0,2,0,0.2383,214
2026,2026-04-08,Sonny Gray,543243,R,BOS,MIL,True,6.1,2,24,90,3,2,0,0,0.2311,437
2026,2026-04-14,Sonny Gray,543243,R,BOS,MIN,False,4.0,1,22,93,9,1,5,2,0.2427,647
2026,2026-04-20,Sonny Gray,543243,R,BOS,DET,True,2.2,2,11,40,3,1,1,0,0.2192,821
2026,2026-05-06,Sonny Gray,543243,R,BOS,DET,False,5.0,2,20,70,4,2,0,0,0.2227,1392
2026,2026-05-13,Sonny Gray,543243,R,BOS,PHI,True,6.0,6,20,78,2,1,1,1,0.2107,1585
2026,2026-05-18,Sonny Gray,543243,R,BOS,KC,False,6.0,9,24,80,5,1,1,0,0.2138,1768
2026,2026-05-24,Sonny Gray,543243,R,BOS,MIN,True,4.0,4,19,75,6,2,3,0,0.2269,1979
2026,2026-05-30,Sonny Gray,543243,R,BOS,CLE,False,6.0,7,24,92,4,3,1,0,0.1986,2205
2026,2026-06-05,Sonny Gray,543243,R,BOS,NYY,False,6.1,3,27,79,8,2,3,2,0.2309,2343
2026,2026-06-12,Sonny Gray,543243,R,BOS,TEX,True,6.0,7,23,88,5,0,1,0,0.2258,2542
2024,2024-03-29,Spencer Strider,675911,R,ATL,PHI,False,5.0,8,20,90,3,2,2,1,0.223,0
2024,2024-04-05,Spencer Strider,675911,R,ATL,AZ,True,4.0,4,22,88,7,3,5,1,0.1703,276
2025,2025-04-16,Spencer Strider,675911,R,ATL,TOR,False,5.0,5,21,97,5,1,2,1,0.1808,686
2025,2025-05-20,Spencer Strider,675911,R,ATL,WSH,False,4.1,3,19,75,6,1,4,1,0.2177,1778
2025,2025-05-27,Spencer Strider,675911,R,ATL,PHI,False,4.2,7,20,90,1,4,1,0,0.2024,2055
2025,2025-06-03,Spencer Strider,675911,R,ATL,AZ,True,5.0,4,22,85,6,2,5,3,0.1929,2276
2025,2025-06-08,Spencer Strider,675911,R,ATL,SF,False,6.0,5,25,90,3,3,3,0,0.2292,2408
2025,2025-06-14,Spencer Strider,675911,R,ATL,COL,True,6.0,13,22,87,3,1,0,0,0.2593,2530
2025,2025-06-19,Spencer Strider,675911,R,ATL,NYM,True,6.0,8,24,97,5,1,1,0,0.203,2818
2025,2025-06-24,Spencer Strider,675911,R,ATL,NYM,False,5.0,8,21,91,2,4,3,0,0.2055,2998
2025,2025-06-29,Spencer Strider,675911,R,ATL,PHI,True,7.0,4,28,95,5,3,2,0,0.2084,3167
2025,2025-07-04,Spencer Strider,675911,R,ATL,BAL,True,6.0,6,26,100,7,1,3,2,0.2372,3187
2025,2025-07-10,Spencer Strider,675911,R,ATL,ATH,False,6.2,11,27,101,5,3,3,1,0.2244,3551
2025,2025-07-18,Spencer Strider,675911,R,ATL,NYY,True,6.0,8,22,96,3,3,0,0,0.2264,3719
2025,2025-07-23,Spencer Strider,675911,R,ATL,SF,True,5.0,7,24,104,5,3,3,2,0.2268,3801
2025,2025-07-28,Spencer Strider,675911,R,ATL,KC,False,5.0,3,25,96,7,2,2,0,0.1871,3891
2025,2025-08-06,Spencer Strider,675911,R,ATL,MIL,True,4.2,6,24,94,11,1,5,2,0.2065,4315
2025,2025-08-12,Spencer Strider,675911,R,ATL,NYM,False,4.0,2,22,82,8,2,8,3,0.2133,4450
2025,2025-08-18,Spencer Strider,675911,R,ATL,CWS,True,3.0,2,19,68,10,1,7,2,0.2273,4571
2025,2025-08-25,Spencer Strider,675911,R,ATL,MIA,False,7.0,3,25,95,3,2,1,0,0.2088,4919
2025,2025-09-01,Spencer Strider,675911,R,ATL,CHC,False,5.0,1,22,88,5,3,3,1,0.2029,5224
2025,2025-09-09,Spencer Strider,675911,R,ATL,CHC,True,6.0,8,26,97,6,3,2,0,0.2035,5480
2025,2025-09-15,Spencer Strider,675911,R,ATL,WSH,False,7.0,6,25,96,4,2,1,1,0.2197,5508
2025,2025-09-21,Spencer Strider,675911,R,ATL,DET,False,5.0,6,23,101,6,3,0,0,0.2357,5830
2025,2025-09-27,Spencer Strider,675911,R,ATL,PIT,True,6.0,5,27,85,8,2,3,1,0.2366,5934
2026,2026-05-03,Spencer Strider,675911,R,ATL,COL,False,3.1,6,19,87,4,5,3,1,0.2514,1281
2026,2026-05-09,Spencer Strider,675911,R,ATL,LAD,False,6.0,8,21,91,1,2,0,0,0.2056,1464
2026,2026-05-15,Spencer Strider,675911,R,ATL,BOS,True,5.1,4,18,84,3,3,1,0,0.2255,1610
2026,2026-05-21,Spencer Strider,675911,R,ATL,MIA,False,6.1,9,24,100,4,2,3,3,0.2164,1876
2026,2026-05-26,Spencer Strider,675911,R,ATL,BOS,False,5.0,5,21,87,3,3,3,2,0.2232,1953
2026,2026-05-31,Spencer Strider,675911,R,ATL,CIN,False,5.0,8,24,90,7,2,3,0,0.2417,2176
2026,2026-06-06,Spencer Strider,675911,R,ATL,PIT,True,5.0,3,21,84,5,2,3,0,0.2344,2521
2026,2026-06-12,Spencer Strider,675911,R,ATL,NYM,False,3.0,3,17,68,6,1,7,3,0.2207,2515
2024,2024-03-30,Tanner Bibee,676440,R,CLE,ATH,False,4.0,4,22,88,6,5,3,0,0.2687,67
2024,2024-04-04,Tanner Bibee,676440,R,CLE,MIN,False,5.1,9,23,91,5,0,1,1,0.2245,196
2024,2024-04-10,Tanner Bibee,676440,R,CLE,CWS,True,4.1,2,20,84,6,3,5,1,0.2402,383
2024,2024-04-16,Tanner Bibee,676440,R,CLE,BOS,False,5.0,3,21,92,5,2,1,1,0.2672,640
2024,2024-04-21,Tanner Bibee,676440,R,CLE,ATH,True,5.2,8,25,97,5,2,2,1,0.2754,759
2024,2024-04-27,Tanner Bibee,676440,R,CLE,ATL,False,7.0,9,22,91,2,0,0,0,0.2159,945
2024,2024-05-03,Tanner Bibee,676440,R,CLE,LAA,True,5.0,4,23,91,8,1,6,2,0.244,1168
2024,2024-05-08,Tanner Bibee,676440,R,CLE,DET,True,4.0,5,18,82,5,0,4,0,0.2409,1353
2024,2024-05-13,Tanner Bibee,676440,R,CLE,TEX,False,5.1,4,21,94,3,2,0,0,0.2042,1606
2024,2024-05-19,Tanner Bibee,676440,R,CLE,MIN,True,7.0,8,26,95,4,1,1,1,0.2368,1685
2024,2024-05-25,Tanner Bibee,676440,R,CLE,LAA,False,6.0,6,25,91,6,1,3,1,0.2301,1930
2024,2024-05-31,Tanner Bibee,676440,R,CLE,WSH,True,6.1,7,24,89,3,1,1,0,0.22,2041
2024,2024-06-06,Tanner Bibee,676440,R,CLE,KC,True,5.0,7,24,94,6,1,2,0,0.1901,2294
2024,2024-06-12,Tanner Bibee,676440,R,CLE,CIN,False,5.1,11,21,102,4,1,4,2,0.246,2463
2024,2024-06-19,Tanner Bibee,676440,R,CLE,SEA,True,6.0,12,22,93,3,1,0,0,0.2749,2743
2024,2024-06-24,Tanner Bibee,676440,R,CLE,BAL,False,6.0,7,25,96,5,1,1,0,0.213,2944
2024,2024-06-29,Tanner Bibee,676440,R,CLE,KC,False,6.0,3,20,89,4,0,2,2,0.1914,3082
2024,2024-07-05,Tanner Bibee,676440,R,CLE,SF,True,4.2,6,23,99,6,2,4,0,0.2158,3337
2024,2024-07-10,Tanner Bibee,676440,R,CLE,DET,False,7.0,8,28,109,5,3,4,1,0.234,3410
2024,2024-07-19,Tanner Bibee,676440,R,CLE,SD,True,5.2,3,21,102,2,3,0,0,0.1792,3694
2024,2024-07-24,Tanner Bibee,676440,R,CLE,DET,True,5.0,4,17,67,2,1,1,1,0.2318,3796
2024,2024-07-29,Tanner Bibee,676440,R,CLE,DET,False,6.0,2,24,95,7,0,2,0,0.2347,3966
2024,2024-08-11,Tanner Bibee,676440,R,CLE,MIN,False,5.2,5,23,84,6,0,1,1,0.2104,4405
2024,2024-08-17,Tanner Bibee,676440,R,CLE,MIL,False,5.0,7,18,83,3,1,1,1,0.2301,4668
2024,2024-08-23,Tanner Bibee,676440,R,CLE,TEX,True,5.2,6,26,94,8,1,4,0,0.2092,4784
2024,2024-08-28,Tanner Bibee,676440,R,CLE,KC,True,5.0,6,25,99,8,2,5,3,0.1825,4936
2024,2024-09-03,Tanner Bibee,676440,R,CLE,KC,False,6.0,6,24,91,2,3,1,0,0.185,5145
2024,2024-09-08,Tanner Bibee,676440,R,CLE,LAD,False,5.0,4,21,94,4,3,2,1,0.2186,5463
2024,2024-09-13,Tanner Bibee,676440,R,CLE,TB,True,6.0,9,25,91,8,0,3,2,0.2453,5491
2024,2024-09-18,Tanner Bibee,676440,R,CLE,MIN,True,6.2,5,27,96,5,1,2,0,0.2153,5686
2024,2024-09-24,Tanner Bibee,676440,R,CLE,CIN,True,7.0,7,26,88,4,2,1,0,0.2463,5801
2025,2025-03-30,Tanner Bibee,676440,R,CLE,KC,False,5.2,2,20,84,2,2,0,0,0.1918,73
2025,2025-04-05,Tanner Bibee,676440,R,CLE,LAA,False,4.0,4,23,89,9,1,7,4,0.2397,267
2025,2025-04-11,Tanner Bibee,676440,R,CLE,KC,True,4.2,4,20,96,3,4,0,0,0.1987,473
2025,2025-04-17,Tanner Bibee,676440,R,CLE,BAL,False,5.2,5,24,99,5,4,6,3,0.2246,619
2025,2025-04-22,Tanner Bibee,676440,R,CLE,NYY,True,6.0,5,24,106,5,3,2,1,0.2477,880
2025,2025-04-29,Tanner Bibee,676440,R,CLE,MIN,True,7.0,5,25,92,5,0,1,1,0.2176,1071
2025,2025-05-04,Tanner Bibee,676440,R,CLE,TOR,False,5.0,3,23,86,5,2,2,0,0.194,1232
2025,2025-05-10,Tanner Bibee,676440,R,CLE,PHI,True,7.0,3,26,96,5,0,1,0,0.2048,1470
2025,2025-05-16,Tanner Bibee,676440,R,CLE,CIN,False,6.0,4,28,105,10,1,4,2,0.2362,1706
2025,2025-05-22,Tanner Bibee,676440,R,CLE,DET,False,7.0,8,25,96,3,1,0,0,0.2273,1914
2025,2025-05-27,Tanner Bibee,676440,R,CLE,LAD,True,5.0,7,23,95,7,3,4,1,0.2128,2091
2025,2025-06-03,Tanner Bibee,676440,R,CLE,NYY,False,6.1,6,26,107,4,2,3,2,0.2257,2268
2025,2025-06-08,Tanner Bibee,676440,R,CLE,HOU,True,6.1,6,24,88,5,0,2,0,0.2057,2368
2025,2025-06-14,Tanner Bibee,676440,R,CLE,SEA,False,5.0,3,23,104,4,3,2,0,0.2296,2631
2025,2025-06-20,Tanner Bibee,676440,R,CLE,ATH,False,8.0,10,35,105,11,0,5,1,0.2161,2925
2025,2025-06-26,Tanner Bibee,676440,R,CLE,TOR,True,6.0,7,24,96,3,0,2,0,0.1778,3004
2025,2025-07-02,Tanner Bibee,676440,R,CLE,CHC,False,4.0,5,22,96,6,4,5,0,0.2012,3291
2025,2025-07-07,Tanner Bibee,676440,R,CLE,HOU,False,4.2,3,19,86,4,1,4,2,0.2053,3370
2025,2025-07-12,Tanner Bibee,676440,R,CLE,CWS,False,5.2,5,22,91,6,2,2,0,0.233,3472
2025,2025-07-21,Tanner Bibee,676440,R,CLE,BAL,True,7.0,4,27,86,6,0,3,1,0.237,3621
2025,2025-07-26,Tanner Bibee,676440,R,CLE,KC,False,5.0,8,22,93,7,0,4,2,0.1863,3785
2025,2025-08-02,Tanner Bibee,676440,R,CLE,MIN,True,4.2,5,24,93,8,2,4,1,0.2213,4057
2025,2025-08-08,Tanner Bibee,676440,R,CLE,CWS,False,5.1,7,24,98,5,4,4,1,0.228,4241
2025,2025-08-14,Tanner Bibee,676440,R,CLE,MIA,True,5.2,5,26,102,5,4,2,0,0.2083,4542
2025,2025-08-19,Tanner Bibee,676440,R,CLE,AZ,False,5.2,5,25,92,7,1,4,1,0.2064,4840
2025,2025-08-25,Tanner Bibee,676440,R,CLE,TB,True,6.0,3,29,98,8,3,5,2,0.2292,4865
2025,2025-08-31,Tanner Bibee,676440,R,CLE,SEA,True,6.1,4,27,91,6,2,4,1,0.2341,5195
2025,2025-09-06,Tanner Bibee,676440,R,CLE,TB,False,6.2,3,24,92,5,1,2,1,0.228,5268
2025,2025-09-12,Tanner Bibee,676440,R,CLE,CWS,True,9.0,10,30,103,2,0,0,0,0.2247,5457
2025,2025-09-18,Tanner Bibee,676440,R,CLE,DET,False,6.0,8,24,100,4,2,1,0,0.2349,5727
2025,2025-09-24,Tanner Bibee,676440,R,CLE,DET,True,6.0,5,24,105,5,2,1,0,0.2376,5906
2026,2026-03-26,Tanner Bibee,676440,R,CLE,SEA,False,5.0,7,20,78,4,2,3,3,0.2332,0
2026,2026-03-31,Tanner Bibee,676440,R,CLE,LAD,False,4.0,4,18,74,4,2,1,0,0.1544,136
2026,2026-04-06,Tanner Bibee,676440,R,CLE,KC,True,4.2,3,20,87,5,1,1,0,0.2149,335
2026,2026-04-12,Tanner Bibee,676440,R,CLE,ATL,False,4.2,4,24,93,11,1,8,1,0.1982,570
2026,2026-04-17,Tanner Bibee,676440,R,CLE,BAL,True,6.0,5,25,96,4,3,0,0,0.2388,716
2026,2026-04-22,Tanner Bibee,676440,R,CLE,HOU,True,6.0,3,24,95,5,2,2,1,0.1937,986
2026,2026-04-28,Tanner Bibee,676440,R,CLE,TB,True,5.0,6,22,93,4,3,1,0,0.1857,1088
2026,2026-05-04,Tanner Bibee,676440,R,CLE,KC,False,4.0,4,19,77,5,2,4,1,0.2247,1286
2026,2026-05-09,Tanner Bibee,676440,R,CLE,MIN,True,6.0,9,22,98,1,2,1,1,0.2221,1499
2026,2026-05-15,Tanner Bibee,676440,R,CLE,CIN,True,6.2,2,28,96,7,2,3,0,0.2425,1670
2026,2026-05-20,Tanner Bibee,676440,R,CLE,DET,False,8.0,5,28,104,4,1,1,0,0.2276,1841
2026,2026-05-25,Tanner Bibee,676440,R,CLE,WSH,True,3.0,3,16,61,8,0,7,5,0.2157,2109
2026,2026-05-31,Tanner Bibee,676440,R,CLE,BOS,True,6.0,5,24,90,6,1,3,1,0.221,2154
2026,2026-06-06,Tanner Bibee,676440,R,CLE,TEX,False,8.0,3,27,87,3,2,0,0,0.2297,2347
2026,2026-06-12,Tanner Bibee,676440,R,CLE,DET,True,7.0,8,25,91,2,2,2,2,0.2263,2598
2026,2026-03-29,Tatsuya Imai,837227,R,HOU,LAA,True,2.2,4,15,74,3,4,4,0,0.264,125
2026,2026-04-04,Tatsuya Imai,837227,R,HOU,ATH,False,5.2,9,22,94,3,3,0,0,0.3175,252
2026,2026-04-10,Tatsuya Imai,837227,R,HOU,SEA,False,0.1,0,7,37,1,4,3,0,0.2759,482
2026,2026-05-12,Tatsuya Imai,837227,R,HOU,SEA,True,4.0,3,21,80,5,3,6,2,0.2445,1579
2026,2026-05-18,Tatsuya Imai,837227,R,HOU,MIN,False,4.2,5,18,74,5,0,3,2,0.2299,1792
2026,2026-05-25,Tatsuya Imai,837227,R,HOU,TEX,False,6.0,2,20,97,0,4,0,0,0.2328,1950
2026,2026-05-31,Tatsuya Imai,837227,R,HOU,MIL,True,6.0,5,23,110,3,2,2,1,0.2107,2112
2026,2026-06-06,Tatsuya Imai,837227,R,HOU,ATH,True,5.0,8,24,92,5,3,2,0,0.2205,2417
2026,2026-06-12,Tatsuya Imai,837227,R,HOU,KC,False,0.2,1,7,38,4,1,5,0,0.2141,2601
2024,2024-03-30,Zack Littell,641793,R,TB,TOR,True,6.0,6,22,92,4,2,0,0,0.1892,74
2024,2024-04-05,Zack Littell,641793,R,TB,COL,False,5.0,5,20,69,5,0,1,0,0.2451,253
2024,2024-04-10,Zack Littell,641793,R,TB,LAA,False,4.1,4,22,99,6,3,1,0,0.2343,414
2024,2024-04-17,Zack Littell,641793,R,TB,LAA,True,5.2,7,25,107,8,0,3,1,0.2359,657
2024,2024-04-22,Zack Littell,641793,R,TB,DET,True,6.0,7,27,86,9,0,5,2,0.2476,840
2024,2024-04-28,Zack Littell,641793,R,TB,CWS,False,6.0,6,25,97,8,0,2,0,0.2479,964
2024,2024-05-04,Zack Littell,641793,R,TB,NYM,True,6.0,7,23,87,6,0,1,0,0.1979,1223
2024,2024-05-11,Zack Littell,641793,R,TB,NYY,True,5.2,3,23,80,4,2,2,0,0.2057,1522
2024,2024-05-16,Zack Littell,641793,R,TB,BOS,False,5.0,3,25,91,7,1,4,1,0.2624,1639
2024,2024-05-21,Zack Littell,641793,R,TB,BOS,True,5.2,7,21,77,3,1,2,1,0.2555,1832
2024,2024-05-28,Zack Littell,641793,R,TB,ATH,True,7.0,9,28,95,6,1,3,1,0.26,2046
2024,2024-06-02,Zack Littell,641793,R,TB,BAL,False,6.0,2,29,93,11,1,3,1,0.2153,2113
2024,2024-06-09,Zack Littell,641793,R,TB,BAL,True,6.0,3,26,100,7,1,3,1,0.2146,2386
2024,2024-06-14,Zack Littell,641793,R,TB,ATL,False,2.0,2,16,59,8,1,6,2,0.2311,2479
2024,2024-06-20,Zack Littell,641793,R,TB,MIN,False,5.0,5,21,95,5,2,2,1,0.2178,2778
2024,2024-06-25,Zack Littell,641793,R,TB,SEA,True,5.0,6,19,72,4,1,2,1,0.2745,2965
2024,2024-07-02,Zack Littell,641793,R,TB,KC,False,5.0,4,18,68,4,0,0,0,0.1921,3150
2024,2024-07-07,Zack Littell,641793,R,TB,TEX,False,4.0,5,21,83,9,1,7,1,0.2061,3324
2024,2024-07-13,Zack Littell,641793,R,TB,CLE,True,6.0,3,28,87,6,2,1,1,0.1979,3461
2024,2024-07-22,Zack Littell,641793,R,TB,NYY,False,5.2,6,26,102,9,2,5,3,0.2102,3844
2024,2024-07-27,Zack Littell,641793,R,TB,CIN,True,7.0,5,25,96,3,1,0,0,0.2467,3790
2024,2024-08-03,Zack Littell,641793,R,TB,HOU,False,5.2,3,20,79,4,1,1,1,0.1875,4113
2024,2024-08-09,Zack Littell,641793,R,TB,BAL,True,5.0,5,23,90,7,1,1,1,0.2145,4433
2024,2024-08-14,Zack Littell,641793,R,TB,HOU,True,5.0,3,18,68,1,2,1,1,0.1887,4509
2024,2024-09-02,Zack Littell,641793,R,TB,MIN,True,4.0,2,22,78,7,4,4,1,0.2124,5150
2024,2024-09-08,Zack Littell,641793,R,TB,BAL,False,5.0,4,20,81,3,1,0,0,0.2168,5447
2024,2024-09-13,Zack Littell,641793,R,TB,CLE,False,6.0,5,20,89,2,0,0,0,0.1987,5435
2024,2024-09-19,Zack Littell,641793,R,TB,BOS,True,7.0,7,22,75,1,0,0,0,0.2541,5813
2024,2024-09-25,Zack Littell,641793,R,TB,DET,False,4.2,7,21,91,7,0,3,1,0.2423,5841
2025,2025-03-29,Zack Littell,641793,R,TB,COL,True,6.0,7,22,87,4,0,1,0,0.2683,0
2025,2025-04-04,Zack Littell,641793,R,TB,TEX,False,7.0,3,27,82,6,2,5,1,0.1872,235
2025,2025-04-10,Zack Littell,641793,R,TB,LAA,True,4.0,4,21,78,8,1,7,4,0.2204,422
2025,2025-04-16,Zack Littell,641793,R,TB,BOS,True,6.0,5,25,90,5,3,1,1,0.2571,739
2025,2025-04-22,Zack Littell,641793,R,TB,AZ,False,6.0,2,24,99,6,1,3,2,0.197,858
2025,2025-04-27,Zack Littell,641793,R,TB,SD,False,5.0,1,20,73,5,1,2,0,0.1864,987
2025,2025-05-03,Zack Littell,641793,R,TB,NYY,False,7.0,3,24,81,3,0,2,2,0.2408,1246
2025,2025-05-09,Zack Littell,641793,R,TB,MIL,True,6.0,5,25,90,6,1,2,0,0.2131,1422
2025,2025-05-15,Zack Littell,641793,R,TB,TOR,False,7.1,2,28,87,8,1,3,3,0.197,1594
2025,2025-05-20,Zack Littell,641793,R,TB,HOU,True,5.0,6,23,103,7,0,2,1,0.2055,1742
2025,2025-05-26,Zack Littell,641793,R,TB,MIN,True,6.1,4,21,72,3,0,1,0,0.2219,1920
2025,2025-05-31,Zack Littell,641793,R,TB,HOU,False,9.0,6,37,117,10,1,3,2,0.2044,2113
2025,2025-06-06,Zack Littell,641793,R,TB,MIA,True,6.0,4,23,72,6,0,1,1,0.2169,2268
2025,2025-06-11,Zack Littell,641793,R,TB,BOS,False,6.0,6,27,92,8,0,4,4,0.2375,2703
2025,2025-06-17,Zack Littell,641793,R,TB,BAL,True,6.0,3,25,91,7,0,3,1,0.2403,2613
2025,2025-06-22,Zack Littell,641793,R,TB,DET,True,5.0,5,19,69,4,0,1,0,0.2308,2955
2025,2025-06-28,Zack Littell,641793,R,TB,BAL,False,7.0,5,25,93,3,2,1,1,0.2385,2998
2025,2025-07-04,Zack Littell,641793,R,TB,MIN,False,6.0,5,23,83,4,2,1,1,0.2233,3233
2025,2025-07-09,Zack Littell,641793,R,TB,DET,False,5.2,4,24,87,6,2,3,0,0.2293,3524
2025,2025-07-19,Zack Littell,641793,R,TB,BAL,True,6.0,3,24,89,7,0,2,0,0.2365,3547
2025,2025-07-25,Zack Littell,641793,R,TB,CIN,False,6.0,2,29,97,10,0,5,2,0.2279,3865
2025,2025-07-30,Zack Littell,641793,R,TB,NYY,False,5.0,4,21,94,2,4,0,0,0.2275,4127
2025,2025-08-05,Zack Littell,641793,R,CIN,CHC,False,7.0,8,26,92,3,2,1,1,0.2032,4307
2025,2025-08-10,Zack Littell,641793,R,CIN,PIT,False,4.2,3,24,83,9,0,4,0,0.235,4366
2025,2025-08-16,Zack Littell,641793,R,CIN,MIL,True,6.0,3,24,87,4,1,1,0,0.2055,4638
2025,2025-08-22,Zack Littell,641793,R,CIN,AZ,False,3.0,3,17,77,4,3,3,1,0.2061,4911
2025,2025-08-29,Zack Littell,641793,R,CIN,STL,True,7.0,4,28,97,6,0,3,2,0.2105,5065
2025,2025-09-03,Zack Littell,641793,R,CIN,TOR,True,4.1,6,20,88,7,1,5,4,0.176,5331
2025,2025-09-09,Zack Littell,641793,R,CIN,SD,False,6.0,4,22,94,2,1,2,0,0.1884,5424
2025,2025-09-15,Zack Littell,641793,R,CIN,STL,False,5.2,3,22,86,5,0,4,0,0.2154,5627
2025,2025-09-20,Zack Littell,641793,R,CIN,CHC,True,5.0,4,19,73,3,1,2,2,0.206,5869
2025,2025-09-26,Zack Littell,641793,R,CIN,MIL,False,4.2,3,20,85,3,2,1,0,0.2024,6116
2026,2026-04-06,Zack Littell,641793,R,WSH,STL,True,5.0,6,22,70,4,3,1,0,0.2196,337
2026,2026-04-12,Zack Littell,641793,R,WSH,MIL,False,5.0,3,21,71,6,0,3,3,0.2247,543
2026,2026-04-17,Zack Littell,641793,R,WSH,SF,True,4.0,4,23,77,11,1,8,2,0.2115,676
2026,2026-04-22,Zack Littell,641793,R,WSH,ATL,True,6.0,1,28,96,7,2,6,4,0.1944,926
2026,2026-04-28,Zack Littell,641793,R,WSH,NYM,False,3.2,1,20,84,5,3,4,2,0.2162,1036
2026,2026-05-15,Zack Littell,641793,R,WSH,BAL,True,5.0,3,20,87,2,2,0,0,0.2453,1647
2026,2026-05-20,Zack Littell,641793,R,WSH,NYM,True,5.0,3,20,60,5,0,2,1,0.2066,1805
2026,2026-05-31,Zack Littell,641793,R,WSH,SD,True,6.0,5,24,84,5,2,2,0,0.2318,2079
2026,2026-06-06,Zack Littell,641793,R,WSH,AZ,False,5.0,4,19,64,2,1,1,0,0.2027,2334
2026,2026-06-12,Zack Littell,641793,R,WSH,SEA,True,1.2,0,10,56,4,1,5,1,0.2278,2651
