player_id,name,bats,total_pa,k_pct,bb_pct,iso,exit_velo,launch_angle,hard_hit_pct,barrel_pct,whiff_pct,sweet_spot_pct
660271,Shohei Ohtani,L,1762.0,23.609534619750285,13.564131668558456,0.3235097119892833,95.07347972972973,15.1,58.43468468468468,21.54876126126126,30.951351351351352,37.91751126126126
656941,Kyle Schwarber,L,1718.0,28.9871944121071,14.959254947613504,0.28910614525139666,93.78178674351585,18.396829971181557,56.36512968299712,18.744380403458212,32.90028818443804,34.69463976945245
621566,Matt Olson,L,1717.0,24.286546301688993,11.182294700058241,0.22496662216288385,92.62439306358382,15.982716763005783,50.77832369942197,13.647687861271676,26.016936416184972,35.554797687861274
624413,Pete Alonso,R,1716.0,23.543123543123542,9.557109557109557,0.23306772908366533,92.27436342592593,14.754050925925926,51.42615740740741,15.369965277777778,25.425520833333334,34.04137731481482
677951,Bobby Witt Jr.,R,1713.0,16.754232340922357,8.056042031523642,0.2199870214146658,93.03489312536107,15.488041594454073,49.11478913922588,13.101790872328134,23.167244367417677,36.10346620450607
680776,Jarren Duran,L,1711.0,24.137931034482758,7.71478667445938,0.1937984496124031,91.06774941995359,11.25707656612529,44.32296983758701,9.83538283062645,28.367227378190258,33.759686774942
683002,Gunnar Henderson,L,1696.0,22.169811320754718,9.787735849056604,0.20505992010652463,91.86036299765809,9.86844262295082,50.466100702576114,9.73407494145199,24.70638173302108,31.875995316159248
608070,José Ramírez,S,1669.0,11.983223487118035,9.646494907130018,0.22822417285617827,89.28597962852008,19.419892150988616,39.38262432594368,7.578550029958059,15.474116237267825,35.362852007189936
642715,Willy Adames,R,1669.0,26.003594967046137,10.24565608148592,0.2017603249830738,88.7954788816181,21.151041046995836,42.05008923259964,11.84306960142772,29.085365853658537,37.029387269482456
665489,Vladimir Guerrero Jr.,R,1665.0,13.213213213213214,11.23123123123123,0.17918676774638181,92.44913329348475,7.70412432755529,51.28206814106395,11.805020920502091,21.12845188284519,33.380932456664674
668227,Randy Arozarena,R,1659.0,25.678119349005424,9.945750452079565,0.17498243148278286,91.0212778782399,12.070584689572033,46.516094032549724,9.579204339963834,29.15388788426763,32.015310427968664
665742,Juan Soto,L,1654.0,17.291414752116083,17.230955259975815,0.271513353115727,93.86796174536761,11.987806335923489,55.20442319187089,18.471846981470414,21.782127913927077,33.7750747160789
668804,Bryan Reynolds,S,1654.0,23.88149939540508,9.73397823458283,0.16336295283663704,90.68108916816279,7.975164572112507,45.75152603231598,9.951286654697785,29.14715739078396,37.482704967085574
621493,Taylor Ward,R,1653.0,24.440411373260737,12.159709618874773,0.19184820801124386,90.31589682063587,17.086322735452907,42.15110977804439,11.640791841631675,23.166946610677865,37.76586682663467
682829,Elly De La Cruz,S,1652.0,28.753026634382568,9.564164648910412,0.19945909398242057,91.83486682808716,9.184806295399515,46.18541162227603,12.042312348668283,32.011743341404355,34.53268765133172
650333,Luis Arraez,L,1648.0,3.8228155339805827,4.429611650485437,0.09417920209287116,86.42784125075165,13.300180396873122,20.573722188815392,1.1690318701142515,6.611605532170775,39.281599518941675
592450,Aaron Judge,R,1644.0,24.51338199513382,18.18734793187348,0.3546423135464231,95.53619221411194,18.3014598540146,59.25614355231144,25.292761557177617,32.54890510948905,39.0787104622871
677594,Julio Rodríguez,R,1641.0,22.730042656916513,6.52041438147471,0.1756129887342611,91.44424939467312,10.118401937046004,47.35181598062954,9.789104116222761,29.042554479418882,31.991404358353513
646240,Rafael Devers,L,1633.0,26.454378444580527,12.308634415186773,0.22411347517730495,93.08329283110571,12.426852976913729,53.49738760631835,13.654860267314701,31.22922235722965,34.28153098420414
661388,William Contreras,R,1621.0,18.260333127698953,11.47439851943245,0.15406360424028268,91.5720146968769,7.619350887936314,47.741579914268215,8.077526025719536,24.667176974892836,30.356338028169016
664023,Ian Happ,S,1616.0,25.556930693069308,12.871287128712872,0.20086393088552915,90.28352725045927,15.736007348438457,44.779363135333746,11.632210655235761,27.25021432945499,35.68634415186773
682998,Corbin Carroll,L,1613.0,21.38871667699938,10.725356478611284,0.24411134903640258,90.85095033721643,14.167933782955243,45.971489883507054,11.083261802575107,23.716922133660333,30.492458614347026
663538,Nico Hoerner,R,1607.0,8.462974486621032,7.031736154324829,0.09794520547945205,86.12078963602714,11.649167180752624,28.680999383096854,1.660024676125848,11.374706971005553,36.040037014188776
607043,Brandon Nimmo,L,1607.0,22.4019912881145,9.39639079029247,0.1692524682651622,91.95633106856083,11.2,49.50401482396541,9.358122297714639,23.448424953675108,32.25812229771464
592518,Manny Machado,R,1600.0,19.75,7.9375,0.19037800687285222,92.1917748917749,12.931539888682746,48.742238713667284,11.430550401978973,25.295856524427954,33.57860235003092
668930,Brice Turang,L,1574.0,20.838627700127066,10.355781448538755,0.13472622478386168,89.4381163084703,7.448862199747155,40.070859671302145,6.077876106194691,18.202022756005057,34.25214917825537
672580,Maikel Garcia,R,1567.0,14.67772814294831,8.104658583280154,0.1288732394366197,90.7258719086874,8.191249207355739,43.53639822447685,4.755421686746988,15.151363348129358,34.015916296766015
521692,Salvador Perez,R,1567.0,19.52776005105297,5.360561582641991,0.18541666666666667,90.17720959595961,18.26837121212121,44.66868686868687,12.484974747474748,26.976515151515155,36.48813131313131
518692,Freddie Freeman,L,1563.0,17.78630838131798,11.004478566858605,0.19837758112094395,90.23449367088608,13.88132911392405,43.90588607594937,10.213987341772151,23.276708860759495,39.18462025316455
650490,Yandy Díaz,R,1553.0,14.230521571152607,8.564069542820349,0.16522988505747127,92.20687022900763,5.343511450381679,49.529389312977095,8.024809160305344,15.751335877862594,28.483206106870227
514888,Jose Altuve,R,1550.0,17.677419354838708,8.0,0.15871886120996442,85.8270166453265,14.695774647887324,31.66760563380282,6.388860435339308,22.034699103713187,32.664660691421254
682985,Riley Greene,L,1536.0,28.7109375,9.5703125,0.2134502923976608,90.74803098773403,14.384635248547449,47.10387346675274,14.924531956100711,29.33421562298257,37.92956746287928
682928,CJ Abrams,L,1532.0,20.430809399477805,6.919060052219321,0.19054545454545455,88.78766946417042,14.785087153001935,40.326791478373146,7.9509360877985795,25.42298256939961,33.83576500968367
647304,Josh Naylor,L,1530.0,14.77124183006536,8.431372549019608,0.17638483965014579,89.2187214611872,11.953489889106327,40.71474233529028,7.153620352250489,21.625309849967383,30.549575994781474
543760,Marcus Semien,R,1528.0,16.75392670157068,8.704188481675393,0.14212827988338192,87.48266494178525,18.114230271668823,35.0738680465718,7.068434670116429,21.561448900388097,34.975032341526514
686469,Vinnie Pasquantino,L,1527.0,14.996725605762935,7.9240340537000655,0.18526622902990517,90.47891290111329,16.44551407989522,44.01905697445973,8.790635232481991,16.400261951538965,33.62462344466274
596019,Francisco Lindor,S,1526.0,18.15203145478375,8.650065530799475,0.2066420664206642,90.70812581913499,15.937221494102227,45.671952817824376,11.063368283093054,22.45340760157274,34.720380078636964
641355,Cody Bellinger,L,1519.0,14.219881500987492,9.414088215931534,0.1886094674556213,88.31532941943901,18.212263535551205,35.86333985649054,7.155055446836269,19.541422048271365,36.284474885844745
667670,Brent Rooker,R,1516.0,26.187335092348285,9.432717678100264,0.23446745562130178,91.07889182058048,17.85441952506596,46.35573878627969,15.156068601583112,33.15422163588391,38.396503957783644
663728,Cal Raleigh,S,1514.0,27.807133421400263,12.219286657859973,0.26630851880276285,90.6919185282523,23.313600525624175,46.70860709592641,16.980289093298293,31.169513797634693,35.249934296977656
680757,Steven Kwan,L,1504.0,9.175531914893616,9.507978723404255,0.10427606901725431,85.66538716082066,15.12905360688286,18.903838517538055,1.8925876902713434,8.337326273990733,38.88477829252152
547180,Bryce Harper,L,1501.0,20.919387075283144,12.658227848101266,0.23511214230471772,90.95395256916997,12.490909090909092,47.204479578392615,11.714690382081685,28.915942028985505,36.976482213438736
621020,Dansby Swanson,R,1497.0,25.11690046760187,8.95123580494322,0.15687732342007435,89.79781456953643,12.86364238410596,44.248013245033114,9.781523178807946,29.88317880794702,33.193841059602654
668715,Spencer Steer,R,1491.0,21.5962441314554,10.060362173038229,0.17602427921092564,88.01390552228875,17.817697937458416,37.108117099135065,8.171457085828344,24.189288090485697,34.90538922155689
542303,Marcell Ozuna,R,1488.0,25.134408602150536,12.567204301075268,0.1953125,90.84246483590088,15.308238446081715,47.784929671801734,12.943804420629604,29.093904889484264,38.17334226389819
572233,Christian Walker,R,1487.0,25.151311365164762,7.935440484196368,0.21036814425244177,90.9274118429807,16.231137724550898,46.735728542914174,12.674451097804392,28.555555555555557,33.7731869594145
607208,Trea Turner,R,1483.0,18.476062036412678,6.068779501011464,0.15239477503628446,89.07914438502674,10.13475935828877,40.76657754010695,6.005013368983957,25.927339572192516,32.94826203208556
650402,Gleyber Torres,R,1482.0,18.15114709851552,12.078272604588394,0.12470588235294118,88.77006068779501,13.69143627781524,36.45043830074174,7.3095751854349285,21.31928523263655,38.25407956844235
656305,Matt Chapman,R,1476.0,23.441734417344172,11.178861788617887,0.19502719502719504,91.80496311200535,14.777129443326627,45.66552649228706,10.472568745808182,23.897183098591547,30.83883299798793
673548,Seiya Suzuki,R,1472.0,26.222826086956523,10.733695652173912,0.21068938807126258,91.15575757575756,17.263838383838387,47.739999999999995,13.350101010101008,24.622626262626262,39.26282828282828
687263,Zach Neto,R,1468.0,26.362397820163487,7.356948228882834,0.20503048780487804,89.72072678331091,16.41493943472409,41.35262449528937,11.464872139973082,28.82274562584119,34.020861372812924
683737,Michael Busch,L,1468.0,25.272479564032697,11.307901907356948,0.21445404556166536,90.53151515151517,16.725117845117847,43.55252525252525,13.721952861952863,26.55757575757576,37.593131313131316
553993,Eugenio Suárez,R,1467.0,28.902522154055898,7.498295841854124,0.2421934501142422,89.31139581928522,20.5757923128793,42.92272420768712,12.321038435603505,31.663047875927177,36.18017532029669
608324,Alex Bregman,R,1448.0,14.433701657458563,8.7707182320442,0.1731066460587326,89.18478854024556,17.502455661664392,41.311118690313776,6.188949522510232,14.623260572987721,33.672987721691676
666969,Adolis García,R,1443.0,27.442827442827443,6.514206514206514,0.165402124430956,91.61441441441441,15.420997920997921,47.5954954954955,11.584476784476786,32.837560637560635,34.28225918225918
691026,Masyn Winn,R,1436.0,18.454038997214486,6.8245125348189415,0.1225114854517611,87.51973775017254,14.104830917874397,33.51801242236025,4.012767425810904,19.92456866804693,32.646721877156665
676475,Alec Burleson,L,1435.0,13.937282229965156,6.968641114982578,0.16819571865443425,90.59579889807164,13.880371900826443,43.473966942148756,8.699035812672177,19.053856749311294,34.230027548209364
606466,Ketel Marte,S,1430.0,16.363636363636363,10.48951048951049,0.23820943245403678,92.15241712707181,11.793577348066297,49.353729281767954,12.291298342541438,21.675414364640883,33.15379834254144
665833,Oneil Cruz,L,1426.0,31.7671809256662,10.168302945301543,0.18938193343898574,95.71367461430576,8.714866760168302,56.40189340813465,16.775876577840112,34.79614305750351,32.42678821879383
665487,Fernando Tatis Jr.,R,1425.0,20.210526315789473,10.385964912280702,0.1674641148325359,92.96902286902287,8.428828828828829,53.40582120582121,12.070963270963269,27.703811503811508,31.096812196812195
665862,Jazz Chisholm Jr.,L,1423.0,26.493323963457485,9.768095572733662,0.19936708860759494,89.52026462395544,13.758774373259051,41.814623955431756,11.54484679665738,30.90633704735376,30.551114206128133
641857,Ryan McMahon,L,1418.0,30.465444287729195,10.860366713681241,0.15878107457898957,92.39051966292133,11.875983146067417,49.96144662921349,11.357794943820224,32.43806179775281,35.0438904494382
543807,George Springer,R,1416.0,18.85593220338983,10.805084745762711,0.1910569105691057,88.62097902097902,13.432727272727272,41.49944055944056,11.966713286713288,25.41874125874126,34.34265734265734
678882,Ceddanne Rafaela,R,1412.0,22.662889518413596,4.036827195467422,0.15634441087613293,87.29978962131837,13.246213183730715,37.52819074333801,7.974263674614305,28.793969144460025,34.468723702664796
605137,Josh Bell,S,1408.0,19.389204545454547,8.948863636363637,0.160828025477707,89.58296973962,10.903729767769176,43.08923293455313,9.851794510907812,25.33898662913441,32.77192118226601
645277,Ozzie Albies,S,1403.0,13.89878831076265,7.412687099073414,0.14094488188976378,87.6877824858757,18.142161016949153,30.678036723163835,5.21066384180791,20.552612994350284,33.668855932203385
606192,Teoscar Hernández,R,1402.0,26.890156918687588,6.990014265335235,0.2107728337236534,90.32781740370898,10.44978601997147,46.30912981455064,13.054921540656206,32.46918687589158,33.96519258202567
694384,Nolan Schanuel,L,1395.0,15.125448028673835,10.17921146953405,0.1180842279108175,86.84595170454546,11.461647727272727,27.88565340909091,3.7827414772727277,15.414630681818183,36.72109375
671218,Heliot Ramos,R,1389.0,24.47804175665947,7.1274298056155505,0.16666666666666666,91.71346292296616,10.633621310295176,47.602015838732896,11.63383729301656,27.01144708423326,33.310655147588186
672695,Geraldo Perdomo,S,1388.0,12.60806916426513,12.103746397694524,0.13819742489270387,87.41316725978648,15.315871886120998,30.25772241992883,4.625195729537366,11.949537366548041,34.1629181494662
664761,Alec Bohm,R,1376.0,15.043604651162791,6.3226744186046515,0.14512291831879462,90.40453563714904,8.942764578833692,44.88596112311015,6.140388768898488,16.37084233261339,35.425485961123115
681082,Bryson Stott,L,1372.0,16.545189504373177,8.965014577259476,0.12887438825448613,87.72213410237924,14.677144917087238,32.10237923576064,4.870079307858688,16.91578947368421,35.25039653929344
592206,Nick Castellanos,R,1370.0,22.335766423357665,5.693430656934306,0.16246056782334384,88.07970802919708,15.004087591240875,36.52912408759124,7.911751824817517,30.316788321167884,39.284963503649635
671739,Michael Harris II,L,1365.0,20.073260073260073,3.663003663003663,0.16795665634674922,90.69992700729928,8.209416058394162,46.1663503649635,10.524160583941605,25.01824817518248,31.18372262773723
681624,Andy Pages,R,1363.0,22.157006603081438,5.649303008070433,0.18819776714513556,88.8273714699493,17.90094134685011,40.44945691527879,9.296958725561188,23.40760318609703,39.07748008689356
683011,Anthony Volpe,R,1363.0,23.697725605282464,7.043286867204696,0.14561544650040226,88.44210116731519,10.255252918287939,38.4147859922179,6.961167315175097,23.759533073929962,33.90295719844358
686217,Sal Frelick,L,1360.0,13.455882352941176,8.014705882352942,0.09480626545754328,84.78432234432235,10.472967032967032,24.493992673992675,2.036117216117216,12.603150183150186,29.852234432234436
502671,Paul Goldschmidt,R,1358.0,22.38586156111929,7.216494845360825,0.162227602905569,90.4442097596504,14.647123088128186,46.09264384559359,9.872687545520758,24.20436999271668,35.33692643845593
691718,Pete Crow-Armstrong,L,1357.0,24.244657332350773,5.453205600589536,0.2001627339300244,89.85443313953488,19.14251453488372,42.55763081395349,10.96111918604651,28.942950581395348,33.976235465116275
695578,James Wood,L,1356.0,30.678466076696164,13.348082595870206,0.21582115219260534,94.23799126637554,6.260698689956331,55.73107714701601,16.91113537117904,31.7882096069869,36.62671033478894
670623,Isaac Paredes,R,1354.0,16.765140324963074,11.299852289512556,0.17301038062283736,86.18975109809664,22.970571010248904,30.171669106881406,5.623426061493411,16.775402635431917,37.25322108345534
701538,Jackson Merrill,L,1353.0,20.39911308203991,6.2823355506282335,0.18875502008032127,90.11029197080292,14.682773722627736,44.25562043795621,11.749124087591241,24.371970802919712,40.35722627737226
669127,Shea Langeliers,R,1351.0,22.575869726128794,7.327905255366395,0.24634146341463414,91.21443223443224,17.443956043956042,44.277142857142856,12.58630036630037,26.77164835164835,35.248937728937726
663993,Nathaniel Lowe,L,1344.0,24.107142857142858,11.383928571428571,0.15731292517006804,88.97147080561714,9.920916481892093,40.90007390983001,7.252993348115298,22.39253510716925,34.1640059127864
641487,J.P. Crawford,L,1338.0,20.029895366218238,11.958146487294469,0.12294372294372294,87.51537890044577,12.230757800891531,36.04309063893017,6.239524517087668,19.77793462109955,36.6447251114413
665161,Jeremy Peña,R,1338.0,16.741405082212257,5.381165919282512,0.1454248366013072,88.26393805309735,8.745796460176992,40.04513274336283,6.352949852507375,25.98532448377581,29.892994100294985
605141,Mookie Betts,R,1336.0,10.853293413173652,10.029940119760479,0.1692047377326565,89.50769230769231,19.323224852071007,37.36568047337278,6.100295857988166,14.917011834319526,39.14238165680474
678662,Ezequiel Tovar,R,1336.0,27.54491017964072,4.341317365269461,0.17000801924619086,88.81508875739645,17.783875739644966,38.67144970414201,8.88905325443787,32.18328402366864,39.84201183431953
672640,Otto Lopez,R,1327.0,15.297663903541824,6.028636021100226,0.12061939690301549,88.73715562174237,7.195979151154133,39.971556217423675,6.383320923306031,20.26820551005212,31.211541325390915
676391,Ernie Clement,R,1323.0,9.82615268329554,3.5525321239606953,0.1374900079936051,85.96197604790417,16.95988023952096,25.428443113772456,2.9622754491017966,14.842814371257486,35.13353293413173
694192,Jackson Chourio,R,1323.0,21.31519274376417,6.122448979591836,0.19673469387755102,89.86044943820224,9.584494382022474,44.193483146067415,9.610187265917602,26.083370786516856,33.72142322097379
571448,Nolan Arenado,R,1320.0,14.621212121212121,7.121212121212121,0.1361737677527151,86.26482035928143,18.061377245508982,31.787499999999998,4.083832335329341,18.737574850299403,34.2062125748503
666176,Jo Adell,R,1320.0,26.21212121212121,5.757575757575758,0.20695364238410596,90.75448430493273,16.43153961136024,47.157473841554555,13.404409566517192,28.37496263079223,33.197458893871456
650489,Willi Castro,S,1316.0,24.164133738601823,8.434650455927052,0.13155631986242478,87.38124531132783,13.569692423105774,38.05026256564141,6.610052513128283,28.837359339834958,36.29722430607652
679529,Spencer Torkelson,R,1300.0,28.0,10.384615384615385,0.19490781387181738,89.91645087585682,21.784310738766187,43.44683929931455,11.642041127189643,27.718202589489717,38.502284843869
673237,Yainer Diaz,R,1292.0,16.873065015479877,3.637770897832817,0.1473941368078176,89.83958333333334,9.171682098765432,43.509182098765436,8.11003086419753,23.6695987654321,33.96319444444445
630105,Jake Cronenworth,L,1285.0,19.299610894941633,11.206225680933851,0.13357731015553523,88.45346303501947,13.69750972762646,37.24031128404669,6.954708171206225,18.33136186770428,33.376264591439686
671277,Luis García Jr.,L,1278.0,15.96244131455399,4.851330203442879,0.16957605985037408,90.10355486862441,9.0516228748068,44.23833075734158,8.369397217928903,20.96182380216383,32.85054095826893
593428,Xander Bogaerts,R,1273.0,17.28201099764336,7.9340141398271795,0.12282229965156795,88.44290147401085,10.241660201706749,36.555934833204034,6.210938712179985,20.413731574864237,33.240884406516685
657757,Gavin Sheets,L,1272.0,20.833333333333332,8.726415094339623,0.16535433070866143,88.93271173271172,14.17987567987568,41.784304584304586,7.877311577311576,22.700388500388502,39.33954933954934
666182,Bo Bichette,R,1268.0,16.324921135646687,6.230283911671925,0.14066496163682865,90.45496894409938,7.863664596273292,46.53695652173912,6.862111801242236,19.112732919254658,35.499068322981365
671732,Lawrence Butler,L,1268.0,26.498422712933753,8.990536277602523,0.1803135888501742,90.44197819314641,9.17873831775701,45.532788161993764,9.424688473520249,30.334034267912774,34.15576323987539
680977,Brendan Donovan,L,1268.0,12.854889589905362,7.886435331230284,0.14058355437665782,88.88312302839115,12.921293375394322,38.56593059936908,6.752681388012618,14.831703470031545,38.18083596214511
656811,Ryan O'Hearn,L,1266.0,18.088467614533965,9.794628751974724,0.1623550401427297,89.59158222915043,11.802883865939206,42.053312548713954,7.120420888542479,21.20233826968044,35.78394388152767
664040,Brandon Lowe,L,1264.0,26.34493670886076,8.069620253164556,0.23534558180227472,90.38447737909516,15.371060842433698,45.35358814352574,12.56396255850234,33.452496099844,38.025897035881435
669701,Josh Smith,L,1263.0,19.08155186064925,9.105304829770388,0.11711711711711711,87.50686119873816,14.468533123028394,34.09731861198738,4.401971608832808,20.867744479495272,33.94045741324921
686668,Brenton Doyle,R,1263.0,26.207442596991292,6.888361045130641,0.15584415584415584,89.36294536817103,11.123832145684878,42.164212193190814,10.226049089469518,29.989231987331753,34.36658749010293
663697,Jonathan India,R,1262.0,19.334389857369256,11.251980982567353,0.12987012987012986,87.52965116279071,15.195348837209304,36.64127906976744,6.805232558139535,19.529651162790696,36.33313953488372
694671,Wyatt Langford,R,1248.0,23.477564102564102,10.496794871794872,0.17181818181818181,90.33603174603174,16.78230158730159,44.817460317460316,11.182380952380951,24.487460317460314,33.020476190476195
665926,Andrés Giménez,L,1245.0,16.947791164658636,4.738955823293173,0.10026385224274406,86.27996807661613,9.818036711891459,27.302873104549082,3.059217877094972,23.595291300877893,31.72905027932961
660821,Jesús Sánchez,L,1242.0,23.59098228663446,7.326892109500805,0.16431095406360424,91.76429143314652,8.973578863090472,47.33018414731785,11.684787830264211,27.989351481184947,31.650680544435552
669394,Jake Burger,R,1229.0,25.549227013832382,5.207485760781123,0.1971954425942156,90.70402576489533,13.56876006441224,47.26843800322061,12.207085346215782,31.006038647342994,32.70990338164251
573262,Mike Yastrzemski,L,1229.0,22.701383238405207,10.414971521562245,0.175,90.59677419354838,19.148225806451613,41.78709677419355,8.476129032258065,22.686935483870972,33.68354838709678
656775,Cedric Mullins,L,1229.0,21.236777868185516,9.03173311635476,0.16296296296296298,87.95921158487529,23.586725663716816,33.84746580852776,5.163555913113436,21.01922767497989,31.22984714400644
690993,Colt Keith,L,1228.0,20.684039087947884,7.736156351791531,0.12667261373773417,88.82168284789643,12.486084142394823,39.6126213592233,7.44336569579288,22.69482200647249,37.66148867313916
663656,Kyle Tucker,L,1225.0,16.408163265306122,14.693877551020408,0.2109375,90.0791935483871,17.87677419354839,41.38508064516129,10.050241935483871,20.63193548387097,37.20282258064516
669364,Xavier Edwards,S,1225.0,14.36734693877551,9.714285714285714,0.09283088235294118,86.70588709677419,8.602822580645162,28.846209677419356,2.2496774193548386,14.220403225806452,36.24435483870968
668939,Adley Rutschman,S,1215.0,15.555555555555555,9.958847736625515,0.15584415584415584,88.79429502852486,16.49788101059495,38.72844335778321,7.0276283618581905,15.997962510187449,35.35069274653627
643217,Andrew Benintendi,L,1213.0,19.703215169002473,8.161582852431987,0.177007299270073,88.26257166257167,18.10859950859951,37.96928746928747,9.02915642915643,24.05921375921376,36.47436527436527
670770,TJ Friedl,L,1204.0,17.358803986710964,9.966777408637874,0.12209302325581395,86.95107973421928,15.37890365448505,31.41262458471761,2.841611295681063,18.943853820598008,31.447757475083055
663586,Austin Riley,R,1201.0,27.310574521232308,7.327227310574521,0.1773308957952468,92.41630971993409,17.09052718286656,50.1843492586491,13.944481054365731,29.365568369028008,35.55535420098847
666971,Lourdes Gurriel Jr.,R,1201.0,16.319733555370526,5.661948376353039,0.15565610859728507,87.94706368899918,15.725310173697272,38.586269644334166,6.8712158808933,20.764102564102565,35.4531017369727
621439,Byron Buxton,R,1199.0,26.438698915763137,6.755629691409508,0.2821691176470588,91.91747732893653,19.164962901896125,51.02019785655399,16.540560593569662,31.50923330585326,35.03446001648805
575929,Willson Contreras,R,1195.0,25.606694560669457,9.539748953974895,0.20703125,90.77700578990901,13.958395368072788,47.27659222497932,13.124317617866005,31.03978494623656,34.93953680727874
687401,Joey Ortiz,R,1184.0,17.22972972972973,8.699324324324325,0.11311787072243346,86.49216512215669,10.977000842459983,35.282392586352145,3.7748104465037917,16.68837405223252,26.282224094355517
608369,Corey Seager,L,1182.0,20.050761421319798,11.336717428087987,0.2189922480620155,92.24585448392554,12.5085448392555,50.77351945854484,15.28274111675127,27.04441624365482,36.08054145516075
669257,Will Smith,R,1181.0,19.30567315834039,11.685012701100762,0.18199802176063304,90.20355630821338,18.793480101608804,43.4403048264183,11.805419136325147,20.61405588484335,40.355122777307365
683734,Andrew Vaughn,R,1171.0,18.958155422715627,6.746370623398804,0.15902712815715622,90.69821731748726,14.68225806451613,44.89354838709677,9.763582342954159,21.562903225806455,35.506960950764004
663616,Trevor Larnach,L,1170.0,21.623931623931625,10.256410256410257,0.15518913676042678,90.44605597964376,11.930364715860899,42.673367260390165,8.040033927056829,28.65190839694657,35.88049194232401
664034,Ty France,R,1168.0,19.948630136986303,5.821917808219178,0.12890995260663507,89.35903307888042,11.158015267175571,42.85581000848176,7.923409669211196,23.752332485156913,32.91051738761662
668709,JJ Bleday,L,1165.0,21.373390557939913,10.815450643776824,0.2079303675048356,88.79035532994925,19.60067681895093,38.65211505922166,8.668527918781727,26.977834179357025,35.91624365482234
643446,Jeff McNeil,L,1162.0,13.33907056798623,8.864027538726335,0.14035087719298245,86.93560477001704,14.90511073253833,31.706132879045995,3.4781942078364563,17.084497444633733,36.18586030664395
677800,Wilyer Abreu,L,1153.0,24.544666088464876,9.019947961838682,0.1994191674733785,90.82082262210797,20.298200514138816,46.16221079691517,11.567095115681234,25.703598971722368,33.290488431876604
669016,Brandon Marsh,L,1150.0,28.08695652173913,8.695652173913043,0.16812439261418854,91.07600685518425,13.180634104541559,46.89905741216795,8.870265638389032,25.3413881748072,41.37095115681233
457705,Andrew McCutchen,R,1149.0,23.759791122715406,11.66231505657093,0.1462925851703407,89.01688555347091,14.403377110694183,39.79455909943715,10.139212007504693,27.504409005628514,33.24390243902439
670541,Yordan Alvarez,L,1144.0,15.821678321678322,12.5,0.26078028747433263,93.76856158484065,18.38449612403101,51.40327304048234,15.562962962962962,20.131352282515074,39.710249784668385
592663,J.T. Realmuto,R,1140.0,23.24561403508772,6.666666666666667,0.136669874879692,89.56716027874565,10.343379790940768,44.928832752613246,8.827700348432057,24.98353658536585,36.35296167247387
681351,Logan O'Hoppe,R,1136.0,29.31338028169014,6.161971830985915,0.15377268385864373,90.16363636363637,16.357517482517483,45.460314685314685,12.542395104895105,32.54676573426573,37.24562937062937
592885,Christian Yelich,L,1132.0,24.204946996466433,10.68904593639576,0.1815446339017051,90.22515337423313,3.0343558282208587,45.25460122699386,9.142944785276073,27.819018404907975,31.236809815950917
624585,Jorge Soler,R,1132.0,27.473498233215548,10.424028268551236,0.18864097363083165,89.71925795053004,15.921908127208479,42.87164310954064,12.376590106007066,30.564840989399293,33.583657243816255
691406,Junior Caminero,R,1125.0,18.933333333333334,8.266666666666667,0.24019607843137256,92.1446976336547,9.168273444347063,50.27046450482033,13.140841367221736,25.26801051709027,26.848816827344436
668901,Mark Vientos,R,1125.0,26.4,6.222222222222222,0.20193236714975846,90.93721340388008,12.053174603174602,47.694797178130514,12.31305114638448,32.839682539682535,33.78730158730159
691016,Tyler Soderstrom,L,1119.0,21.89454870420018,9.830205540661305,0.20402010050251257,91.18126649076517,9.432189973614777,48.284960422163586,11.814775725593668,25.277836411609496,32.30765171503958
696285,Jacob Young,R,1116.0,18.906810035842295,6.093189964157706,0.08639523336643495,87.11329787234042,5.615780141843972,32.247517730496455,2.7954787234042553,18.816134751773053,29.71578014184397
678246,Miguel Vargas,R,1106.0,18.625678119349004,11.39240506329114,0.17450365726227796,89.06875559534468,21.516741271262312,38.79570277529096,9.773679498657119,20.700805729632947,36.49758281110117
467793,Carlos Santana,S,1094.0,18.09872029250457,10.877513711151737,0.14583333333333334,88.48988764044944,16.36629213483146,38.96797752808988,6.234831460674157,23.7438202247191,30.98876404494382
663647,Ke'Bryan Hayes,R,1094.0,18.82998171846435,6.124314442413163,0.06719367588932806,89.29561243144424,8.014808043875686,42.23528336380255,4.365265082266911,19.166544789762337,31.329433272394883
621043,Carlos Correa,R,1092.0,18.315018315018314,9.432234432234432,0.15439672801635992,90.26492673992674,7.824816849816851,44.88983516483516,8.111996336996336,21.738919413919415,34.726465201465196
643289,Mauricio Dubón,R,1090.0,12.752293577981652,5.321100917431193,0.11242603550295859,85.64823209428829,14.360108794197643,26.95521305530372,3.0514052583862195,17.290571169537625,32.90326382592929
681297,Colton Cowser,L,1089.0,31.955922865013775,8.999081726354454,0.19361483007209063,89.98,13.167671232876712,43.82657534246576,13.605479452054793,32.19397260273972,31.97945205479453
624424,Michael Conforto,L,1083.0,25.115420129270543,10.43397968605725,0.1791359325605901,90.45684113865931,14.321671258034895,45.78328741965105,11.171625344352616,25.889807162534435,34.43241505968779
677587,Brayan Rocchio,S,1082.0,18.484288354898336,8.133086876155268,0.11263157894736842,86.30522935779817,10.618623853211009,29.417981651376145,3.5352293577981646,24.000091743119263,34.00587155963303
680777,Ryan Jeffers,R,1077.0,19.312906220984214,9.749303621169917,0.17872340425531916,88.52488393686166,16.342618384401113,38.72256267409471,8.468987929433613,21.547260909935005,33.28625812441969
696100,Hunter Goodman,R,1077.0,28.876508820798513,5.942432683379758,0.24473420260782347,90.32146118721461,17.189680365296805,45.27333333333333,13.786210045662102,32.45771689497717,33.4337899543379
643396,Isiah Kiner-Falefa,R,1072.0,15.951492537313433,4.0111940298507465,0.08782435129740519,85.00073800738008,6.869095940959409,28.36383763837638,2.014114391143911,15.284040590405905,31.60470479704797
676609,José Caballero,R,1059.0,25.684608120868745,8.120868744098205,0.11970338983050847,84.4726001863933,15.371575023299158,27.185088536812675,4.965796831314072,27.423765144454798,34.341472506989746
693304,Nick Gonzales,R,1059.0,18.224740321057602,5.193578847969783,0.10365853658536585,87.6946046511628,9.852837209302326,37.64716279069767,5.3172093023255815,24.61572093023256,33.05888372093023
663757,Trent Grisham,L,1054.0,22.39089184060721,13.472485768500949,0.2084726867335563,90.9006641366224,17.264136622390893,46.224667931688806,13.212713472485767,21.21593927893738,32.865464895635675
663886,Tyler Stephenson,R,1054.0,27.134724857685008,10.341555977229602,0.17691477885652643,90.3928369462771,13.621206409048067,45.62761545711593,11.148256361922714,25.938642789820925,37.772855796418476
593871,Jorge Polanco,S,1054.0,21.821631878557874,8.823529411764707,0.1832627118644068,89.61923464249747,17.266767371601205,41.73816717019134,9.63877139979859,25.567069486404836,35.00845921450151
650859,Luis Rengifo,S,1050.0,16.38095238095238,6.476190476190476,0.09430051813471503,87.19013282732449,6.124952561669829,33.138045540796966,4.25910815939279,21.460151802656547,31.992409867172675
664056,Harrison Bader,R,1049.0,25.262154432793135,6.1010486177311725,0.1589958158995816,87.41163012392755,12.324404194470924,38.38503336510963,8.405338417540515,27.44280266920877,33.36434699714013
687462,Spencer Horwitz,L,1048.0,16.889312977099237,11.450381679389313,0.16666666666666666,87.47947516401125,15.256607310215557,35.64723523898782,8.29597000937207,17.701218369259607,35.52961574507966
672275,Patrick Bailey,S,1044.0,25.766283524904214,7.567049808429119,0.1007423117709438,89.72301814708692,13.582903533906398,39.36446991404012,5.767812798471824,26.206494746895892,35.57010506208214
666160,Mickey Moniak,L,1043.0,25.311601150527324,5.0814956855225315,0.22540983606557377,89.05877277085331,19.604026845637584,40.31840843720038,11.989453499520614,29.09894534995206,34.49798657718121
656555,Rhys Hoskins,R,1042.0,28.406909788867562,11.99616122840691,0.19322033898305085,89.14904761904762,21.850380952380952,43.41438095238095,11.63790476190476,27.48704761904762,33.72190476190476
595777,Jurickson Profar,S,1039.0,15.399422521655438,11.934552454282965,0.18253968253968253,90.35014436958613,15.756689124157845,42.93599615014437,7.271414821944177,16.964292589027913,29.764581328200194
669357,Nolan Gorman,L,1033.0,34.94675701839303,10.26137463697967,0.16902944383860413,89.10542110358179,21.521684414327204,40.725653436592445,12.118683446272989,37.14878993223621,38.647241045498546
808982,Jung Hoo Lee,L,1032.0,10.562015503875969,6.589147286821706,0.12367864693446089,87.55727969348659,10.051724137931034,33.07088122605364,3.5376436781609195,12.338409961685823,34.6316091954023
669224,Austin Wells,L,1031.0,24.248302618816684,9.699321047526674,0.17666666666666667,89.5034917555771,18.910184287099906,42.57187196896217,9.217361784675074,27.622114451988363,33.38923375363725
672820,Lenyn Sosa,R,1030.0,22.233009708737864,3.0097087378640777,0.13747454175152748,89.863786407767,16.39640776699029,42.06203883495146,8.314271844660196,21.94728155339806,39.729514563106804
671056,Iván Herrera,R,1021.0,18.31537708129285,10.577864838393731,0.1622554660529344,90.2218689788054,8.961849710982658,44.412524084778426,9.284393063583815,22.54017341040462,34.01579961464355
663457,Lars Nootbaar,L,1021.0,20.078354554358473,11.851126346718903,0.15028248587570622,91.50495951417004,12.195850202429149,49.79504048582996,10.077024291497974,20.12115384615384,32.67206477732793
662139,Daulton Varsho,L,1020.0,25.392156862745097,8.529411764705882,0.21568627450980393,87.08647058823529,21.68519607843137,36.668725490196074,8.730882352941176,26.24,33.29892156862745
641680,Jonah Heim,S,1020.0,19.215686274509803,6.470588235294118,0.12964930924548354,88.19902818270164,14.571428571428571,35.48551992225462,6.035179786200194,22.172789115646257,31.810301263362486
664728,Kyle Isbel,L,1018.0,19.941060903732808,5.893909626719057,0.1168122270742358,88.06935166994106,9.59852652259332,35.82416502946955,2.832121807465619,18.84007858546169,26.18408644400786
676694,Jake Meyers,R,1008.0,20.436507936507937,7.341269841269841,0.11674008810572688,87.87227138643067,12.846017699115045,36.5023598820059,6.164011799410031,24.12566371681416,33.63657817109144
657656,Ramón Laureano,R,1003.0,27.916251246261215,6.979062811565304,0.20242024202420242,89.48873379860419,13.102193419740777,44.920438683948156,13.581655034895315,29.51545363908275,37.57238285144566
545361,Mike Trout,R,999.0,28.32832832832833,16.816816816816818,0.22604422604422605,90.7882005899705,18.948082595870208,48.926548672566376,17.67394296951819,26.429596853490658,41.37620452310718
656716,Zach McKinstry,L,993.0,20.94662638469285,8.862034239677744,0.14479638009049775,86.26543456543457,15.46163836163836,29.714785214785216,4.938661338661339,21.43536463536464,38.13456543456543
666158,Gavin Lux,L,990.0,22.626262626262626,10.1010101010101,0.11864406779661017,88.3,9.354040404040404,38.96606060606061,4.82979797979798,22.43626262626263,36.575050505050505
666624,Christopher Morel,R,989.0,29.929221435793732,9.100101112234581,0.14982973893303064,90.06572052401748,15.132314410480348,43.49661572052401,11.798362445414847,35.698253275109174,29.631113537117905
700250,Ben Rice,L,982.0,21.486761710794298,10.79429735234216,0.2508792497069168,92.3627254509018,14.882364729458919,50.402404809619235,15.43567134268537,23.473346693386777,39.06733466933868
686797,Brooks Lee,S,981.0,16.717635066258918,6.218144750254842,0.13922651933701657,87.8521212121212,13.153434343434343,33.80585858585859,5.1734343434343435,22.475555555555555,32.52030303030303
672761,Wenceel Pérez,S,979.0,21.246169560776302,7.763023493360572,0.1638608305274972,88.92665310274668,17.977822990844356,34.78209562563581,6.684028484231944,22.40640895218718,35.21098677517803
671289,Tyler Freeman,R,976.0,12.602459016393443,7.172131147540983,0.09529411764705882,88.73548387096773,10.343447580645162,37.17540322580645,2.396975806451613,13.932762096774194,30.955443548387098
673962,Josh Jung,R,975.0,22.76923076923077,5.641025641025641,0.14818880351262348,88.82624113475177,12.364741641337385,44.928976697061806,7.671023302938197,24.595542046605875,39.229787234042554
592626,Joc Pederson,L,964.0,21.991701244813278,12.136929460580912,0.20074349442379183,91.7972250770812,16.451901336074,46.07338129496404,11.182322713257964,25.981500513874614,32.0846865364851
666139,Josh Lowe,L,956.0,28.347280334728033,7.426778242677824,0.14645308924485126,89.49058577405857,13.666108786610877,41.46035564853556,7.975523012552301,29.662866108786613,35.175523012552304
673357,Luis Robert Jr.,R,954.0,28.30188679245283,8.49056603773585,0.14418604651162792,89.74754672897195,15.866471962616822,41.153154205607485,10.101401869158877,33.884579439252335,35.146845794392526
669707,Jared Triolo,R,951.0,23.974763406940063,9.56887486855941,0.10225921521997622,88.47320872274143,12.941225337487019,38.23613707165109,5.082762201453791,25.75036344755971,35.954620976116296
502054,Tommy Pham,R,941.0,21.99787460148778,9.139213602550479,0.12071005917159763,90.98122977346279,9.014131607335491,44.879611650485444,6.909385113268608,22.693743257820927,32.44217907227616
702616,Jackson Holliday,L,937.0,24.65314834578442,8.537886872998932,0.13372781065088757,88.92135355892648,8.827187864644108,41.84364060676779,7.897082847141189,26.829988331388563,31.089381563593932
596115,Trevor Story,R,936.0,28.418803418803417,5.555555555555555,0.15269804822043628,90.32970085470086,14.453846153846152,44.04038461538462,8.341666666666669,29.864529914529914,32.68867521367522
571970,Max Muncy,L,928.0,23.599137931034484,15.086206896551724,0.2490170380078637,90.65404255319149,19.908297872340423,47.7077659574468,13.41968085106383,26.884787234042555,34.74297872340425
665750,Leody Taveras,S,922.0,22.559652928416487,7.592190889370933,0.11644657863145258,88.42336548767418,16.314147909967843,34.0016077170418,5.540300107181136,25.694962486602357,31.174598070739552
608348,Carson Kelly,R,920.0,18.152173913043477,9.456521739130435,0.14583333333333334,88.39482200647248,14.871628910463862,39.787918015102484,7.920819848975188,21.592664509169364,32.01779935275081
672386,Alejandro Kirk,R,918.0,12.200435729847495,9.368191721132897,0.12776412776412777,90.36434977578476,11.423991031390136,46.515919282511206,8.628699551569506,17.28834080717489,34.48654708520179
681481,Kerry Carpenter,L,915.0,25.136612021857925,5.7923497267759565,0.2644230769230769,91.07605633802818,20.17453954496208,46.65406283856988,14.002708559046587,28.327193932827736,38.37183098591549
664983,Jake McCarthy,L,910.0,17.142857142857142,5.824175824175824,0.13260340632603407,84.63766233766235,9.505844155844155,25.31201298701299,3.907142857142857,19.695454545454545,31.417207792207794
700932,Kyle Manzardo,L,901.0,27.19200887902331,8.76803551609323,0.20049813200498132,89.84983498349835,20.46039603960396,42.78151815181518,11.307590759075907,28.34224422442244,35.38910891089109
660688,Keibert Ruiz,S,897.0,11.036789297658864,3.121516164994426,0.1255868544600939,86.32246696035243,16.905396475770925,29.52940528634361,3.404185022026432,12.512004405286346,31.608920704845815
682657,Angel Martínez,S,896.0,21.875,5.022321428571429,0.14823815309842042,87.20379464285713,16.65502232142857,31.853906249999998,4.353794642857143,20.5015625,32.777901785714285
666310,Bo Naylor,L,893.0,27.0996640537514,8.958566629339305,0.15934755332496864,89.21245330012452,20.621793275217932,38.0093399750934,8.924906600249065,25.051930261519303,34.765379825653795
623993,Anthony Santander,S,886.0,21.44469525959368,9.367945823927766,0.2332065906210393,89.75011286681716,21.65237020316027,41.45033860045147,9.904063205417607,21.122460496613996,33.15417607223476
670042,Luke Raley,L,880.0,30.113636363636363,6.4772727272727275,0.2054263565891473,90.09389140271493,13.177262443438915,43.30169683257918,12.306447963800904,37.72364253393665,32.92737556561086
663624,Ryan Mountcastle,R,879.0,24.34584755403868,4.891922639362912,0.13797313797313798,90.75868055555556,9.862847222222221,45.98506944444445,9.99826388888889,27.95104166666667,36.73715277777778
668904,Royce Lewis,R,876.0,22.26027397260274,7.648401826484018,0.18045112781954886,88.59561304836896,16.718447694038243,39.54870641169854,10.229696287964003,28.312823397075363,34.351406074240714
596146,Max Kepler,L,873.0,19.81672394043528,8.018327605956472,0.15286624203821655,89.93161512027491,16.52852233676976,41.0893470790378,9.131958762886597,23.911340206185564,34.63986254295533
660670,Ronald Acuña Jr.,R,870.0,23.79310344827586,15.28735632183908,0.1820689655172414,91.8671264367816,13.2416091954023,48.934252873563224,13.38712643678161,29.314252873563216,31.511034482758618
669065,Kyle Stowers,L,869.0,29.804372842347526,9.205983889528193,0.20026007802340703,90.97866061293983,13.86821793416572,51.63870601589103,14.811237230419978,33.93972758229285,36.15822928490352
606115,Orlando Arcia,R,866.0,21.131639722863742,6.1200923787528865,0.12094763092269327,87.99019607843137,8.180392156862744,36.75098039215686,4.591911764705882,26.12794117647059,28.903431372549022
663837,Matt Vierling,R,863.0,20.393974507531865,7.415990730011588,0.1483375959079284,89.43091118800461,13.626182237600922,40.18489042675894,7.684544405997693,18.646482122260668,33.338754325259515
691023,Jordan Walker,R,863.0,28.7369640787949,6.952491309385863,0.16414141414141414,92.91001137656427,11.089306029579067,49.53959044368601,11.72684869169511,33.12445961319682,31.177360637087602
687597,Jordan Beck,R,860.0,30.348837209302324,6.976744186046512,0.1390644753476612,87.09015544041452,12.94300518134715,36.97461139896373,8.884974093264248,32.0580310880829,35.755958549222804
609280,Miguel Andujar,R,858.0,14.452214452214452,4.312354312354312,0.1330049261083744,87.29358974358973,9.315384615384614,35.021794871794874,3.91025641025641,17.453846153846154,28.71153846153846
666023,Freddy Fermin,R,857.0,18.66977829638273,6.534422403733956,0.09487179487179487,88.24959159859978,13.001400233372227,32.63885647607935,3.5883313885647605,23.649824970828472,29.113535589264878
666018,Jonathan Aranda,L,853.0,24.384525205158265,11.019929660023447,0.17798913043478262,92.08163030998853,13.574052812858783,50.42330654420206,13.10459242250287,23.704822043628017,39.32973593570608
605170,Victor Caratini,S,852.0,18.309859154929576,7.394366197183099,0.1308411214953271,89.59182242990654,11.2696261682243,41.17056074766355,6.821728971962617,21.240887850467292,36.34345794392524
624428,Adam Frazier,L,846.0,19.858156028368793,6.73758865248227,0.0984251968503937,84.98764940239043,14.812350597609562,21.458964143426297,2.351394422310757,19.34860557768924,38.875298804780876
680869,Zack Gelof,R,843.0,33.68920521945433,6.6429418742586,0.15714285714285714,89.07081395348837,15.056976744186045,39.66453488372093,9.002325581395349,35.177209302325586,33.01372093023255
682177,Daniel Schneemann,L,840.0,28.928571428571427,9.642857142857142,0.14513981358189082,88.50756501182035,11.000236406619385,39.967730496453896,8.717966903073286,30.412529550827422,35.808510638297875
672515,Gabriel Moreno,R,839.0,16.448152562574492,10.607866507747318,0.13858695652173914,90.10000000000001,11.777464788732397,42.63661971830985,7.479929577464788,18.13838028169014,36.95281690140845
680574,Matt McLain,R,837.0,27.479091995221026,10.15531660692951,0.13432835820895522,88.76772300469484,17.6556338028169,40.08673708920188,8.542370892018779,27.919014084507044,35.355633802816904
683146,Brett Baty,L,836.0,25.717703349282296,8.133971291866029,0.1402116402116402,89.43985849056604,7.74752358490566,41.72794811320755,9.769693396226415,27.33820754716981,32.016391509433966
519317,Giancarlo Stanton,R,836.0,32.057416267942585,8.732057416267942,0.25925925925925924,94.52405405405403,15.763243243243242,55.26202702702702,21.355675675675673,35.53918918918919,35.141756756756756
657077,Alex Verdugo,L,834.0,14.86810551558753,7.553956834532374,0.10449735449735449,88.70863309352518,9.9,36.91762589928057,5.0104316546762595,15.21906474820144,32.44280575539569
657041,Lane Thomas,R,831.0,26.113116726835138,10.108303249097473,0.14285714285714285,88.2532391048292,19.58409893992933,38.159010600706715,6.564546525323911,23.99175500588928,32.076325088339225
641598,Mitch Garver,R,827.0,29.62515114873035,12.091898428053204,0.15049226441631505,90.42224909310761,18.685731559854897,43.33748488512696,8.082587666263604,31.230713422007256,30.702297460701327
693307,Dillon Dingler,R,822.0,23.722627737226276,5.839416058394161,0.18543046357615894,90.22379679144385,16.35949197860963,47.303877005347594,10.505481283422458,23.792914438502677,42.22540106951872
641933,Tyler O'Neill,R,819.0,30.036630036630036,10.866910866910867,0.22019635343618513,89.9726609963548,21.30753341433779,44.863304981774,15.109477521263672,32.934629404617255,34.37727825030377
595879,Javier Báez,R,808.0,24.00990099009901,2.9702970297029703,0.1303780964797914,88.23980716253445,11.32038567493113,39.939807162534436,6.4155647382920105,30.50096418732782,29.20482093663912
641343,Jake Bauers,L,807.0,29.120198265179678,12.639405204460967,0.18705035971223022,90.9987714987715,16.90835380835381,47.27788697788697,12.193366093366093,27.056265356265357,35.44668304668304
701762,Nick Kurtz,L,805.0,30.062111801242235,15.900621118012422,0.29895366218236175,93.30874848116648,14.123086269744837,53.77849331713244,18.25650060753341,35.053584447144594,38.634750911300124
643376,Danny Jansen,R,803.0,23.28767123287671,11.83063511830635,0.15965166908563136,87.21419676214195,22.77135740971357,34.23960149439601,7.336488169364882,23.014445828144456,32.48368617683686
805779,Jacob Wilson,R,802.0,8.603491271820449,5.112219451371571,0.11796246648793565,84.58515337423312,8.772515337423313,24.628957055214723,1.8523926380368099,11.290429447852759,31.233006134969326
687363,Victor Scott II,L,802.0,24.56359102244389,7.980049875311721,0.08166189111747851,86.68216957605983,12.765461346633414,26.906109725685788,3.421197007481297,26.286533665835407,34.35399002493766
676059,Jordan Westburg,R,799.0,22.152690863579473,4.881101376720901,0.2056451612903226,90.70350438047561,13.540550688360451,44.91051314142678,11.53566958698373,29.344055068836045,34.18397997496871
669911,Michael Toglia,S,795.0,35.094339622641506,10.314465408805031,0.20567375886524822,91.1674213836478,16.202138364779874,47.23270440251572,14.375094339622642,35.91735849056603,38.7337106918239
686681,Michael Massey,L,794.0,15.994962216624685,3.652392947103275,0.1487935656836461,89.01840796019899,19.234701492537315,36.76865671641791,6.393532338308457,18.78731343283582,33.93333333333334
805367,Chase Meidroth,R,791.0,17.06700379266751,9.102402022756005,0.08273894436519258,88.05124378109453,6.811567164179104,36.06281094527363,2.9016169154228852,15.4544776119403,28.654477611940294
621438,Tyrone Taylor,R,790.0,22.151898734177216,4.810126582278481,0.12672176308539945,86.80987341772152,18.409367088607596,34.58177215189873,5.543924050632911,22.586962025316456,37.097088607594934
670242,Matt Wallner,L,788.0,33.24873096446701,10.152284263959391,0.23816568047337278,91.1507614213198,19.038451776649747,47.15951776649746,14.492766497461927,37.91675126903554,34.091878172588835
669289,Santiago Espinal,R,779.0,12.836970474967908,5.905006418485238,0.07983193277310924,86.17371349095967,15.045618915159944,24.829902642559112,1.3525730180806677,14.48066759388039,33.31210013908206
516782,Starling Marte,R,778.0,22.10796915167095,6.940874035989717,0.12446351931330472,88.76452074391987,6.982832618025751,41.72331902718169,7.370672389127325,27.45865522174535,34.98197424892704
807799,Masataka Yoshida,L,775.0,12.0,6.709677419354839,0.1221264367816092,88.71628498727735,8.840966921119593,39.663486005089055,4.993002544529262,14.890076335877861,33.186132315521625
500743,Miguel Rojas,R,774.0,12.015503875968992,7.235142118863049,0.12268188302425106,86.41002570694087,11.497943444730076,30.556041131105395,3.7257069408740358,16.15141388174807,33.70488431876607
676914,Davis Schneider,R,772.0,30.440414507772022,12.953367875647668,0.1580547112462006,89.19757653061224,22.880739795918366,39.567602040816325,12.841836734693878,29.939413265306122,33.94579081632653
701358,Cam Smith,R,762.0,27.69028871391076,9.05511811023622,0.12850812407680945,88.63101673101673,9.521364221364221,42.81029601029601,8.946846846846848,29.650321750321755,34.12483912483913
682626,Francisco Alvarez,R,761.0,25.36136662286465,8.935611038107753,0.17352941176470588,90.69935400516795,8.366925064599483,46.74237726098191,10.595090439276486,31.36937984496124,30.02222222222222
657136,Connor Wong,R,761.0,22.996057818659658,6.701708278580814,0.11756168359941944,86.22148148148148,12.203703703703704,33.52518518518519,5.408740740740741,27.658074074074076,30.14296296296296
602104,Ramón Urías,R,760.0,20.394736842105264,7.368421052631579,0.15418502202643172,88.80852601156069,13.026011560693641,40.364595375722544,8.360982658959536,26.460982658959537,33.165028901734104
680718,Addison Barger,L,755.0,24.90066225165563,7.28476821192053,0.18840579710144928,90.64773039889958,11.961898211829435,47.06946354883081,10.564374140302613,26.56423658872077,34.695323246217335
666181,Will Benson,L,754.0,34.217506631299734,9.549071618037136,0.19011976047904192,90.66198675496689,18.50794701986755,44.35867549668875,12.988079470198675,37.02066225165563,36.209403973509936
670764,Taylor Walls,S,750.0,24.133333333333333,10.533333333333333,0.07987711213517665,85.81892247043363,17.842181340341654,23.3850197109067,3.023390275952694,22.360972404730617,30.99592641261498
663743,Nick Fortes,R,749.0,14.686248331108144,3.871829105473965,0.09766763848396501,85.89259259259259,12.818253968253966,31.617460317460317,2.424338624338624,15.45079365079365,27.772751322751322
681393,Connor Norby,R,745.0,28.859060402684563,7.516778523489933,0.15350223546944858,87.40558510638297,17.065425531914894,37.38085106382979,10.411037234042555,31.15837765957447,39.93962765957447
686780,Pedro Pagés,R,741.0,26.58569500674764,4.993252361673414,0.13722627737226278,88.11185983827494,12.55121293800539,38.009703504043124,6.465363881401617,27.12075471698113,32.421563342318066
643565,Mike Tauchman,L,735.0,21.224489795918366,12.517006802721088,0.12796208530805686,89.0,16.023809523809526,39.84761904761905,7.133333333333334,23.442857142857143,35.266666666666666
642133,Rowdy Tellez,L,734.0,23.43324250681199,6.539509536784741,0.17682020802377416,90.16616643929059,16.063574351978172,40.713915416098224,11.164665757162348,24.53901773533424,34.272851296043655
665019,Kody Clemens,L,731.0,23.529411764705884,6.703146374829001,0.22706766917293233,91.48118279569893,17.039247311827957,45.972849462365595,11.625537634408602,24.3502688172043,34.53333333333334
669477,Casey Schmitt,R,730.0,22.19178082191781,5.205479452054795,0.19910846953937592,89.30283018867924,19.432614555256063,41.75633423180593,9.96900269541779,24.352695417789757,38.13409703504043
457759,Justin Turner,R,730.0,18.08219178082192,10.41095890410959,0.11605723370429252,87.41397260273972,17.826164383561643,32.0813698630137,4.3645205479452045,17.07849315068493,39.60287671232877
677649,Ezequiel Duran,R,729.0,23.868312757201647,5.212620027434842,0.09587020648967552,87.35853658536584,11.308536585365852,34.828455284552845,3.9235772357723584,26.13292682926829,30.852439024390247
702332,Caleb Durbin,R,724.0,11.187845303867404,5.801104972375691,0.12752721617418353,85.13825136612023,12.541530054644811,27.82622950819672,3.6295081967213116,13.524863387978144,28.488524590163934
673490,Ha-Seong Kim,R,723.0,17.98063623789765,11.065006915629322,0.11746031746031746,88.42012102874432,15.27337367624811,37.68275340393343,4.915582450832073,15.926626323751892,35.73313161875945
669720,Austin Hays,R,715.0,25.034965034965033,5.454545454545454,0.1641337386018237,88.83800298062593,14.714008941877792,39.08405365126677,9.055886736214605,30.52593144560358,31.253949329359166
682663,Agustín Ramírez,R,714.0,19.747899159663866,6.862745098039215,0.17076923076923076,90.5109243697479,7.938655462184873,45.86176470588235,9.861764705882353,26.493697478991596,30.305042016806723
543309,Kyle Higashioka,R,714.0,25.07002801120448,6.582633053221288,0.19242424242424241,88.55640668523677,18.178969359331475,38.24554317548747,9.87033426183844,24.556685236768796,39.057242339832875
666152,David Hamilton,L,706.0,23.796033994334277,7.790368271954674,0.12872841444270017,86.57762237762238,14.50853146853147,29.46545454545455,5.1379020979020975,23.557762237762237,31.085734265734263
527038,Wilmer Flores,R,705.0,17.163120567375888,7.659574468085107,0.12954186413902052,85.07617021276596,19.692482269503543,27.140283687943263,5.211914893617021,18.431489361702127,35.94326241134752
802415,Chandler Simpson,L,703.0,10.241820768136558,4.836415362731152,0.0502283105022831,84.10839160839161,1.1897902097902098,16.226993006993006,0.0,11.116783216783217,28.228811188811193
680474,Max Schuemann,R,702.0,22.934472934472936,11.11111111111111,0.08666666666666667,88.46116071428571,15.26875,35.973660714285714,4.649107142857143,27.20044642857143,38.041964285714286
666397,Edouard Julien,L,700.0,30.714285714285715,11.142857142857142,0.10569105691056911,89.16694915254237,9.352824858757062,42.88841807909605,9.605649717514122,27.606638418079097,40.31892655367232
666134,Nolan Jones,L,700.0,29.142857142857142,10.714285714285714,0.09328968903436989,89.69685714285714,10.793714285714286,45.72414285714286,7.4968571428571416,26.924142857142858,35.16357142857143
642086,Dominic Smith,L,699.0,20.028612303290416,7.439198855507868,0.1439873417721519,88.66723163841807,14.139689265536722,36.98700564971752,7.696045197740112,22.798446327683614,37.7292372881356
664238,Dylan Moore,R,699.0,30.185979971387695,10.872675250357654,0.1652754590984975,87.12105263157895,22.138157894736842,35.589473684210525,8.728947368421053,27.819736842105264,36.814473684210526
668942,Josh Rojas,L,692.0,22.54335260115607,9.393063583815028,0.10064935064935066,88.62998544395924,14.855021834061136,37.770014556040756,5.024308588064047,24.000727802037847,34.064337700145565
686555,Isaac Collins,S,691.0,23.444283646888568,13.024602026049203,0.12413793103448276,88.69285714285714,14.521428571428572,39.114285714285714,5.578571428571428,23.357142857142858,33.542857142857144
657557,Paul DeJong,R,690.0,32.7536231884058,4.927536231884058,0.1833855799373041,87.8904347826087,20.81391304347826,40.95739130434782,10.23014492753623,34.38753623188406,36.67130434782608
641584,Jake Fraley,L,689.0,20.899854862119014,8.563134978229318,0.12520064205457465,84.62604340567613,13.527212020033389,28.250250417362274,3.8520868113522537,22.350584307178632,36.33889816360601
663368,Blake Perkins,S,687.0,25.32751091703057,9.606986899563319,0.09359605911330049,89.02611570247933,10.360661157024794,36.73900826446281,3.8434710743801657,27.46743801652893,31.604297520661156
543877,Christian Vázquez,R,686.0,18.221574344023324,5.97667638483965,0.10366826156299841,87.03448773448774,15.284992784992784,30.445887445887447,3.2793650793650793,19.098701298701297,34.674891774891776
663698,Joey Bart,R,676.0,27.662721893491124,9.467455621301776,0.13926174496644295,88.26221498371335,9.688925081433224,41.13322475570033,9.986644951140065,27.173289902280132,34.384364820846905
677950,Alek Thomas,L,672.0,24.107142857142858,4.613095238095238,0.13344051446945338,89.88988095238093,4.8255952380952385,41.015029761904756,7.888392857142857,27.850595238095234,28.781398809523807
650559,Bryan De La Cruz,R,672.0,27.976190476190474,4.761904761904762,0.1410459587955626,89.6,13.1,41.3,9.3,30.1,35.6
553869,Elias Díaz,R,670.0,22.388059701492537,6.268656716417911,0.13170731707317074,87.68028391167194,12.108359621451102,36.37476340694006,5.994479495268139,30.65678233438486,30.598264984227136
668885,Austin Martin,R,668.0,17.664670658682635,10.62874251497006,0.08904109589041095,86.79139465875372,11.544213649851631,33.04881305637982,2.7718100890207715,20.080712166172102,36.18991097922848
663898,Brendan Rodgers,R,667.0,26.686656671664167,6.296851574212893,0.12987012987012986,89.5302848575712,6.032233883058471,44.96356821589205,7.350374812593704,28.183658170914544,34.42413793103449
545341,Randal Grichuk,R,666.0,19.21921921921922,6.156156156156156,0.21335504885993486,91.52202797202797,17.45367132867133,48.57325174825175,11.358566433566434,20.092657342657343,33.94143356643357
672356,Gabriel Arias,R,664.0,34.18674698795181,5.271084337349397,0.14471544715447154,90.07262658227849,5.9726265822784805,41.59319620253165,10.433860759493673,39.965031645569624,34.25854430379747
686948,Drake Baldwin,L,662.0,16.91842900302115,9.365558912386707,0.209106239460371,91.96904761904763,8.147916666666665,50.64255952380953,13.589583333333334,20.878869047619048,36.32232142857143
545121,Ildemaro Vargas,S,660.0,10.303030303030303,4.696969696969697,0.10855263157894737,87.28628912071535,6.229657228017884,32.652906110283155,2.6439642324888224,14.378390461997016,29.032637853949332
695734,Daylen Lile,L,658.0,16.565349544072948,6.686930091185411,0.18196994991652754,88.32492581602374,15.862611275964394,38.18308605341247,6.302225519287833,20.816913946587533,40.03071216617211
570482,Gio Urshela,R,658.0,17.02127659574468,5.47112462006079,0.10440456769983687,86.54969604863223,10.529939209726443,30.076595744680855,4.1317629179331306,23.234042553191493,39.528115501519764
681807,David Fry,R,658.0,26.89969604863222,10.182370820668693,0.1794425087108014,88.01355421686748,19.79774096385542,37.098343373493975,7.670481927710843,27.718072289156627,32.92560240963855
682622,Noelvi Marte,R,657.0,26.484018264840184,4.41400304414003,0.1470113085621971,87.8970099667774,12.177408637873754,36.21960132890365,8.054817275747508,29.10996677740864,32.60299003322259
689414,Liam Hicks,L,656.0,12.195121951219512,10.670731707317072,0.1443850267379679,85.10460624071321,12.155869242199108,29.297919762258545,3.9784546805349184,13.417979197622584,33.57548291233284
664774,LaMonte Wade Jr.,L,656.0,23.01829268292683,13.71951219512195,0.11413043478260869,90.26127527216174,16.287247278382583,39.47076205287715,7.555832037325039,23.67309486780715,37.41710730948678
664770,Nathan Lukes,L,655.0,13.893129770992367,8.244274809160306,0.13667820069204153,87.42613240418119,11.22369337979094,35.05714285714286,3.899651567944251,15.066202090592334,31.250174216027872
571771,Enrique Hernández,R,653.0,22.2052067381317,6.891271056661562,0.1588628762541806,89.87611710323573,16.784437596302002,39.96163328197226,6.6539291217257315,25.306163328197222,34.777195685670264
642708,Amed Rosario,R,648.0,19.753086419753085,3.549382716049383,0.13843648208469056,88.7282874617737,7.632721712538227,39.020489296636086,6.082262996941896,24.11376146788991,34.503975535168195
647351,Abraham Toro,S,648.0,16.049382716049383,5.246913580246914,0.11912751677852348,86.80555555555556,12.725925925925925,31.61604938271605,4.387654320987654,18.71481481481481,32.67407407407408
624641,Edmundo Sosa,R,646.0,22.910216718266255,4.024767801857585,0.17478991596638654,88.14427480916031,10.858931297709924,39.62381679389313,7.37206106870229,28.02946564885496,32.34870229007634
669004,MJ Melendez,L,635.0,27.874015748031496,7.716535433070866,0.18150087260034903,91.71522491349481,16.643425605536333,47.44117647058823,8.92733564013841,30.576643598615917,28.792387543252595
686527,Dominic Canzone,L,635.0,23.1496062992126,8.346456692913385,0.20913884007029876,91.89411764705883,10.970278637770898,48.12832817337461,13.890866873065015,29.547368421052628,36.414241486068114
578428,Jose Iglesias,R,634.0,14.984227129337539,5.678233438485805,0.08680555555555555,84.8261829652997,6.240851735015773,29.463880126182964,2.0917981072555207,16.606624605678235,31.222712933753943
572191,Michael A. Taylor,R,625.0,34.4,7.36,0.13297872340425532,90.08,15.884,41.556,11.076,38.42,34.416
677942,Blaze Alexander,R,617.0,28.038897893030793,7.6175040518638575,0.125,90.34745222929936,8.2171974522293,41.79522292993631,8.28343949044586,29.601114649681527,34.02914012738854
608701,Rob Refsnyder,R,615.0,26.178861788617887,9.43089430894309,0.18265682656826568,89.93935483870966,12.731935483870966,44.909677419354836,10.290483870967744,27.021935483870973,32.299677419354836
669221,Sean Murphy,R,615.0,28.943089430894307,10.08130081300813,0.1821561338289963,88.61680532445924,10.556073211314475,40.20083194675541,11.730782029950085,30.586855241264555,28.223294509151415
518595,Travis d'Arnaud,R,612.0,27.77777777777778,6.5359477124183005,0.17297297297297298,89.21346153846154,14.14423076923077,39.74807692307692,10.803846153846154,32.436538461538454,33.46538461538461
694497,Evan Carter,L,611.0,22.585924713584287,10.310965630114566,0.15254237288135594,87.00163666121112,16.0392798690671,35.216039279869065,6.31227495908347,25.205564648117836,32.352700490998366
676572,Eric Wagaman,R,595.0,20.168067226890756,5.714285714285714,0.13537906137184116,91.0,10.6,46.5,6.8,24.2,34.4
678554,Curtis Mead,R,595.0,21.34453781512605,7.73109243697479,0.12570356472795496,88.30411861614498,16.647940691927513,38.07660626029654,6.785502471169686,19.988138385502474,34.67825370675453
665966,Carlos Narváez,R,592.0,26.35135135135135,8.445945945945946,0.15543071161048688,91.00758620689655,13.130689655172414,43.1444827586207,8.43,28.023448275862066,31.9248275862069
669397,Nick Allen,R,591.0,22.504230118443317,6.598984771573604,0.043233082706766915,84.7193857965451,12.413243761996162,20.773704414587332,0.2619961612284069,20.955854126679462,28.43339731285989
608385,Jesse Winker,L,589.0,21.561969439728355,12.224108658743633,0.154,88.6,14.0,37.4,7.6,19.6,30.1
592192,Mark Canha,R,587.0,20.442930153321978,9.880749574105621,0.09288537549407115,88.01669505962522,11.79335604770017,36.463032367972744,3.0657580919931857,22.204599659284497,30.179727427597957
665804,Miguel Amaya,R,584.0,18.664383561643834,7.02054794520548,0.14423076923076922,87.57495741056218,14.085689948892673,32.7763202725724,5.775468483816013,23.77376490630324,33.99488926746167
666149,Tyler Fitzgerald,R,584.0,30.47945205479452,6.678082191780822,0.17325800376647835,86.36849315068493,18.868493150684934,30.23561643835616,6.718835616438357,31.2,35.52157534246575
663968,Jake Mangum,S,580.0,15.689655172413794,5.0,0.06839186691312385,86.11610738255033,0.7375838926174498,31.032214765100665,2.1644295302013425,18.73087248322148,26.30268456375839
600869,Jeimer Candelario,S,574.0,26.306620209059233,6.445993031358885,0.18476190476190477,86.9,12.4,34.5,8.3,29.1,33.9
672284,Jarred Kelenic,L,573.0,30.715532286212916,7.504363001745201,0.1523809523809524,89.8,16.0,45.20000000000001,9.9,33.4,38.20000000000001
624431,Jose Trevino,R,568.0,14.964788732394366,6.338028169014085,0.11923076923076924,87.98731343283582,10.463432835820894,38.25522388059702,4.849253731343283,18.53097014925373,28.083208955223878
695657,Colson Montgomery,L,562.0,29.715302491103202,9.07473309608541,0.26907630522088355,89.80279720279721,19.208391608391608,45.607692307692304,14.1979020979021,34.62167832167832,35.34685314685314
700337,Edgar Quero,S,558.0,19.71326164874552,7.885304659498208,0.0783132530120482,90.56975088967972,7.479003558718861,42.90498220640569,3.1907473309608543,22.07508896797153,32.72348754448399
667472,Dane Myers,R,558.0,25.627240143369175,8.243727598566307,0.1157684630738523,90.41764705882353,12.919251336898395,41.19786096256684,8.726203208556148,23.171657754010695,35.772192513368985
663853,Romy Gonzalez,R,557.0,24.95511669658887,5.3859964093357275,0.16731517509727625,92.91220825852783,4.80197486535009,54.85691202872531,10.932495511669659,29.26122082585278,32.02639138240575
571657,Kyle Farmer,R,557.0,21.364452423698385,6.4631956912028725,0.13636363636363635,87.31254612546125,16.46088560885609,32.78892988929889,5.842804428044281,21.723247232472325,37.019557195571956
678009,Parker Meadows,L,550.0,25.818181818181817,8.727272727272727,0.1529175050301811,86.95831702544031,15.999021526418787,31.71643835616438,6.657925636007827,27.750293542074367,35.24187866927593
702284,Cole Young,L,548.0,18.613138686131386,8.75912408759124,0.09917355371900827,87.87053571428571,16.65892857142857,35.103928571428575,5.491785714285713,22.760357142857142,34.598571428571425
680779,Henry Davis,R,548.0,27.73722627737226,8.211678832116789,0.11041666666666666,88.33405405405405,20.932072072072074,37.144504504504496,9.892072072072073,29.41855855855856,30.228828828828828
642731,Thairo Estrada,R,546.0,18.681318681318682,2.93040293040293,0.12355212355212356,86.23021978021978,9.442307692307692,31.33736263736263,4.286263736263737,21.195054945054945,29.665384615384617
668670,Jake Rogers,R,546.0,28.937728937728938,7.875457875457876,0.1489795918367347,89.1482254697286,16.144676409185802,41.32567849686848,9.692484342379958,30.921294363256788,34.05615866388308
676356,Jonny DeLuca,R,546.0,21.245421245421245,5.677655677655678,0.1220472440944882,84.83100616016426,15.275975359342915,28.462012320328544,3.720328542094456,24.59034907597536,31.955646817248464
807713,Matt Shaw,R,545.0,20.73394495412844,8.073394495412844,0.164969450101833,85.28779174147218,13.830879712746858,30.886535008976658,6.6768402154398565,21.767504488330342,35.7524236983842
691594,Javier Sanoja,R,543.0,11.602209944751381,5.70902394106814,0.13373253493013973,87.98653846153846,10.83423076923077,33.25423076923077,1.663076923076923,12.639615384615386,30.704615384615387
620443,Luis Torrens,R,539.0,20.59369202226345,6.122448979591836,0.1214574898785425,89.82080291970803,7.762956204379563,45.111861313868616,8.126094890510949,21.55127737226277,34.19653284671532
669743,Alex Call,R,537.0,16.387337057728118,11.359404096834265,0.1211453744493392,87.1909594095941,12.894649446494466,27.952767527675277,3.9922509225092253,18.40590405904059,30.029520295202953
686611,Dylan Crews,R,537.0,22.160148975791433,6.890130353817504,0.13877551020408163,89.67761732851986,9.293501805054152,40.88772563176896,8.887364620938628,27.73465703971119,26.725992779783393
691723,Coby Mayo,R,536.0,31.529850746268657,8.395522388059701,0.16356107660455488,88.94501018329939,19.777189409368635,41.095519348268844,10.180244399185336,30.640122199592668,30.75315682281059
679032,Johan Rojas,R,535.0,20.373831775700936,4.859813084112149,0.07551020408163266,86.40728971962618,5.63588785046729,29.93981308411215,2.7893457943925233,23.342990654205607,23.83252336448598
656582,Connor Joe,R,535.0,22.80373831775701,10.654205607476635,0.1284796573875803,85.29999999999998,16.3,32.7,4.7,25.699999999999996,30.9
642350,Jose Siri,R,535.0,37.38317757009346,7.289719626168225,0.17954070981210857,87.5,15.4,41.6,14.7,41.9,35.7
691176,Jasson Domínguez,S,532.0,26.127819548872182,9.962406015037594,0.13800424628450106,90.59999999999998,13.0,49.6,7.0,27.2,28.899999999999995
592669,Hunter Renfroe,R,532.0,19.736842105263158,8.270676691729323,0.14256198347107438,88.5,16.760902255639095,38.58796992481203,6.539097744360902,23.379699248120296,27.048872180451127
669242,Tommy Edman,S,530.0,17.169811320754718,5.660377358490566,0.16288659793814433,88.09792452830187,11.684528301886793,38.51433962264151,4.240188679245283,21.01245283018868,32.78037735849056
680700,Richie Palacios,L,527.0,21.25237191650854,13.282732447817837,0.09213483146067415,86.40987654320988,13.405349794238683,29.00576131687243,3.2551440329218106,24.350205761316875,35.525514403292185
670032,Nicky Lopez,L,523.0,15.48757170172084,8.221797323135755,0.053418803418803416,85.0,5.6,16.9,1.5,19.4,30.0
805300,Jakob Marsee,L,520.0,21.73076923076923,11.923076923076923,0.1412556053811659,87.60410447761194,14.73134328358209,38.41380597014926,5.733582089552239,19.725373134328358,32.9839552238806
669003,Garrett Mitchell,L,517.0,33.07543520309478,11.60541586073501,0.174496644295302,90.65412026726057,3.651893095768374,43.06347438752784,11.706681514476614,36.8044543429844,32.795991091314036
596142,Gary Sánchez,R,512.0,25.1953125,10.546875,0.19457013574660634,90.09226305609285,16.39303675048356,44.51566731141199,10.604448742746616,28.572340425531916,28.940425531914894
666185,Dylan Carlson,S,510.0,25.686274509803923,8.431372549019608,0.09868421052631579,87.56205533596838,16.228656126482214,28.038537549407113,4.500395256916995,27.142094861660077,32.338537549407114
453568,Charlie Blackmon,L,499.0,17.23446893787575,8.617234468937875,0.155902004454343,84.8,16.3,27.2,5.3,19.2,34.1
672724,Oswald Peraza,R,495.0,28.08080808080808,5.454545454545454,0.12691466083150985,87.23874239350913,8.971196754563893,38.106288032454366,7.578701825557809,32.005070993914806,33.816024340770795
502110,J.D. Martinez,R,495.0,28.484848484848484,9.8989898989899,0.17050691244239632,91.0,14.4,46.1,15.0,31.5,39.3
456781,Donovan Solano,R,488.0,21.516393442622952,6.147540983606557,0.11581291759465479,87.33668032786886,13.333196721311475,37.43668032786885,3.7733606557377053,24.56372950819672,36.59651639344262
656976,Pavin Smith,L,482.0,27.38589211618257,13.485477178423237,0.1975609756097561,90.13542600896861,12.647982062780269,45.3560538116592,12.762780269058295,28.15112107623318,36.25605381165919
664913,Seth Brown,L,476.0,28.361344537815125,7.142857142857143,0.13729977116704806,90.0,14.6,40.6,8.5,29.1,35.2
679845,Nick Loftin,R,475.0,13.68421052631579,9.894736842105264,0.10948905109489052,86.24312114989733,12.218685831622176,31.006981519507185,4.9398357289527715,16.649486652977412,33.48685831622176
677588,José Tena,L,475.0,25.68421052631579,6.526315789473684,0.1111111111111111,90.85010438413362,6.379540709812109,47.405219206680584,7.893736951983298,27.1482254697286,33.32087682672234
807712,Luke Keaschall,R,472.0,15.042372881355933,8.898305084745763,0.10576923076923077,85.39876033057851,14.22004132231405,30.28429752066116,3.940909090909091,17.240909090909092,36.98367768595041
695506,Jac Caglianone,L,472.0,25.847457627118644,8.474576271186441,0.15529411764705883,91.5061224489796,6.153469387755102,49.982040816326524,13.158367346938777,29.16938775510204,34.80734693877551
687231,Darell Hernaiz,R,466.0,15.879828326180258,8.798283261802576,0.06082725060827251,85.43583690987124,9.817811158798284,29.474248927038627,1.930042918454936,21.928755364806868,30.90858369098712
669304,Jose Miranda,R,465.0,16.989247311827956,3.870967741935484,0.15102974828375287,88.90000000000002,15.5,38.9,5.900000000000001,22.5,33.9
660162,Yoán Moncada,S,464.0,28.232758620689655,11.637931034482758,0.17543859649122806,89.95513126491646,15.317183770883053,42.624343675417656,12.252267303102625,30.593317422434367,35.92100238663485
628451,Andy Ibáñez,R,463.0,19.870410367170628,6.047516198704104,0.10874704491725769,88.4533180778032,16.899313501144164,34.557437070938214,4.767505720823799,25.367734553775744,33.170022883295196
810938,Ben Williamson,R,458.0,21.179039301310045,6.7685589519650655,0.05924170616113744,88.52340425531915,3.472340425531915,39.71808510638298,2.6670212765957446,20.224468085106384,26.53936170212766
666163,Ben Rortvedt,L,456.0,24.342105263157894,9.868421052631579,0.06965174129353234,84.79649122807018,12.37719298245614,27.584210526315793,3.4438596491228073,26.335087719298244,28.43157894736842
669261,Jack Suwinski,L,455.0,29.89010989010989,11.208791208791208,0.12846347607052896,88.86087912087913,14.386593406593406,38.395604395604394,10.034505494505495,29.238681318681316,31.4210989010989
691781,Brady House,R,451.0,28.38137472283814,4.656319290465632,0.12028301886792453,89.4860310421286,5.682261640798226,45.00487804878048,6.7725055432372505,31.72416851441242,33.33503325942351
645302,Victor Robles,R,450.0,18.88888888888889,5.555555555555555,0.1075,86.33765281173594,12.570171149144254,27.09486552567237,5.837652811735941,25.034474327628363,32.904645476772615
681460,Brooks Baldwin,S,449.0,26.057906458797326,6.013363028953229,0.1497584541062802,89.59153674832963,17.87216035634744,38.52850779510022,9.256124721603564,24.68084632516704,36.180178173719376
665828,Oswaldo Cabrera,S,448.0,19.642857142857142,7.142857142857143,0.10344827586206896,88.44508928571429,11.492410714285715,34.79107142857143,2.7651785714285713,20.297767857142855,33.183035714285715
700242,Trey Sweeney,L,445.0,27.865168539325843,7.415730337078652,0.11083743842364532,88.75573033707866,12.140674157303371,38.228764044943816,7.388314606741573,29.176629213483146,28.532584269662927
694388,Joey Loperfido,L,443.0,32.50564334085779,6.094808126410835,0.13366336633663367,88.01584699453551,12.559016393442624,35.381967213114756,4.483060109289618,33.69508196721311,38.48360655737705
649966,Luis Urías,R,439.0,17.995444191343964,9.111617312072893,0.13123359580052493,86.4234624145786,15.666970387243735,31.391799544419133,5.6863325740318915,15.733257403189064,33.75330296127563
681715,Heriberto Hernández,R,438.0,25.34246575342466,10.045662100456621,0.16883116883116883,90.715625,13.684375000000001,46.465624999999996,10.278125000000001,34.5125,30.959374999999998
596103,Austin Slater,R,437.0,29.748283752860413,9.839816933638444,0.09399477806788512,89.83440860215055,7.41505376344086,41.84516129032259,8.203225806451613,28.638709677419357,39.178494623655915
686676,Korey Lee,R,434.0,29.723502304147466,4.838709677419355,0.1407766990291262,88.3,9.6,37.6,7.5,37.1,34.1
595978,Austin Hedges,R,433.0,25.635103926097,7.852193995381063,0.09473684210526316,86.50642201834863,19.143119266055045,29.05871559633028,2.377522935779816,29.278440366972475,27.726146788990828
701350,Roman Anthony,L,433.0,27.02078521939954,13.856812933025404,0.14754098360655737,93.83949191685912,7.320323325635105,56.4270207852194,13.708545034642032,29.28960739030023,38.420785219399534
543510,James McCann,R,432.0,24.537037037037038,5.092592592592593,0.14393939393939395,89.21432432432434,12.141351351351352,43.06891891891892,8.355675675675677,28.562702702702705,35.752702702702706
695336,Thomas Saggese,R,429.0,28.67132867132867,5.594405594405594,0.0875,90.2,12.9,44.1,5.6,26.5,39.0
656896,Emmanuel Rivera,R,429.0,21.678321678321677,7.459207459207459,0.08311688311688312,88.81188811188812,9.558508158508157,40.606759906759905,5.857342657342658,28.418414918414918,35.12097902097902
621028,Kevin Newman,R,427.0,16.627634660421545,3.747072599531616,0.08955223880597014,85.87166276346603,9.564168618266978,25.00281030444965,1.7629976580796254,17.218501170960188,25.89648711943794
664702,Myles Straw,R,426.0,16.431924882629108,7.042253521126761,0.1,86.8324825986079,14.646867749419954,26.854988399071924,3.930626450116009,16.228074245939677,34.086774941995365
571745,Mitch Haniger,R,423.0,29.78723404255319,9.456264775413711,0.12631578947368421,90.6,13.7,45.9,9.1,32.3,31.0
656537,Derek Hill,R,416.0,32.69230769230769,5.048076923076923,0.14960629921259844,89.64610591900312,8.40747663551402,42.59501557632399,11.092834890965733,34.41090342679128,37.87850467289719
656180,Riley Adams,R,416.0,34.85576923076923,6.730769230769231,0.11873350923482849,91.20625000000001,10.506250000000001,49.51875,9.46875,32.56875,30.99375
572138,Jon Singleton,L,414.0,27.053140096618357,11.352657004830919,0.14835164835164835,88.7,12.8,37.2,8.9,30.1,34.8
607732,Jacob Stallings,R,410.0,25.609756097560975,8.048780487804878,0.13812154696132597,86.09658536585366,12.10780487804878,31.851463414634146,5.4121951219512185,31.152926829268296,36.50878048780488
642201,Eli White,R,398.0,24.12060301507538,4.271356783919598,0.1742627345844504,87.7,11.3,40.4,9.1,26.2,34.6
681146,Jonah Bride,R,397.0,23.67758186397985,10.327455919395465,0.1308139534883721,87.16297229219143,11.67405541561713,32.03123425692696,4.549874055415618,19.281863979848865,29.42770780856423
683083,Nasim Nuñez,S,396.0,21.464646464646464,10.858585858585858,0.05917159763313609,84.6,8.5,19.9,0.0,22.4,32.9
622761,Jorge Mateo,R,390.0,27.435897435897434,5.128205128205129,0.1565934065934066,88.82387096774194,13.540645161290321,39.144516129032255,6.172903225806452,25.008387096774193,35.497419354838705
686823,Will Brennan,L,389.0,13.367609254498715,5.141388174807198,0.11263736263736264,86.0,13.3,32.5,4.6,18.1,31.1
655316,Andruw Monasterio,R,387.0,25.322997416020673,7.751937984496124,0.1271186440677966,87.6625,18.633418367346938,38.160459183673474,7.078571428571429,23.075255102040817,39.003826530612244
691720,Kyle Karros,R,386.0,23.575129533678755,11.658031088082902,0.08682634730538923,88.75125628140704,12.178391959798995,39.65879396984925,4.952261306532663,25.536683417085424,36.44472361809045
660644,Vidal Bruján,S,385.0,19.48051948051948,8.311688311688311,0.08405797101449275,85.1,8.0,22.6,1.5,24.4,29.700000000000003
669134,Luis Campusano,R,384.0,17.447916666666668,8.072916666666666,0.15142857142857144,87.7,9.9,34.2,4.7,20.5,27.400000000000002
650391,Eloy Jiménez,R,384.0,20.052083333333332,6.510416666666667,0.09014084507042254,92.0,4.3,49.0,7.8,26.2,25.099999999999998
676801,Chas McCormick,R,383.0,26.89295039164491,6.788511749347259,0.09064327485380116,86.07885117493471,17.22924281984334,31.739947780678847,6.863968668407311,32.32976501305483,32.139425587467365
681546,James Outman,L,378.0,39.15343915343915,8.994708994708995,0.14836795252225518,87.79473684210525,16.614473684210527,38.83552631578947,10.793421052631578,38.70657894736842,33.3828947368421
642136,Matt Thaiss,L,376.0,27.659574468085108,15.159574468085106,0.08306709265175719,87.76223404255319,13.607446808510637,41.465425531914896,6.2313829787234045,34.19308510638298,30.3218085106383
519203,Anthony Rizzo,L,375.0,17.333333333333332,7.2,0.10682492581602374,86.7,14.3,33.2,4.0,19.3,31.0
621035,Chris Taylor,R,371.0,31.805929919137466,8.89487870619946,0.10429447852760736,85.9,17.472776280323448,31.126954177897574,7.032614555256065,33.759568733153635,41.55229110512129
518934,DJ LeMahieu,R,370.0,18.91891891891892,8.91891891891892,0.060790273556231005,89.72810810810812,2.744324324324324,42.972972972972975,5.224324324324324,19.227027027027027,30.341621621621627
687859,Troy Johnston,L,370.0,19.18918918918919,7.027027027027027,0.12462908011869436,89.32670157068064,14.053403141361256,38.308638743455504,4.7539267015706805,25.260732984293195,42.23298429319372
622534,Manuel Margot,R,363.0,16.52892561983471,5.785123966942149,0.09281437125748503,88.2,13.8,33.6,4.9,20.6,30.9
669236,Jeremiah Jackson,R,363.0,23.691460055096417,4.132231404958677,0.15743440233236153,90.00164383561643,8.905479452054795,43.70821917808219,7.699452054794521,29.958904109589042,28.746575342465754
682641,Luis Matos,R,361.0,16.066481994459835,4.7091412742382275,0.1608187134502924,87.49529411764706,14.1,37.37882352941176,5.848235294117647,18.03529411764706,31.53529411764706
592273,Brandon Drury,R,360.0,22.5,7.5,0.05846153846153846,87.6,6.0,35.6,3.7,24.4,25.9
682668,Luisangel Acuña,R,359.0,17.827298050139277,5.8495821727019495,0.0668693009118541,88.50371517027864,2.756037151702786,36.6671826625387,2.043962848297214,23.024458204334366,25.533746130030963
701398,Sal Stewart,R,359.0,21.448467966573816,11.699164345403899,0.21656050955414013,90.7,13.899999999999999,40.8,14.800000000000002,27.200000000000003,35.1
607680,Kevin Pillar,R,357.0,21.568627450980394,4.481792717086835,0.1345565749235474,84.6,17.9,29.7,3.6999999999999997,24.5,36.5
669234,Justyn-Henry Malloy,R,357.0,32.773109243697476,12.044817927170868,0.13725490196078433,87.35098039215687,19.340336134453782,35.41652661064426,8.480952380952381,33.931932773109246,32.575910364145656
680728,Adrian Del Castillo,L,356.0,33.42696629213483,7.303370786516854,0.15644171779141106,89.38161764705883,18.118750000000002,44.841911764705884,6.28529411764706,31.9375,36.73014705882353
671213,Triston Casas,L,355.0,29.295774647887324,11.549295774647888,0.18971061093247588,89.37971830985916,11.951267605633802,44.94760563380282,12.164225352112677,31.852957746478875,35.31605633802817
518792,Jason Heyward,L,353.0,20.679886685552407,7.932011331444759,0.17252396166134185,88.0,10.4,41.6,5.7,24.0,29.8
672279,Michael Siani,L,353.0,28.045325779036826,6.515580736543909,0.05396825396825397,84.4,5.1,22.6,2.3,29.5,32.6
678877,Jhonkensy Noel,R,351.0,32.763532763532766,4.843304843304844,0.20795107033639143,89.34102564102564,16.902564102564103,38.717948717948715,10.882051282051282,34.41794871794872,28.620512820512822
595909,Jake Cave,L,346.0,28.32369942196532,5.202312138728324,0.14551083591331268,87.5,7.5,37.1,5.3,28.199999999999996,35.8
691777,Max Muncy,R,340.0,31.470588235294116,5.0,0.1597444089456869,89.03005780346821,11.23005780346821,39.79248554913295,10.864739884393064,32.34508670520231,33.8
689172,Brett Wisely,L,335.0,23.582089552238806,5.970149253731344,0.1111111111111111,86.8,16.2,31.6,5.3,22.5,29.7
593160,Whit Merrifield,R,335.0,15.522388059701493,10.447761194029852,0.09215017064846416,84.1,12.9,21.6,2.5,18.7,34.3
691785,Marcelo Mayer,L,333.0,22.822822822822822,6.306306306306307,0.125,87.64186046511628,8.695348837209302,42.086046511627906,7.265116279069767,27.14883720930233,29.311627906976746
624512,Reese McGuire,L,332.0,22.59036144578313,5.72289156626506,0.1362126245847176,84.51677852348993,13.950335570469798,31.504026845637586,7.927516778523489,23.654362416107382,30.457718120805374
641313,Tim Anderson,R,331.0,29.305135951661633,3.0211480362537766,0.01892744479495268,86.1,1.4,30.1,1.8,30.6,29.5
594807,Adam Duvall,R,330.0,30.0,6.363636363636363,0.1419141914191419,86.9,22.2,36.6,10.7,27.7,27.8
694212,Samuel Basallo,L,329.0,25.53191489361702,7.598784194528875,0.19732441471571907,90.80029325513198,13.734604105571847,44.89648093841642,11.058064516129033,30.11935483870968,29.97859237536657
592696,Eddie Rosario,L,327.0,24.159021406727827,4.892966360856269,0.1377049180327869,91.0,14.299999999999999,42.5,5.3,27.5,27.900000000000002
665839,Enmanuel Valdez,L,325.0,21.23076923076923,8.615384615384615,0.1506849315068493,89.52553846153847,18.17015384615385,42.08246153846154,8.892,21.91169230769231,33.663384615384615
641658,Garrett Hampson,R,322.0,27.32919254658385,7.763975155279503,0.05862068965517241,86.0,16.1,30.4,4.4,22.9,31.6
677870,Leo Jiménez,R,320.0,25.9375,6.25,0.09782608695652174,87.6,12.3,33.3,8.1,27.0,40.7
645444,Jose Herrera,S,318.0,23.270440251572328,10.062893081761006,0.07984790874524715,84.11509433962264,13.618867924528299,22.77924528301887,0.5132075471698114,22.211320754716983,32.1622641509434
660844,Leo Rivas,S,317.0,26.498422712933753,14.195583596214512,0.05725190839694656,86.24805194805195,16.788311688311687,16.53116883116883,2.220779220779221,23.37922077922078,31.74155844155844
608841,Joey Meneses,R,313.0,20.12779552715655,6.7092651757188495,0.0711743772241993,88.9,8.3,39.3,4.5,22.9,30.799999999999997
695600,Carter Jensen,L,311.0,26.366559485530548,9.967845659163988,0.1897810218978102,90.8,19.9,43.4,8.9,30.8,30.2
455117,Martín Maldonado,R,308.0,35.064935064935064,5.194805194805195,0.11702127659574468,86.95454545454545,18.00909090909091,31.67954545454545,8.731818181818182,37.30227272727272,30.056818181818183
624415,Cavan Biggio,L,307.0,30.293159609120522,11.400651465798045,0.09727626459143969,82.0,21.2,16.9,2.5,23.8,37.3
688363,Graham Pauley,L,307.0,23.778501628664497,8.469055374592834,0.1366906474820144,86.6,17.3,35.4,5.5,26.9,33.9
656413,Stuart Fairchild,R,306.0,27.124183006535947,8.49673202614379,0.13970588235294118,85.5,20.5,36.8,8.0,35.5,27.6
808975,Hyeseong Kim,L,301.0,27.574750830564785,6.312292358803987,0.09025270758122744,85.91295681063123,7.913953488372092,26.937873754152825,3.0046511627906978,29.485049833887043,40.579734219269106
805808,Kevin McGonigle,L,300.0,13.333333333333334,14.0,0.12890625,88.1,21.7,37.1,8.5,14.399999999999999,36.0
691019,Kyle Teel,L,297.0,25.925925925925927,12.457912457912458,0.1383399209486166,88.3,14.4,37.6,9.6,29.1,47.8
670156,Miles Mastrobuoni,L,296.0,17.22972972972973,8.445945945945946,0.03802281368821293,87.77366548042706,9.104626334519573,34.6270462633452,2.3377224199288253,17.68434163701068,33.14911032028469
694374,Tim Tawa,R,295.0,27.11864406779661,9.491525423728813,0.13178294573643412,89.2,6.8,42.1,9.3,32.5,31.4
802139,JJ Wetherholt,L,290.0,16.551724137931036,11.03448275862069,0.13821138211382114,90.3,14.600000000000001,46.0,7.5,21.3,34.4
663330,Jahmai Jones,R,287.0,26.13240418118467,10.104529616724738,0.19047619047619047,91.5,20.0,53.6,13.4,26.0,38.1
687221,Dalton Rushing,L,287.0,31.70731707317073,8.013937282229966,0.17898832684824903,89.79228187919463,16.38422818791946,43.5244966442953,12.128523489932887,33.636577181208054,37.15201342281879
696030,Alejandro Osuna,L,286.0,17.132867132867133,11.538461538461538,0.049586776859504134,88.53333333333333,8.414814814814815,35.20740740740741,3.5555555555555554,18.255555555555556,32.300000000000004
656577,Alex Jackson,R,286.0,35.31468531468531,5.944055944055944,0.15384615384615385,87.32745098039216,17.886274509803922,35.29019607843137,11.33529411764706,39.38627450980392,29.090196078431372
666126,Carlos Cortes,L,284.0,13.028169014084508,8.450704225352112,0.20078740157480315,89.9,8.5,40.4,8.7,19.7,35.5
672960,Kazuma Okamoto,R,283.0,32.50883392226148,9.540636042402827,0.21115537848605578,91.8,17.2,49.1,14.4,34.4,34.1
642180,Tyler Wade,L,283.0,21.20141342756184,9.187279151943462,0.0326530612244898,83.20636042402828,11.71766784452297,16.48833922261484,0.992226148409894,23.447703180212017,33.881625441696116
677008,Heston Kjerstad,L,281.0,27.75800711743772,5.693950177935943,0.13725490196078433,89.36797153024912,11.726334519572955,42.235943060498215,7.229181494661922,29.49537366548043,35.57508896797153
595281,Kevin Kiermaier,L,281.0,30.604982206405694,4.270462633451957,0.11583011583011583,86.4,7.299999999999999,30.0,3.8999999999999995,37.5,27.6
663527,Tyler Nevin,R,278.0,23.02158273381295,8.992805755395683,0.12653061224489795,89.8,10.7,40.8,8.8,25.6,37.0
623168,Tyler Heineman,S,277.0,20.216606498194945,6.137184115523466,0.09623430962343096,84.4,19.1,22.4,3.2,19.3,31.2
624503,Nick Gordon,L,275.0,24.363636363636363,4.0,0.1423076923076923,86.1,6.5,29.6,6.2,32.0,34.7
666150,Dominic Fletcher,L,275.0,21.818181818181817,4.7272727272727275,0.07450980392156863,84.4,12.1,26.8,1.8,21.2,38.7
605361,Nick Martini,L,274.0,20.437956204379564,6.569343065693431,0.12096774193548387,86.71131386861315,14.778467153284673,32.903649635036494,5.741605839416059,22.490875912408757,29.88832116788321
681198,TJ Rumfield,L,271.0,14.760147601476016,9.96309963099631,0.16877637130801687,84.7,14.700000000000001,32.9,6.5,18.8,38.9
800050,Chase DeLauter,L,270.0,13.333333333333334,10.37037037037037,0.14583333333333334,90.0,14.4,40.5,5.9,15.6,35.9
642215,Weston Wilson,R,269.0,27.509293680297397,9.66542750929368,0.1722689075630252,89.4,14.4,41.0,10.3,30.1,38.5
687093,Vaughn Grissom,R,269.0,15.241635687732343,7.806691449814126,0.10460251046025104,88.4879120879121,11.270329670329671,40.06373626373626,6.2978021978021985,20.65274725274725,36.14175824175825
669222,Nick Senzel,R,267.0,22.846441947565545,10.486891385767791,0.13559322033898305,84.0,15.5,26.7,5.7,23.9,38.6
701807,Carson Benge,L,263.0,22.0532319391635,6.844106463878327,0.13278008298755187,90.1,11.4,43.2,9.1,21.5,40.7
692225,Kristian Campbell,R,263.0,27.376425855513308,11.02661596958175,0.1222707423580786,88.6,4.7,41.8,5.1,27.3,30.4
672744,Alexander Canario,R,262.0,34.732824427480914,7.251908396946565,0.12448132780082988,87.4,10.5,43.8,12.4,39.0,35.8
687551,Drew Gilbert,L,262.0,19.46564885496183,7.251908396946565,0.14767932489451477,85.75693430656935,13.467883211678831,33.9934306569343,3.514963503649635,25.197810218978105,31.885766423357666
608336,Joey Gallo,L,260.0,39.23076923076923,12.307692307692308,0.17488789237668162,90.5,26.1,43.4,13.1,39.6,32.8
687952,Christian Encarnacion-Strand,R,260.0,25.76923076923077,2.6923076923076925,0.13821138211382114,87.85269230769231,18.398076923076925,40.83038461538462,8.763461538461538,27.50307692307692,28.385
444482,David Peralta,L,260.0,20.76923076923077,8.461538461538462,0.1483050847457627,88.1,8.9,42.3,5.5,28.1,36.8
676369,Nelson Velázquez,R,258.0,26.356589147286822,7.751937984496124,0.1774891774891775,88.2,17.4,38.1,8.8,35.5,29.9
608671,Travis Jankowski,L,257.0,21.78988326848249,5.836575875486381,0.0425531914893617,85.40000000000002,5.900000000000001,24.7,0.6999999999999998,20.7,25.3
687637,Dylan Beavers,L,256.0,25.0,15.625,0.15023474178403756,88.14921875,18.550390625,33.11328125,7.394140625,23.560546875,35.673046875
663604,Brandon Lockridge,R,256.0,25.390625,7.03125,0.06926406926406926,87.1,2.3,32.0,2.9,24.9,26.2
641432,Willie Calhoun,L,254.0,12.204724409448819,9.05511811023622,0.13537117903930132,89.0,12.4,37.7,3.0,13.2,30.2
690976,Alex Freeland,S,253.0,30.039525691699605,11.067193675889328,0.11009174311926606,89.7,10.1,40.2,6.900000000000001,27.799999999999997,34.3
665877,José Fermín,R,252.0,14.682539682539682,9.126984126984127,0.09821428571428571,85.8,18.0,31.7,1.2,14.1,25.6
656484,Tristan Gray,L,250.0,29.6,6.8,0.13716814159292035,89.4,14.8,41.6,6.8,34.0,41.6
660766,Juan Yepez,R,249.0,16.867469879518072,7.228915662650603,0.14601769911504425,86.6,8.5,35.6,5.9,22.1,30.3
695238,Will Wagner,L,247.0,18.62348178137652,10.121457489878543,0.091324200913242,86.8,9.1,41.2,2.0,22.4,31.399999999999995
660707,Elehuris Montero,R,247.0,22.672064777327936,8.097165991902834,0.09821428571428571,89.5,17.0,41.5,7.6,30.3,27.5
623912,Harold Ramírez,R,246.0,20.32520325203252,2.032520325203252,0.06302521008403361,87.0,-0.2,33.9,3.2,31.4,27.5
808959,Munetaka Murakami,L,246.0,32.520325203252035,17.88617886178862,0.32,94.2,14.5,58.7,20.7,41.8,28.9
805249,Otto Kemp,R,245.0,31.428571428571427,5.3061224489795915,0.15765765765765766,89.9,11.5,44.7,12.099999999999998,34.3,38.60000000000001
543257,Robbie Grossman,S,245.0,23.6734693877551,13.877551020408163,0.08173076923076923,86.3,13.3,27.6,3.3,22.7,30.3
665561,Rafael Marchán,S,245.0,15.510204081632653,5.714285714285714,0.12946428571428573,85.6,11.1,22.2,2.2,22.8,26.7
664059,Sam Haggerty,S,245.0,23.26530612244898,7.755102040816326,0.09049773755656108,88.3,7.0,42.1,2.4,26.3,34.9
518735,Yasmani Grandal,S,243.0,18.930041152263374,9.876543209876543,0.17209302325581396,91.1,11.1,42.8,9.8,20.1,31.8
670224,Kameron Misner,L,242.0,33.47107438016529,7.024793388429752,0.11764705882352941,87.59999999999998,15.0,29.8,5.3,34.4,27.5
665953,Andrés Chaparro,R,242.0,21.90082644628099,8.264462809917354,0.14814814814814814,87.8,16.6,33.0,6.2,24.8,27.8
805373,Nacho Alvarez Jr.,R,240.0,24.583333333333332,5.0,0.08256880733944955,84.9,17.8,26.800000000000004,1.4,22.199999999999996,33.1
701675,Nathan Church,L,239.0,24.267782426778243,3.7656903765690375,0.12272727272727273,85.8,10.0,31.3,9.0,23.8,34.3
605113,Nick Ahmed,R,238.0,22.689075630252102,5.042016806722689,0.0639269406392694,84.9,13.4,23.0,3.0,26.0,29.7
543685,Anthony Rendon,R,238.0,14.705882352941176,9.663865546218487,0.04854368932038835,87.9,14.1,37.1,2.3,12.5,31.4
671221,Drew Waters,S,238.0,27.73109243697479,5.46218487394958,0.07207207207207207,86.0,9.1,28.8,4.1,30.3,35.6
686452,Drew Millas,S,236.0,21.1864406779661,8.05084745762712,0.09569377990430622,82.9,11.2,22.0,3.8,22.4,34.1
694208,Moisés Ballesteros,L,234.0,19.65811965811966,10.683760683760683,0.15942028985507245,90.1,10.6,46.7,9.1,26.9,33.6
686765,Nick Sogard,S,231.0,23.80952380952381,7.359307359307359,0.07692307692307693,86.0,11.599999999999998,34.7,5.6,20.0,36.1
663662,Daz Cameron,R,228.0,28.07017543859649,6.140350877192983,0.12322274881516587,91.6,8.6,48.8,8.3,28.3,36.4
681508,Mickey Gasper,S,226.0,20.79646017699115,8.849557522123893,0.06598984771573604,87.8,19.4,31.2,1.3,18.5,16.9
701305,Zach Dezenzo,R,225.0,34.666666666666664,8.0,0.13043478260869565,89.29999999999998,17.5,41.0,16.4,33.5,42.60000000000001
666211,Taylor Trammell,L,223.0,32.28699551569507,10.762331838565023,0.11734693877551021,91.0,15.5,40.3,7.8,38.6,33.8
641943,Joshua Palacios,L,223.0,21.524663677130047,9.865470852017937,0.1076923076923077,88.3,11.0,39.8,8.7,27.8,29.0
694728,Brice Matthews,R,222.0,33.78378378378378,5.8558558558558556,0.17647058823529413,88.3,10.5,40.0,9.6,36.4,32.2
672016,Denzel Clarke,R,219.0,38.81278538812786,4.566210045662101,0.10945273631840796,90.0,4.1,42.7,6.699999999999999,32.7,29.200000000000003
656541,Sam Hilliard,L,219.0,36.073059360730596,10.95890410958904,0.25396825396825395,94.6,16.5,52.3,14.900000000000002,40.8,30.699999999999996
621550,Patrick Wisdom,R,217.0,35.483870967741936,5.990783410138249,0.19696969696969696,90.9,28.0,48.5,16.0,31.4,23.8
683357,Owen Caissie,L,217.0,40.09216589861751,6.912442396313364,0.1641025641025641,91.4,15.3,46.10000000000001,13.7,35.4,45.10000000000001
678391,Jorbit Vivas,L,216.0,15.277777777777779,7.87037037037037,0.08108108108108109,83.4,13.899999999999999,25.2,3.5,17.5,31.299999999999997
677595,Ronny Mauricio,S,216.0,30.555555555555557,6.944444444444445,0.135,91.2,12.7,43.0,8.9,33.9,28.1
702358,Trey Lipscomb,R,215.0,19.069767441860463,7.441860465116279,0.030927835051546393,86.5,0.7,31.6,0.7,25.3,23.0
694362,Blake Dunn,R,215.0,28.372093023255815,7.906976744186046,0.1111111111111111,88.7,13.3,29.5,3.5,24.8,33.7
690022,Ryan Ritter,R,214.0,29.906542056074766,4.672897196261682,0.09278350515463918,85.2,7.400000000000001,30.5,1.5,35.4,30.5
669326,Bryce Teodosio,R,213.0,32.863849765258216,3.755868544600939,0.08121827411167512,84.3,12.9,26.6,4.3,37.3,23.4
695391,Brett Harris,R,213.0,22.535211267605632,11.737089201877934,0.09444444444444444,87.4,12.8,36.7,5.1,23.8,26.6
596117,Garrett Stubbs,L,212.0,25.471698113207548,8.49056603773585,0.04864864864864865,79.7,19.4,9.6,0.0,24.900000000000002,40.9
666464,Jerar Encarnacion,R,210.0,27.142857142857142,3.3333333333333335,0.1485148514851485,95.0,6.7,58.8,15.0,28.7,37.5
702222,Justin Crawford,L,210.0,20.952380952380953,6.666666666666667,0.0979381443298969,87.09999999999998,2.9,33.8,1.3,20.2,26.899999999999995
571912,Luke Maile,R,208.0,32.69230769230769,9.615384615384615,0.08333333333333333,84.7,11.3,24.7,3.5,28.799999999999997,37.6
641645,Luis Guillorme,L,208.0,21.153846153846153,11.538461538461538,0.06077348066298342,85.5,5.7,21.1,2.3,18.9,32.8
676439,Hunter Feduccia,L,208.0,28.365384615384617,12.5,0.056818181818181816,87.6,16.3,32.8,8.2,28.3,31.1
804606,Konnor Griffin,R,208.0,26.923076923076923,6.730769230769231,0.13227513227513227,87.29999999999998,5.5,35.6,8.2,32.1,31.1
683766,Christian Koss,R,206.0,22.815533980582526,4.368932038834951,0.10106382978723404,86.9,5.5,33.6,6.0,31.6,33.6
690987,Robert Hassell III,L,206.0,30.097087378640776,3.883495145631068,0.09137055837563451,88.6,7.2,40.7,8.2,28.8,34.1
671976,Tristan Peters,L,206.0,20.87378640776699,6.796116504854369,0.15053763440860216,86.4,13.5,27.4,4.8,22.7,32.7
669369,Bryce Johnson,S,206.0,23.78640776699029,6.310679611650485,0.059782608695652176,,,,,,
678489,Jorge Barrosa,S,205.0,28.29268292682927,4.878048780487805,0.11764705882352941,85.7,17.8,20.600000000000005,5.900000000000001,28.100000000000005,35.3
803011,Sam Antonacci,L,204.0,15.686274509803921,6.862745098039215,0.0872093023255814,88.2,11.7,36.0,8.1,16.5,39.7
667452,Corey Julks,R,202.0,26.237623762376238,7.425742574257426,0.0972972972972973,84.9,15.0,29.0,3.2,25.9,33.9
650968,Yohel Pozo,R,201.0,12.437810945273633,3.482587064676617,0.12435233160621761,87.7,17.8,35.3,2.2,19.8,29.5
606992,Eric Haase,R,201.0,36.318407960199,4.975124378109452,0.21390374331550802,,,,,,
605131,Austin Barnes,R,200.0,25.0,7.5,0.04945054945054945,86.3,9.5,31.1,1.9,22.8,30.2
694377,Nick Yorke,R,200.0,22.0,7.0,0.0989010989010989,,,,,,
665052,Griffin Conine,L,200.0,29.5,7.5,0.1912568306010929,,,,,,
677347,Kyren Paris,R,199.0,38.19095477386934,8.542713567839195,0.1638418079096045,88.9,17.8,47.8,16.7,45.7,34.3
592178,Kris Bryant,R,196.0,31.122448979591837,7.653061224489796,0.0755813953488372,85.1,18.5,30.2,4.7,36.9,39.5
658668,Edward Olivares,R,196.0,18.877551020408163,8.16326530612245,0.10919540229885058,86.8,9.2,35.5,6.4,24.2,35.5
687515,Colby Thomas,R,194.0,33.50515463917526,5.670103092783505,0.1751412429378531,92.2,21.2,49.3,13.3,37.1,24.0
621466,DJ Stewart,L,194.0,24.742268041237114,15.97938144329897,0.12025316455696203,89.7,19.1,39.6,8.2,30.0,34.2
670097,Zack Short,R,190.0,28.42105263157895,13.157894736842104,0.08333333333333333,,,,,,
642851,Austin Wynns,R,187.0,27.272727272727273,4.278074866310161,0.17142857142857143,88.6,13.0,46.6,9.6,27.6,35.6
695681,Christian Moore,R,184.0,33.69565217391305,10.326086956521738,0.1728395061728395,88.9,14.6,36.3,6.9,36.9,38.2
665506,Cristian Pache,R,183.0,34.97267759562842,9.289617486338798,0.07878787878787878,89.9,9.8,38.2,4.9,33.2,26.5
668723,Ryan Vilade,R,183.0,21.311475409836067,8.743169398907105,0.11801242236024845,89.3,17.9,37.4,4.4,20.5,31.5
640902,Jhonny Pereda,R,183.0,22.404371584699454,6.557377049180328,0.07142857142857142,,,,,,
542932,Jon Berti,R,181.0,19.88950276243094,6.077348066298343,0.030120481927710843,87.5,1.5,37.2,2.6,26.3,30.8
656248,Sean Bouchard,R,181.0,33.149171270718234,10.497237569060774,0.09554140127388536,89.8,10.7,34.4,5.0,33.7,29.5
668952,Ryan Kreidler,R,181.0,29.834254143646408,9.94475138121547,0.1,,,,,,
668800,Andrew Knizner,R,181.0,17.679558011049725,4.419889502762431,0.059880239520958084,,,,,,
682729,Jonatan Clase,S,178.0,25.280898876404493,7.303370786516854,0.08695652173913043,86.0,17.4,35.6,6.9,27.1,21.9
666135,Alex Kirilloff,L,178.0,26.40449438202247,8.426966292134832,0.18238993710691823,91.3,13.2,40.9,11.3,30.9,27.0
621512,Tomás Nido,R,177.0,25.423728813559322,2.824858757062147,0.09696969696969697,89.8,14.1,44.0,12.0,35.9,36.0
699912,Jose Fernandez,R,177.0,22.598870056497177,3.9548022598870056,0.09696969696969697,87.9,11.6,38.8,3.9,24.599999999999998,27.099999999999998
641555,J.C. Escarra,L,177.0,18.07909604519774,9.03954802259887,0.10828025477707007,,,,,,
670231,John Rave,L,175.0,26.285714285714285,10.285714285714286,0.1111111111111111,88.3,8.4,40.0,5.5,24.2,25.5
683953,Travis Bazzana,L,174.0,20.114942528735632,11.494252873563218,0.152317880794702,88.6,13.1,35.5,3.3000000000000003,25.0,29.3
686894,Joey Wiemer,R,172.0,35.46511627906977,9.30232558139535,0.17880794701986755,,,,,,
676116,Ryan Noda,L,170.0,36.470588235294116,14.705882352941176,0.07042253521126761,86.2,16.0,33.9,5.2,33.8,23.7
605204,J.D. Davis,R,166.0,25.301204819277107,7.228915662650603,0.11258278145695365,89.1,2.8,43.7,8.8,34.8,24.3
682988,Tyler Locklear,R,165.0,38.18181818181818,7.878787878787879,0.10810810810810811,87.9,7.0,41.7,6.7,32.2,18.3
691182,Adael Amador,S,164.0,20.121951219512194,7.317073170731708,0.07432432432432433,84.8,15.2,24.7,3.4,20.7,30.3
692216,CJ Kayfus,L,163.0,28.220858895705522,7.975460122699387,0.19310344827586207,88.7,16.4,36.8,9.2,35.7,41.4
670223,Matt Mervis,L,162.0,35.80246913580247,7.407407407407407,0.1780821917808219,88.3,22.3,38.0,8.5,39.9,26.8
572761,Matt Carpenter,L,157.0,32.48407643312102,9.554140127388536,0.1386861313868613,85.8,24.2,28.7,7.0,28.900000000000002,46.6
686554,Oliver Dunn,L,157.0,34.394904458598724,5.732484076433121,0.07746478873239436,89.1,6.6,46.39999999999999,5.4,36.2,33.9
668832,Kyle McCann,L,157.0,37.5796178343949,10.19108280254777,0.1357142857142857,89.6,12.5,38.3,12.3,45.2,30.900000000000002
690291,Jace Jung,L,157.0,29.29936305732484,15.286624203821656,0.03787878787878788,,,,,,
687529,Grant McCray,L,156.0,42.94871794871795,5.128205128205129,0.1643835616438356,90.2,5.4,44.1,11.8,43.6,30.9
680737,Michael Helman,R,155.0,19.35483870967742,5.161290322580645,0.2014388489208633,82.7,19.6,24.7,8.6,24.1,24.7
805811,Bryce Eldridge,L,154.0,24.675324675324674,14.285714285714286,0.20155038759689922,91.8,13.2,56.8,13.6,21.2,34.1
683021,Michael Stefanic,R,154.0,15.584415584415584,8.441558441558442,0.029197080291970802,85.1,7.0,26.4,1.1,10.5,24.2
702176,Alan Roden,L,153.0,24.18300653594771,5.228758169934641,0.10294117647058823,86.4,2.3,30.4,2.0,23.8,20.6
665923,Esteury Ruiz,R,153.0,31.372549019607842,8.49673202614379,0.21212121212121213,,,,,,
690924,Braxton Fulford,R,151.0,31.788079470198674,6.622516556291391,0.11851851851851852,87.3,19.8,38.7,5.3,30.6,30.7
