player_id,name,season,pa,k_percent,bb_percent,whiff_percent,swing_percent,oz_swing_percent,fastball_avg_speed,exit_velocity_avg,launch_angle_avg,barrel_batted_rate,hard_hit_percent,groundballs_percent
691587,"Pérez, Eury",2026,265.0,27.2,10.6,29.1,50.5,31.5,98.1,89.1,21.5,15.0,42.5,33.8
571578,"Corbin, Patrick",2026,252.0,15.9,7.9,20.4,48.3,30.3,89.6,89.0,14.3,8.1,43.9,41.2
696149,"Chandler, Bubba",2026,301.0,22.6,13.6,24.7,48.1,30.5,98.3,89.7,19.2,7.4,36.0,34.9
656492,"Griffin, Foster",2026,321.0,23.1,6.5,24.1,46.6,29.9,89.5,88.3,13.2,11.8,38.6,44.1
669467,"Pallante, Andre",2026,298.0,18.8,8.4,22.8,44.5,27.0,95.1,87.9,7.2,6.7,35.8,52.4
690997,"McLean, Nolan",2026,317.0,27.8,9.8,24.5,42.8,27.5,94.8,86.6,8.6,6.3,36.3,46.8
693433,"Woo, Bryan",2026,329.0,24.0,4.6,24.2,54.0,34.5,95.6,89.6,19.0,7.3,44.4,36.2
669372,"Ginn, J.T.",2026,290.0,22.4,10.3,27.2,46.0,30.0,93.2,88.3,9.1,6.3,37.7,48.7
607067,"Rea, Colin",2026,304.0,17.8,8.2,21.1,47.3,31.6,92.8,90.9,12.7,12.7,43.9,44.3
813349,"Early, Connelly",2026,300.0,23.0,9.0,23.1,46.9,32.5,93.3,90.7,13.6,11.6,42.9,40.9
547179,"Lorenzen, Michael",2026,320.0,17.2,7.5,20.8,45.0,25.8,93.0,89.6,10.7,9.3,45.0,45.4
700712,"Ureña, Walbert",2026,242.0,22.7,13.6,28.1,43.0,30.6,97.6,87.2,8.0,6.0,32.5,51.0
694738,"Roupp, Landen",2026,313.0,26.2,10.2,26.2,42.3,29.5,92.0,87.5,9.7,3.6,29.9,50.8
681190,"Vásquez, Randy",2026,313.0,18.5,7.0,21.8,49.5,29.2,93.2,91.3,17.9,13.0,46.1,35.7
676083,"Junk, Janson",2026,255.0,16.9,5.1,18.0,49.5,28.5,94.2,89.9,14.4,6.6,41.6,45.2
592791,"Taillon, Jameson",2026,287.0,20.6,8.0,26.4,46.6,31.0,89.9,88.5,18.0,14.3,38.4,35.0
527048,"Pérez, Martín",2026,245.0,20.8,8.6,22.5,43.6,27.1,88.3,88.3,8.9,7.1,38.0,47.4
656302,"Cease, Dylan",2026,280.0,36.8,9.6,38.0,46.5,32.2,97.5,86.9,12.0,5.5,37.4,46.3
663436,"Martin, Davis",2026,313.0,25.2,5.4,27.6,49.6,34.9,92.7,90.2,11.1,6.2,46.5,43.7
641743,"Kay, Anthony",2026,301.0,17.6,9.0,21.9,45.4,32.4,94.2,89.8,11.6,9.8,41.6,45.5
656849,"Peterson, David",2026,286.0,19.9,9.1,22.3,46.4,31.6,92.1,89.6,7.3,7.1,43.5,53.0
663903,"Singer, Brady",2026,282.0,16.7,7.1,22.2,44.0,27.6,90.6,91.4,14.1,11.8,42.5,41.5
668909,"Williams, Gavin",2026,345.0,28.7,8.1,30.5,48.6,33.9,95.7,91.1,9.7,12.9,48.6,46.8
543243,"Gray, Sonny",2026,256.0,19.9,6.3,22.1,47.0,31.5,90.8,88.4,9.7,7.7,35.5,48.4
657277,"Webb, Logan",2026,278.0,20.9,6.8,21.0,47.2,33.0,92.0,90.6,2.0,6.2,46.4,58.2
622663,"Severino, Luis",2026,271.0,24.0,11.4,23.0,47.6,31.3,95.9,88.8,11.6,8.7,38.7,45.1
669387,"Mlodzinski, Carmen",2026,270.0,19.3,8.5,21.3,44.0,28.3,94.6,91.8,14.5,7.8,50.5,42.7
605288,"Houser, Adrian",2026,296.0,15.5,8.1,19.5,44.6,25.0,94.9,90.9,11.8,9.9,44.1,43.2
681517,"Leahy, Kyle",2026,291.0,17.9,8.6,22.1,44.9,25.9,93.8,92.2,8.9,12.0,50.2,43.5
671737,"Bradley, Taj",2026,284.0,25.7,10.2,27.1,46.0,28.6,94.4,91.9,16.4,10.6,47.2,33.3
686799,"Kochanowicz, Jack",2026,296.0,15.9,12.2,23.6,45.2,25.6,95.9,89.4,4.7,7.4,42.8,57.2
677952,"Ashcraft, Braxton",2026,344.0,26.2,5.5,27.4,51.7,36.0,96.9,89.9,13.3,5.7,38.9,46.7
677944,"Cecconi, Slade",2026,316.0,19.3,7.3,21.7,47.0,27.8,91.4,88.0,13.0,7.9,36.2,45.9
650911,"Sánchez, Cristopher",2026,375.0,30.1,4.8,33.0,50.7,38.3,95.1,89.1,1.4,8.6,43.2,58.4
680736,"Wrobleski, Justin",2026,295.0,15.3,5.4,17.3,49.0,29.1,93.9,90.0,15.2,7.8,42.7,38.8
687064,"Young, Brandon",2026,239.0,17.6,7.9,21.9,50.2,35.4,93.9,89.8,14.8,8.0,43.8,40.3
669432,"Rogers, Trevor",2026,266.0,16.5,7.5,21.5,51.7,33.8,91.3,89.6,19.4,7.5,39.8,35.3
680573,"Woods Richardson, Simeon",2026,240.0,12.1,10.4,18.8,43.9,22.4,92.7,90.6,18.1,8.2,45.1,40.2
669022,"Gore, MacKenzie",2026,309.0,24.6,10.7,25.4,48.0,30.4,94.6,89.7,15.9,8.6,44.4,37.4
693645,"Schlittler, Cam",2026,346.0,27.7,5.2,27.3,53.9,35.5,96.6,88.0,11.8,6.5,39.8,45.5
641816,"Mahle, Tyler",2026,249.0,22.9,9.6,19.9,43.7,28.2,91.2,89.1,12.6,8.4,35.7,44.6
641793,"Littell, Zack",2026,288.0,13.5,7.3,15.5,49.5,28.3,91.4,92.5,19.4,11.1,45.6,34.5
676440,"Bibee, Tanner",2026,342.0,20.8,7.6,27.0,46.8,26.0,91.1,90.6,16.1,10.3,45.1,39.3
665795,"Cabrera, Edward",2026,269.0,21.6,8.6,27.1,48.4,33.3,96.1,91.4,11.8,13.0,42.5,45.2
663567,"Lambert, Peter",2026,238.0,22.3,10.5,25.4,48.2,28.7,93.7,88.5,15.5,7.1,41.0,42.9
645261,"Alcantara, Sandy",2026,404.0,17.6,5.7,21.0,51.2,31.5,95.7,88.6,11.1,6.6,37.5,45.1
800048,"Messick, Parker",2026,320.0,25.6,7.8,27.1,48.8,32.4,92.8,87.5,15.0,6.1,34.0,42.5
656605,"Keller, Mitch",2026,329.0,17.6,8.2,20.1,47.8,29.2,92.7,88.4,12.9,6.8,39.9,40.3
669160,"May, Dustin",2026,301.0,21.9,6.6,21.2,47.5,30.9,95.6,90.2,11.3,6.7,47.4,45.5
680694,"Bradish, Kyle",2026,323.0,22.6,12.1,25.3,44.3,30.6,94.4,88.2,8.1,10.6,37.1,51.4
605400,"Nola, Aaron",2026,309.0,23.0,7.8,25.0,45.6,32.2,90.8,88.2,13.2,9.3,38.8,42.5
691725,"Painter, Andrew",2026,285.0,17.5,7.7,22.1,48.3,32.3,96.2,87.2,16.1,9.0,34.8,40.0
605280,"Holmes, Clay",2026,215.0,20.9,8.4,21.9,47.3,32.9,93.1,89.8,5.1,5.3,44.0,55.3
700241,"McGreevy, Michael",2026,285.0,17.2,6.0,19.9,45.2,28.5,90.1,89.2,10.6,10.1,40.6,45.7
681293,"Arrighetti, Spencer",2026,243.0,21.8,12.8,25.6,42.6,26.9,92.0,87.2,16.6,6.0,29.5,40.3
605488,"Springs, Jeffrey",2026,320.0,19.7,7.2,21.9,46.7,31.2,91.3,87.8,16.2,9.5,36.6,36.2
607259,"Martinez, Nick",2026,318.0,13.8,4.1,18.2,49.9,31.6,91.5,86.8,15.5,6.6,31.7,37.5
624133,"Suarez, Ranger",2026,286.0,24.5,7.3,23.6,46.1,31.9,90.2,87.0,15.0,6.2,32.6,39.4
621111,"Buehler, Walker",2026,266.0,19.9,8.3,19.0,44.2,26.9,92.5,90.5,9.7,8.0,41.0,47.3
801139,"Tolle, Payton",2026,215.0,25.1,6.5,25.6,55.5,35.3,94.4,87.3,19.4,4.9,32.4,35.2
663556,"McClanahan, Shane",2026,268.0,24.6,8.2,27.5,49.2,33.3,95.4,89.8,9.8,9.0,41.2,47.5
808963,"Sasaki, Roki",2026,270.0,23.7,8.9,28.9,50.1,31.5,97.4,89.8,12.4,10.7,43.8,45.5
663460,"Bubic, Kris",2026,207.0,24.6,12.6,26.1,46.9,28.6,91.6,89.4,12.5,7.8,39.5,45.7
669302,"Gilbert, Logan",2026,321.0,25.5,5.9,29.1,49.0,30.6,94.4,90.8,17.8,11.6,45.8,36.1
677958,"Rocker, Kumar",2026,282.0,18.4,9.9,22.4,47.2,29.5,93.5,89.8,11.2,7.5,43.5,48.5
676106,"Hancock, Emerson",2026,292.0,25.0,5.8,23.5,51.9,26.1,93.4,90.4,13.4,10.7,44.9,41.4
554430,"Wheeler, Zack",2026,213.0,24.9,5.6,26.6,51.3,37.5,94.4,87.7,14.2,8.3,37.0,45.2
594798,"deGrom, Jacob",2026,305.0,29.2,4.9,33.2,52.6,34.5,97.1,90.9,18.5,9.5,44.3,32.3
702070,"Cameron, Noah",2026,295.0,21.7,5.8,23.9,48.1,29.0,91.2,89.0,16.6,9.4,39.7,38.8
642547,"Peralta, Freddy",2026,337.0,23.4,9.5,28.1,46.2,30.0,93.8,88.3,13.7,5.9,40.5,44.1
650644,"Civale, Aaron",2026,246.0,15.9,6.9,18.7,45.2,29.0,89.1,91.0,20.8,8.5,47.9,29.3
669461,"Liberatore, Matthew",2026,307.0,21.2,8.8,22.5,47.5,28.8,94.2,91.5,13.6,10.2,44.7,39.5
684007,"Imanaga, Shota",2026,327.0,24.8,6.4,30.9,51.1,37.0,91.6,88.9,18.0,10.8,40.1,38.3
592662,"Ray, Robbie",2026,314.0,21.0,11.5,24.9,48.3,29.7,93.3,88.5,19.9,11.4,36.8,33.0
605135,"Bassitt, Chris",2026,261.0,14.2,8.4,21.2,45.9,24.4,91.1,87.4,9.8,4.1,34.5,47.4
668678,"Gallen, Zac",2026,312.0,14.7,6.7,19.6,46.7,31.7,93.4,90.9,11.2,9.5,45.7,46.9
656427,"Flaherty, Jack",2026,306.0,25.5,11.1,26.2,44.1,26.5,92.5,91.4,21.7,8.5,48.7,32.3
695505,"Burns, Chase",2026,297.0,29.6,7.7,33.7,48.8,33.2,98.0,89.1,18.3,9.6,38.4,41.1
656550,"Holmes, Grant",2026,287.0,20.6,10.1,28.7,48.5,32.9,93.9,90.8,13.8,10.2,45.2,42.1
681347,"Burrows, Mike",2026,350.0,18.6,8.6,23.2,49.3,32.4,94.8,88.1,15.2,9.2,38.1,38.5
622491,"Castillo, Luis",2026,298.0,21.8,8.4,24.8,52.1,31.7,95.2,90.3,16.5,10.4,44.6,38.6
660271,"Ohtani, Shohei",2026,262.0,27.9,8.0,30.6,46.2,29.7,97.6,87.4,11.9,3.7,36.8,51.5
694477,"Patrick, Chad",2026,221.0,19.0,9.5,26.7,49.7,30.7,92.2,89.7,18.5,7.6,41.1,36.1
676974,"Meyer, Max",2026,325.0,26.5,8.9,30.0,47.7,32.3,94.5,90.4,14.7,8.9,43.9,42.4
671096,"Abbott, Andrew",2026,322.0,16.5,10.2,21.5,46.5,28.2,92.6,89.8,17.3,7.1,39.1,40.9
669358,"Baz, Shane",2026,355.0,18.9,9.0,21.0,47.4,30.5,94.0,90.4,13.5,8.7,41.1,37.9
693821,"Elder, Bryce",2026,342.0,20.8,7.3,23.0,46.9,29.9,91.3,89.4,12.8,3.7,38.9,45.9
682052,"Lopez, Jacob",2026,243.0,15.6,13.6,19.4,43.8,24.5,89.1,85.1,21.0,4.7,31.4,33.1
676917,"Cavalli, Cade",2026,333.0,24.3,7.5,24.2,46.7,31.0,96.4,89.0,10.0,7.9,38.9,46.3
678906,"Teng, Kai-Wei",2026,215.0,22.8,11.2,25.3,43.7,28.2,93.7,90.3,13.3,5.1,39.9,45.7
663623,"Irvin, Jake",2026,228.0,25.4,9.6,25.7,45.9,25.0,91.7,89.7,14.5,12.0,45.8,40.1
608331,"Fried, Max",2026,240.0,20.8,7.9,23.2,44.7,29.5,93.2,86.1,8.7,1.8,30.8,49.1
518876,"Kelly, Merrill",2026,282.0,13.5,9.6,22.4,47.8,33.1,91.7,90.0,15.3,15.0,43.5,36.9
607625,"Lugo, Seth",2026,334.0,19.8,7.5,18.3,47.8,26.0,91.0,90.2,16.0,11.2,42.1,37.6
694819,"Misiorowski, Jacob",2026,329.0,39.8,6.7,38.3,49.1,31.9,99.6,87.3,10.5,2.4,31.4,45.6
666200,"Luzardo, Jesús",2026,336.0,26.2,7.4,31.0,46.1,33.7,96.7,86.3,7.4,6.4,28.9,50.0
608379,"Wacha, Michael",2026,356.0,19.4,7.6,22.7,48.3,29.4,91.9,89.0,16.2,6.2,38.5,38.5
657746,"Ryan, Joe",2026,332.0,27.7,4.8,25.2,50.0,31.9,93.2,89.7,19.2,10.5,43.4,36.1
656876,"Rasmussen, Drew",2026,282.0,27.3,4.6,24.8,49.1,32.4,93.5,86.6,9.0,6.8,31.6,50.5
690986,"Harrison, Kyle",2026,246.0,31.3,7.3,29.5,49.9,33.3,95.0,89.5,15.4,7.4,32.4,35.1
607536,"Freeland, Kyle",2026,279.0,17.6,5.7,22.1,51.0,32.7,89.8,91.0,14.4,9.1,45.0,39.2
571945,"Mikolas, Miles",2026,262.0,14.5,6.1,16.6,46.4,27.3,93.0,89.5,11.9,10.8,43.3,46.2
678394,"Bello, Brayan",2026,282.0,15.6,8.5,24.5,49.6,31.9,92.9,90.6,8.2,9.9,44.1,50.7
519242,"Sale, Chris",2026,319.0,28.8,6.3,29.5,49.6,36.2,95.8,86.8,11.5,6.0,31.2,44.7
677960,"Weathers, Ryan",2026,305.0,26.6,6.9,26.5,44.1,29.1,95.0,89.3,12.2,12.0,41.6,43.1
676282,"Cantillo, Joey",2026,312.0,21.5,11.5,26.4,45.1,28.0,91.5,87.9,12.0,9.1,37.5,43.8
608372,"Sugano, Tomoyuki",2026,287.0,13.6,7.0,16.7,45.1,25.1,91.5,91.1,14.6,15.5,46.5,38.1
672282,"Detmers, Reid",2026,331.0,29.3,7.3,29.4,48.8,32.4,94.1,89.3,20.1,7.4,36.6,35.1
686218,"Sheehan, Emmet",2026,248.0,25.8,6.5,29.9,51.2,36.1,94.4,88.5,18.6,9.7,37.6,37.6
669923,"Kirby, George",2026,350.0,21.1,6.0,21.3,51.3,34.7,96.6,89.4,9.2,6.3,41.5,51.8
650633,"King, Michael",2026,326.0,22.1,9.8,26.8,45.2,27.4,93.2,87.2,14.5,10.2,34.3,47.7
694973,"Skenes, Paul",2026,303.0,29.4,5.0,27.0,50.4,32.6,97.0,87.2,13.1,5.2,34.5,44.8
647336,"Soroka, Michael",2026,329.0,24.0,5.2,22.4,49.6,33.6,92.6,87.7,17.0,8.3,33.8,39.0
667755,"Soriano, José",2026,360.0,25.6,11.7,33.0,46.5,32.0,97.0,88.2,7.0,8.6,37.2,53.8
607200,"Fedde, Erick",2026,276.0,14.5,8.7,16.3,42.3,23.9,92.3,88.8,17.1,9.2,39.6,37.7
687075,"Sproat, Brandon",2026,261.0,21.8,11.5,23.6,44.7,24.0,95.1,90.2,13.9,9.1,43.6,44.4
641778,"Lauer, Eric",2026,224.0,16.1,8.0,19.5,50.9,32.5,89.6,88.9,21.6,11.2,39.6,28.4
672456,"Montero, Keider",2026,288.0,16.7,5.9,16.6,48.1,24.1,94.3,89.7,21.1,8.6,39.8,35.3
664285,"Valdez, Framber",2026,340.0,17.9,8.5,20.9,46.8,32.5,94.0,90.1,9.3,7.1,42.1,50.4
701542,"Warren, Will",2026,291.0,25.8,7.2,23.3,43.8,27.9,93.6,90.2,12.8,6.8,39.6,43.8
543135,"Eovaldi, Nathan",2026,337.0,22.8,5.9,30.0,52.6,36.1,92.3,89.1,10.5,9.8,41.5,50.0
669194,"Nelson, Ryne",2026,326.0,17.5,6.7,21.3,53.6,33.4,95.8,90.6,20.1,10.7,43.8,31.4
680732,"Burke, Sean",2026,313.0,23.3,8.9,21.5,46.3,29.9,94.1,89.2,17.2,6.8,37.2,37.7
593958,"Rodriguez, Eduardo",2026,336.0,17.9,9.5,18.8,45.4,28.3,91.2,88.4,13.5,8.2,36.1,40.6
676962,"Brown, Ben",2026,243.0,25.1,7.8,26.9,46.7,31.0,96.5,90.3,8.0,6.3,42.9,47.2
808967,"Yamamoto, Yoshinobu",2026,323.0,24.8,4.6,29.3,50.2,34.1,94.6,88.5,9.5,7.1,37.3,46.7
641927,"Ober, Bailey",2026,281.0,16.4,6.4,19.6,48.8,30.1,88.5,87.9,23.1,9.8,32.7,34.1
592332,"Gausman, Kevin",2026,349.0,24.6,4.6,27.8,50.9,35.2,93.9,88.1,16.3,7.8,36.2,40.2
683004,"Leiter, Jack",2026,335.0,23.6,9.9,25.5,47.5,29.5,95.9,88.0,16.4,10.0,40.2,37.0
686799,"Kochanowicz, Jack",2024,266.0,9.4,3.8,15.2,53.7,28.5,95.8,90.3,3.6,6.3,44.4,56.5
600917,"Leclerc, José",2024,288.0,30.9,11.1,36.0,47.3,29.9,93.9,87.4,18.0,7.4,30.7,37.4
544150,"Suárez, Albert",2024,565.0,19.1,7.6,24.6,50.4,28.0,92.4,88.8,17.0,7.1,38.4,35.5
680885,"Schwellenbach, Spencer",2024,500.0,25.4,4.6,27.4,53.1,34.3,95.0,87.6,11.7,5.0,39.8,43.0
677960,"Weathers, Ryan",2024,367.0,21.8,6.5,26.1,46.4,26.9,95.6,89.5,10.4,8.3,38.2,47.6
684320,"Rodríguez, Yariel",2024,368.0,23.1,10.9,25.7,45.4,27.4,93.8,87.8,16.8,6.3,37.2,38.5
605513,"Turnbull, Spencer",2024,222.0,26.1,9.0,25.4,42.6,25.4,92.3,87.8,10.7,7.2,42.4,47.5
607259,"Martinez, Nick",2024,570.0,20.4,3.2,23.1,51.1,33.9,91.2,86.4,17.0,5.1,30.5,37.7
596001,"Junis, Jakob",2024,253.0,20.2,3.2,24.6,47.8,28.1,92.0,90.0,15.1,8.4,42.4,38.7
669358,"Baz, Shane",2024,319.0,21.6,8.5,24.6,50.2,23.9,95.6,90.5,18.1,7.3,42.0,39.3
571882,"Law, Derek",2024,365.0,20.8,6.6,28.6,49.9,34.2,92.8,88.2,9.0,3.8,35.2,48.1
670174,"Winckowski, Josh",2024,336.0,17.9,7.7,20.9,47.8,27.5,92.9,88.5,7.1,6.1,43.1,52.4
650911,"Sánchez, Cristopher",2024,754.0,20.3,5.8,24.3,51.6,36.4,94.4,87.4,2.4,5.4,34.5,58.3
669203,"Burnes, Corbin",2024,784.0,23.1,6.1,28.6,48.8,33.0,95.5,87.5,11.0,6.7,31.6,48.8
434378,"Verlander, Justin",2024,396.0,18.7,6.8,21.3,48.7,27.0,93.5,88.6,20.9,6.9,32.5,28.7
657612,"Hill, Tim",2024,291.0,10.7,6.5,12.8,50.8,30.4,89.2,88.0,-6.6,1.7,40.6,67.8
593576,"Neris, Héctor",2024,260.0,24.6,10.8,25.9,51.0,31.3,92.9,88.6,14.8,9.1,40.6,41.2
573124,"Rogers, Taylor",2024,249.0,25.7,8.8,23.3,42.5,21.1,93.0,86.7,12.3,6.3,32.9,46.0
519008,"McFarland, T.J.",2024,235.0,16.6,7.2,19.2,46.2,31.6,88.0,87.5,3.2,4.6,34.9,59.4
682243,"Miller, Bryce",2024,704.0,24.3,6.4,24.4,48.9,27.1,94.9,90.3,16.3,9.8,41.2,38.6
678394,"Bello, Brayan",2024,702.0,21.8,9.1,25.9,46.3,29.6,95.7,88.5,6.2,7.4,41.1,51.3
656557,"Houck, Tanner",2024,743.0,20.7,6.5,22.6,46.8,31.2,93.3,89.4,3.8,5.8,41.8,55.5
664875,"Lawrence, Justin",2024,279.0,16.1,11.8,22.6,43.4,23.9,94.6,90.0,5.7,7.8,42.3,52.6
694738,"Roupp, Landen",2024,217.0,21.7,12.0,25.3,41.0,26.7,94.4,89.0,10.6,4.9,39.2,47.6
605130,"Barlow, Scott",2024,241.0,28.2,12.9,33.6,42.6,27.0,91.3,86.2,9.0,5.8,32.6,47.8
668964,"Myers, Tobias",2024,569.0,22.3,6.3,21.3,49.6,28.7,91.6,89.8,16.4,8.0,38.7,37.7
592351,"Gray, Jon",2024,439.0,19.6,6.4,23.8,51.6,29.9,94.9,90.5,15.3,8.7,42.2,40.6
666157,"Lodolo, Nick",2024,493.0,24.7,7.5,28.1,46.4,30.1,94.1,89.2,11.8,8.2,38.0,44.9
663432,"Rainey, Tanner",2024,231.0,19.0,12.6,26.0,49.1,26.8,94.0,91.1,25.8,14.3,42.9,28.6
642701,"Santana, Dennis",2024,287.0,24.0,7.3,28.2,50.7,35.2,93.8,86.3,14.3,4.7,32.6,38.3
458681,"Lynn, Lance",2024,511.0,21.3,8.6,24.1,48.4,26.2,91.0,88.9,17.0,10.5,39.3,36.4
676534,"Faucher, Calvin",2024,235.0,26.8,11.1,28.1,43.6,22.8,93.5,89.6,9.0,7.8,39.4,46.5
663474,"McKenzie, Triston",2024,340.0,21.8,14.4,23.1,42.5,22.3,91.1,90.7,20.0,13.1,41.9,35.3
608334,"Fulmer, Carson",2024,379.0,21.4,10.6,25.8,46.3,30.3,92.9,90.6,13.0,9.6,44.4,42.1
641482,"Cortes, Nestor",2024,710.0,22.8,5.5,24.2,50.4,27.4,90.3,89.7,22.4,7.9,43.6,31.9
676130,"Buttó, José",2024,294.0,26.9,12.9,32.0,43.8,30.7,93.9,88.7,15.9,7.6,37.8,41.3
676254,"Walker, Ryan",2024,308.0,32.1,5.8,28.6,46.0,29.2,95.6,86.4,9.8,6.0,30.2,46.2
493603,"Ottavino, Adam",2024,245.0,28.6,9.4,25.7,43.5,26.5,91.5,87.1,13.6,7.6,34.7,44.4
663978,"Paddack, Chris",2024,384.0,20.6,5.5,24.0,49.4,30.2,93.3,90.4,14.3,9.9,43.1,38.5
623465,"Phillips, Evan",2024,228.0,27.6,7.5,27.7,47.2,28.0,95.3,85.9,11.9,6.1,32.7,40.1
605463,"Scott, Tayler",2024,282.0,25.2,12.4,29.5,44.2,27.6,92.7,88.0,13.5,3.5,35.7,42.1
606930,"Barnes, Jacob",2024,277.0,19.9,7.2,25.1,49.2,29.4,92.5,89.0,12.8,6.4,41.6,38.1
676106,"Hancock, Emerson",2024,266.0,14.7,7.1,21.9,50.0,27.6,92.7,88.5,16.5,9.9,46.0,35.6
657649,"Koenig, Jared",2024,265.0,23.8,8.7,22.4,47.5,27.1,93.6,87.5,10.5,8.0,35.6,47.7
669713,"Wesneski, Hayden",2024,283.0,23.7,7.4,25.7,45.6,30.2,93.3,87.6,10.8,9.3,36.8,44.0
640462,"Puk, A.J.",2024,294.0,29.9,9.5,31.8,49.3,32.3,95.3,86.2,16.8,4.0,33.5,37.5
670167,"Schreiber, John",2024,224.0,20.5,8.9,21.6,45.6,25.7,91.5,89.0,10.2,3.9,37.0,52.6
628452,"Iglesias, Raisel",2024,259.0,26.3,5.0,31.5,52.3,37.1,95.5,86.0,14.2,4.0,30.9,45.1
572143,"Smith, Burch",2024,241.0,19.1,5.0,20.7,51.3,27.1,92.7,90.7,12.9,9.4,44.8,44.8
518886,"Kimbrel, Craig",2024,232.0,31.5,13.4,30.9,43.0,22.4,93.9,91.1,17.3,10.6,43.1,31.7
547179,"Lorenzen, Michael",2024,535.0,18.1,11.0,22.8,44.7,24.0,93.1,88.5,15.1,8.1,39.4,41.6
684007,"Imanaga, Shota",2024,694.0,25.1,4.0,28.3,55.7,34.7,91.5,88.6,17.8,8.6,39.3,37.2
592426,"Jackson, Luke",2024,235.0,25.1,11.1,29.7,47.0,31.0,94.6,89.2,8.4,8.8,39.9,51.4
676974,"Meyer, Max",2024,248.0,18.5,7.7,23.9,47.5,26.3,94.0,90.6,10.1,13.9,47.8,50.6
650644,"Civale, Aaron",2024,689.0,21.6,7.5,21.9,45.2,27.9,90.3,89.4,17.2,7.3,39.4,35.9
666808,"Doval, Camilo",2024,271.0,28.8,14.4,34.3,43.6,28.5,98.7,89.5,-0.2,8.6,42.8,60.5
658648,"Avila, Pedro",2024,353.0,23.2,10.2,25.0,46.4,27.9,93.3,89.6,9.6,5.2,41.6,45.5
608344,"Irvin, Cole",2024,492.0,15.9,5.9,17.0,48.3,25.4,90.6,89.9,15.3,12.7,40.9,40.1
573186,"Stroman, Marcus",2024,675.0,16.7,8.9,20.4,43.9,26.6,89.4,89.3,9.9,6.8,40.2,49.9
650893,"Cabrera, Génesis",2024,271.0,18.5,10.7,26.1,48.6,28.0,92.6,89.8,14.1,7.4,41.1,43.7
676395,"Garcia, Robert",2024,251.0,29.9,6.4,29.4,51.1,33.4,94.5,87.7,11.5,3.2,30.2,47.2
663158,"Suarez, Robert",2024,258.0,22.9,6.2,24.3,55.6,31.0,99.0,89.0,16.0,7.7,40.4,42.1
571946,"Miller, Shelby",2024,225.0,21.8,5.8,24.3,49.3,27.2,93.5,91.1,16.8,7.6,41.1,40.5
689017,"Knack, Landon",2024,286.0,24.1,6.3,23.1,46.0,25.6,93.5,90.6,21.1,10.2,43.9,31.1
674003,"Bradford, Cody",2024,308.0,22.7,4.2,23.6,49.1,30.1,89.8,88.8,17.8,8.9,34.8,36.6
571760,"Heaney, Andrew",2024,693.0,22.9,5.9,26.3,50.3,30.5,91.5,89.6,18.2,8.4,40.1,34.3
592332,"Gausman, Kevin",2024,756.0,21.4,7.4,23.4,49.9,29.8,93.9,90.2,16.1,9.9,42.4,39.3
663372,"Feltner, Ryan",2024,692.0,19.9,7.5,23.9,48.1,25.7,94.5,88.1,11.9,6.5,36.8,44.4
683003,"Jones, Jared",2024,504.0,26.2,7.7,30.2,51.6,30.4,97.3,89.6,14.5,9.8,44.5,39.0
680730,"Parker, Mitchell",2024,646.0,20.6,6.7,22.3,51.4,30.1,92.5,89.6,15.3,8.2,38.9,38.7
686752,"Pepiot, Ryan",2024,539.0,26.3,8.9,29.9,48.0,28.4,94.6,89.3,19.1,9.1,37.2,35.2
445276,"Jansen, Kenley",2024,218.0,28.4,9.2,27.0,49.4,24.8,92.3,90.4,22.3,11.1,37.0,31.1
676979,"Crochet, Garrett",2024,595.0,35.1,5.5,33.1,53.2,33.5,95.3,88.3,11.1,9.2,38.8,45.1
694297,"Pfaadt, Brandon",2024,760.0,24.3,5.5,25.4,49.3,29.5,93.8,89.4,14.1,8.2,39.4,42.2
641540,"Dunning, Dane",2024,421.0,21.6,9.5,23.7,45.5,24.9,89.1,90.4,13.6,10.9,45.8,44.7
676664,"Sears, JP",2024,758.0,18.1,6.5,21.8,48.7,27.6,91.5,89.3,18.1,10.2,40.2,37.9
592836,"Walker, Taijuan",2024,381.0,15.2,9.7,16.7,44.1,25.2,90.4,91.4,15.4,13.5,46.3,37.5
642232,"Yarbrough, Ryan",2024,398.0,16.3,8.0,21.1,47.4,27.2,85.8,86.0,14.3,6.3,29.4,41.5
608718,"Suter, Brent",2024,270.0,18.5,4.4,20.2,49.8,28.9,86.4,86.1,13.8,7.3,30.2,41.5
502624,"Anderson, Chase",2024,255.0,16.5,8.2,23.8,46.4,23.1,90.4,86.5,20.0,8.5,33.0,31.9
663855,"Hicks, Jordan",2024,481.0,20.0,9.8,24.6,44.3,25.1,94.6,89.6,8.9,9.5,42.2,50.8
695243,"Miller, Mason",2024,249.0,41.8,8.4,40.1,52.3,37.5,100.9,86.1,17.9,5.7,32.5,40.7
656849,"Peterson, David",2024,510.0,19.8,9.0,25.6,47.8,28.9,92.5,89.3,7.2,7.3,42.7,50.8
641712,"Hudson, Dakota",2024,404.0,12.1,12.4,18.6,42.1,21.2,90.2,89.9,7.6,6.4,42.0,52.3
601713,"Pivetta, Nick",2024,595.0,28.9,6.1,25.6,50.3,30.1,93.3,89.4,19.4,10.2,38.9,33.4
643377,"Jax, Griffin",2024,276.0,34.4,5.4,37.8,52.1,38.4,97.0,88.2,6.3,8.0,38.7,52.1
668909,"Williams, Gavin",2024,332.0,23.8,9.6,24.8,49.2,29.1,95.7,90.8,13.2,6.9,44.0,40.8
686580,"Slaten, Justin",2024,224.0,25.9,4.0,29.0,53.5,34.9,93.6,87.8,8.6,3.9,36.8,50.3
669387,"Mlodzinski, Carmen",2024,209.0,22.0,9.1,26.1,48.2,27.4,94.9,89.3,12.9,2.8,35.2,46.5
668678,"Gallen, Zac",2024,621.0,25.1,8.7,26.0,44.2,29.7,93.4,90.0,11.8,7.4,41.0,46.2
669302,"Gilbert, Logan",2024,803.0,27.4,4.6,31.7,50.4,30.1,95.5,89.6,12.6,7.2,39.3,45.2
621237,"Alvarado, José",2024,258.0,24.4,10.9,28.4,46.6,28.2,95.7,89.5,12.6,6.6,41.0,45.8
621383,"Banks, Tanner",2024,310.0,25.2,7.7,26.1,48.2,26.8,93.2,87.5,10.8,6.3,34.1,49.3
641154,"López, Pablo",2024,772.0,25.6,5.3,27.0,51.8,32.9,94.9,87.9,13.3,8.2,37.5,44.0
593423,"Montas, Frankie",2024,655.0,22.6,10.1,24.9,48.7,27.7,94.0,89.3,13.5,9.3,43.1,41.2
605121,"Anderson, Justin",2024,243.0,23.5,13.6,29.7,47.4,31.3,95.2,87.3,15.4,8.7,35.3,38.0
661527,"Martinez, Seth",2024,222.0,16.2,8.1,23.0,45.7,26.0,90.4,88.4,16.4,6.7,40.2,42.1
665152,"Kremer, Dean",2024,553.0,22.2,9.2,23.3,46.2,27.5,91.0,87.4,15.1,9.9,35.4,42.3
570632,"Ureña, José",2024,463.0,15.1,8.4,23.1,47.0,26.5,96.0,89.0,9.8,7.7,39.7,50.6
661403,"Clase, Emmanuel",2024,270.0,24.4,3.7,27.1,56.3,36.8,99.5,86.5,3.0,3.6,29.7,57.8
621244,"Berríos, José",2024,786.0,19.5,6.9,21.1,46.7,29.5,93.5,89.6,13.4,7.8,41.8,43.2
669854,"Blanco, Ronel",2024,676.0,24.6,10.1,29.0,48.6,30.3,93.4,88.7,16.4,9.4,35.5,39.9
686613,"Brown, Hunter",2024,712.0,25.1,8.4,25.1,46.3,27.3,95.1,86.2,9.6,4.5,30.3,48.5
669093,"Estrada, Jeremiah",2024,252.0,37.3,9.1,36.0,53.7,33.7,97.2,89.2,17.5,5.2,37.3,35.1
669194,"Nelson, Ryne",2024,630.0,20.0,5.4,18.2,51.8,29.3,94.2,90.1,12.0,7.5,41.6,42.5
694813,"Stone, Gavin",2024,580.0,20.0,6.4,24.7,50.4,31.3,94.8,88.2,11.2,6.4,36.2,44.7
664747,"Díaz, Alexis",2024,242.0,22.7,12.8,26.6,46.2,25.0,93.9,88.5,22.6,6.7,38.0,32.7
657044,"Thompson, Ryan",2024,272.0,19.1,5.5,23.0,49.8,33.5,91.2,90.0,-0.5,7.4,44.6,62.7
676710,"Crawford, Kutter",2024,759.0,23.1,6.7,25.3,52.0,32.9,90.1,88.4,19.8,9.9,36.3,33.8
656756,"Montgomery, Jordan",2024,532.0,15.6,8.3,26.9,49.6,33.3,91.9,88.6,12.2,6.0,41.0,43.0
677161,"Kelly, Zack",2024,241.0,25.3,11.2,28.1,46.5,26.8,94.2,87.2,12.0,9.9,31.1,47.7
625643,"López, Reynaldo",2024,543.0,27.3,7.7,27.5,49.0,30.6,95.5,89.8,13.8,8.8,42.2,39.6
663878,"Pearson, Nate",2024,285.0,26.0,7.4,27.8,46.6,26.4,97.7,90.9,16.8,10.2,45.5,36.9
675627,"Grove, Michael",2024,216.0,25.0,7.4,26.6,46.3,28.6,94.7,87.6,10.5,9.5,33.8,45.3
671737,"Bradley, Taj",2024,578.0,26.6,8.1,27.4,50.7,30.4,94.4,91.2,13.3,10.2,42.9,42.1
518876,"Kelly, Merrill",2024,300.0,21.0,6.3,21.3,48.2,30.8,91.3,90.5,11.0,10.8,40.9,42.8
571656,"Farmer, Buck",2024,299.0,23.4,9.7,26.1,45.9,29.4,92.6,88.3,18.1,8.3,35.8,36.8
694973,"Skenes, Paul",2024,514.0,33.1,6.2,28.7,49.8,30.8,98.8,87.8,8.4,5.2,36.3,52.3
554430,"Wheeler, Zack",2024,787.0,28.5,6.6,27.5,51.2,33.8,94.5,86.5,13.5,8.3,33.6,43.1
690986,"Harrison, Kyle",2024,532.0,22.2,7.9,23.6,46.2,25.9,92.5,90.7,14.9,10.1,44.1,40.8
669062,"Miller, Erik",2024,284.0,30.6,13.4,30.6,43.5,24.6,96.9,89.5,10.7,7.0,41.1,51.9
663704,"McArthur, James",2024,246.0,19.9,5.3,28.3,47.3,30.0,95.0,90.2,7.1,8.4,40.3,53.6
621242,"Díaz, Edwin",2024,216.0,38.9,9.3,38.1,48.9,30.7,97.5,85.9,13.9,7.3,30.3,44.0
592866,"Williams, Trevor",2024,260.0,22.7,6.9,22.5,46.7,28.3,88.6,89.4,13.4,6.6,39.3,44.8
701581,"Festa, David",2024,277.0,27.8,8.3,28.4,48.7,31.8,94.7,89.5,15.1,8.6,38.9,36.6
543339,"Hudson, Daniel",2024,253.0,24.9,7.5,32.3,50.6,25.0,95.1,90.4,18.1,12.4,49.4,38.8
518585,"Cruz, Fernando",2024,288.0,37.8,12.2,38.2,46.7,29.9,92.0,88.7,13.9,9.9,44.1,35.7
663567,"Lambert, Peter",2024,280.0,17.9,10.4,22.0,48.0,24.6,94.4,88.1,16.1,6.1,36.9,36.9
694363,"Shuster, Jared",2024,321.0,17.4,10.3,23.4,47.3,25.7,92.5,87.5,17.6,7.4,31.9,35.3
624133,"Suarez, Ranger",2024,626.0,23.2,6.5,21.9,47.3,30.4,90.3,86.9,6.3,5.1,34.3,53.2
664076,"Cleavinger, Garrett",2024,266.0,26.7,11.7,30.3,47.8,30.2,94.0,86.9,12.5,9.6,33.8,41.4
643410,"Leiter Jr., Mark",2024,256.0,33.6,8.6,38.3,46.8,34.7,90.9,88.8,11.3,8.3,40.0,46.2
663436,"Martin, Davis",2024,220.0,21.4,10.5,27.0,48.5,29.5,93.6,87.9,11.9,7.6,37.9,46.9
614179,"Ruiz, José",2024,217.0,24.0,7.8,27.6,50.8,32.4,96.1,90.7,12.4,8.2,42.2,44.9
657571,"Ferguson, Caleb",2024,249.0,26.9,10.0,26.6,47.1,29.4,92.2,88.2,9.9,6.5,37.3,46.4
689225,"Brieske, Beau",2024,282.0,24.5,10.6,23.9,48.6,29.4,95.8,89.0,14.8,5.6,35.9,38.7
605280,"Holmes, Clay",2024,271.0,25.1,8.1,30.2,44.9,27.9,96.6,88.8,0.3,5.6,36.5,64.6
669923,"Kirby, George",2024,778.0,23.0,3.0,24.1,53.4,32.0,96.0,89.0,14.8,8.1,36.3,42.8
666200,"Luzardo, Jesús",2024,274.0,21.2,8.0,29.6,48.9,29.9,95.1,90.4,16.5,9.9,41.1,38.5
656222,"Beeks, Jalen",2024,312.0,17.6,8.7,23.2,47.3,24.0,92.2,87.2,13.5,4.9,33.0,44.9
663546,"Hjelle, Sean",2024,337.0,22.3,4.2,21.4,45.2,26.7,94.3,88.7,2.3,5.3,37.4,59.3
592767,"Smyly, Drew",2024,257.0,21.8,9.7,25.2,48.1,28.0,92.3,89.2,19.5,6.4,38.2,36.4
669622,"Bender, Anthony",2024,228.0,25.9,7.9,22.2,42.9,27.5,95.4,87.7,8.7,4.8,40.8,51.7
665795,"Cabrera, Edward",2024,417.0,25.7,11.8,28.0,45.5,28.2,96.3,89.7,10.0,8.6,45.7,47.7
608723,"Voth, Austin",2024,248.0,24.6,7.3,31.6,48.4,31.6,90.9,85.8,16.2,7.8,29.5,36.7
571945,"Mikolas, Miles",2024,720.0,16.9,3.5,16.4,49.8,27.9,92.8,88.8,13.6,8.1,42.3,42.0
657746,"Ryan, Joe",2024,538.0,27.3,4.3,26.6,50.9,30.1,93.9,88.3,18.5,8.6,36.6,36.4
640451,"Harvey, Hunter",2024,219.0,25.1,7.3,27.1,51.3,31.1,97.8,90.4,10.9,9.1,48.3,45.5
640455,"Manaea, Sean",2024,738.0,24.9,8.5,26.1,49.0,28.6,91.9,88.6,16.3,7.5,37.8,37.8
671922,"Smith, Cade",2024,289.0,35.6,5.9,30.2,49.9,27.6,96.0,90.4,11.8,8.4,42.8,44.6
669711,"Weissert, Greg",2024,263.0,22.1,7.6,20.3,48.3,30.7,93.8,88.9,12.8,5.9,40.5,41.1
621053,"Ferguson, Tyler",2024,207.0,30.0,11.6,26.8,47.9,28.5,94.8,88.2,17.3,8.4,38.7,37.8
605347,"López, Jorge",2024,216.0,23.1,8.3,23.1,43.3,24.5,95.5,88.7,9.1,8.2,39.7,51.4
663559,"Falter, Bailey",2024,589.0,16.5,7.6,19.6,49.5,27.8,91.9,90.1,17.0,9.0,41.3,37.5
666974,"Cano, Yennier",2024,249.0,26.1,9.6,27.7,48.4,32.2,96.1,89.9,-1.9,6.3,43.4,63.5
607200,"Fedde, Erick",2024,726.0,21.2,7.2,21.6,45.5,24.4,91.4,88.6,14.9,7.6,37.7,41.7
656945,"Scott, Tanner",2024,294.0,28.6,12.2,32.7,51.8,32.1,97.0,84.3,11.1,4.7,27.5,52.0
669211,"Akin, Keegan",2024,313.0,31.0,6.1,30.0,47.2,25.7,93.9,88.3,18.5,7.7,37.4,38.5
663542,"Hudson, Bryan",2024,231.0,26.8,7.4,21.5,47.7,24.6,89.6,87.8,14.2,6.8,36.5,39.9
666142,"Ragans, Cole",2024,762.0,29.3,8.8,32.0,48.9,29.8,94.4,88.3,15.2,6.2,35.4,41.4
547973,"Chapman, Aroldis",2024,264.0,37.1,14.4,32.3,44.5,26.4,98.7,90.5,11.2,7.2,41.3,44.4
608379,"Wacha, Michael",2024,685.0,21.2,6.6,23.3,48.5,27.8,92.5,86.9,15.7,8.2,32.5,39.9
683155,"Estes, Joey",2024,543.0,16.9,5.0,19.2,55.5,29.9,92.2,89.5,25.4,9.7,39.6,24.9
665625,"Peguero, Elvis",2024,227.0,20.7,11.9,27.7,47.5,33.9,96.8,90.1,3.2,5.4,40.4,56.3
672335,"Pérez, Cionel",2024,238.0,19.3,11.8,23.7,45.9,25.2,96.3,88.3,4.1,5.0,34.0,55.3
623211,"Brazobán, Huascar",2024,217.0,23.5,11.5,30.0,48.5,32.0,93.9,82.3,10.4,4.3,24.6,46.4
673513,"Matsui, Yuki",2024,257.0,26.8,10.5,31.9,50.4,33.2,92.2,88.5,18.2,6.9,37.3,37.9
615698,"Quantrill, Cal",2024,656.0,16.8,10.5,21.6,45.7,24.0,92.4,89.1,11.1,7.4,41.2,44.4
579328,"Kikuchi, Yusei",2024,736.0,28.0,6.0,29.0,48.4,28.0,95.5,90.1,14.2,9.7,45.0,42.6
605397,"Musgrove, Joe",2024,410.0,24.6,5.6,28.3,47.4,27.1,91.6,90.3,13.8,10.6,40.6,41.7
682847,"Ortiz, Luis",2024,556.0,19.2,7.6,21.0,48.1,24.4,94.2,89.0,13.9,8.8,37.7,39.9
471911,"Carrasco, Carlos",2024,447.0,19.9,7.4,22.7,48.7,31.3,91.4,89.3,10.8,8.2,38.8,45.9
686563,"Cannon, Jonathan",2024,522.0,17.4,7.7,21.8,47.1,28.6,92.5,89.0,14.6,7.3,36.3,38.3
543037,"Cole, Gerrit",2024,390.0,25.4,7.4,24.8,48.3,27.3,94.8,89.7,17.0,7.4,39.5,38.3
642547,"Peralta, Freddy",2024,725.0,27.6,9.4,31.1,46.9,28.1,94.3,87.6,17.3,8.7,36.9,37.4
656302,"Cease, Dylan",2024,762.0,29.4,8.5,32.4,48.2,30.5,96.8,89.0,14.1,8.5,38.6,40.3
605483,"Snell, Blake",2024,418.0,34.7,10.5,37.7,46.0,31.6,95.9,86.5,14.6,5.7,28.9,42.5
663773,"Hoeing, Bryan",2024,210.0,20.5,6.7,22.5,45.5,28.5,93.9,90.9,7.2,7.8,45.8,48.4
650633,"King, Michael",2024,726.0,27.7,8.7,29.3,45.4,30.6,93.3,85.7,13.8,6.2,30.3,41.5
682120,"Herrin, Tim",2024,257.0,26.5,9.7,29.3,47.0,31.0,95.0,86.9,7.4,6.9,36.5,51.6
663362,"Waldron, Matt",2024,625.0,21.3,6.4,20.8,45.3,25.0,89.7,88.1,16.4,7.0,35.0,39.1
622554,"Domínguez, Seranthony",2024,255.0,26.7,8.2,26.4,47.4,26.2,97.8,86.9,16.3,12.2,32.9,36.0
607074,"Rodón, Carlos",2024,736.0,26.5,7.7,30.1,49.4,30.9,95.2,90.4,18.1,11.0,40.9,34.6
679885,"Martinez, Justin",2024,308.0,29.5,11.7,34.5,47.5,30.6,100.3,86.4,-0.3,2.8,31.8,60.3
657277,"Webb, Logan",2024,841.0,20.5,5.9,20.8,46.2,32.9,92.5,89.8,2.5,7.0,46.2,57.2
680573,"Woods Richardson, Simeon",2024,569.0,20.6,8.4,22.3,49.8,29.4,93.1,88.4,18.5,8.2,36.2,36.2
607536,"Freeland, Kyle",2024,490.0,17.3,5.3,17.1,50.0,28.9,89.9,90.3,15.2,10.6,40.7,40.2
607625,"Lugo, Seth",2024,836.0,21.7,5.7,22.5,46.7,27.9,91.8,88.5,10.7,8.0,39.0,44.8
689147,"Kerkering, Orion",2024,257.0,28.8,6.6,27.8,45.4,27.9,97.2,87.3,5.4,5.1,33.5,54.4
686730,"Spiers, Carson",2024,410.0,19.5,6.6,21.4,48.0,26.0,91.1,88.9,17.4,10.4,38.9,35.9
593958,"Rodriguez, Eduardo",2024,224.0,21.0,8.5,22.4,46.4,28.7,91.1,88.7,14.5,10.8,42.0,38.2
676684,"Vest, Will",2024,289.0,21.8,6.2,24.3,49.9,29.3,95.9,88.4,7.4,2.9,38.0,48.3
641927,"Ober, Bailey",2024,709.0,26.9,6.1,29.0,52.4,33.5,91.7,87.5,20.4,8.3,34.3,34.3
623352,"Hader, Josh",2024,278.0,37.8,9.0,40.5,54.4,33.7,96.1,89.7,21.2,10.3,38.8,29.9
668933,"Ashcraft, Graham",2024,350.0,16.3,7.7,22.1,49.3,26.2,95.4,90.6,8.8,7.8,42.7,49.2
663776,"Sandoval, Patrick",2024,353.0,22.9,9.9,26.5,46.2,27.1,93.7,87.9,11.0,5.1,36.3,45.7
641771,"Kuhl, Chad",2024,240.0,22.5,10.4,27.1,42.2,21.3,93.6,88.4,10.2,5.9,38.3,46.1
519151,"Pressly, Ryan",2024,244.0,23.8,7.4,26.9,50.3,31.6,93.8,89.8,6.2,7.9,41.8,50.9
667463,"King, John",2024,248.0,15.3,5.6,17.5,50.6,31.6,93.5,88.5,1.2,6.2,36.9,61.5
683769,"Gaddis, Hunter",2024,278.0,23.7,5.0,25.0,51.6,30.8,95.4,88.5,18.8,5.7,36.6,37.6
552640,"Kittredge, Andrew",2024,287.0,23.3,7.0,27.8,53.5,38.9,94.4,88.9,11.8,8.5,39.5,45.5
662253,"Muñoz, Andrés",2024,232.0,33.2,11.2,39.8,45.4,33.6,98.1,86.3,1.5,8.7,33.3,54.0
622491,"Castillo, Luis",2024,719.0,24.3,6.5,25.9,50.6,31.1,95.6,89.7,16.3,8.5,41.9,40.9
670280,"Bednar, David",2024,262.0,22.1,10.7,27.6,50.9,31.4,97.2,90.2,17.9,9.3,39.5,36.6
571948,"Milner, Hoby",2024,268.0,23.9,5.2,19.3,43.2,26.3,88.6,87.7,8.4,2.7,36.2,53.7
657514,"Bernardino, Brennan",2024,226.0,24.8,9.7,21.8,44.8,23.7,90.5,88.0,8.4,7.1,37.3,46.5
657376,"Schmidt, Clarke",2024,353.0,26.3,8.5,29.4,44.2,27.2,93.1,89.1,16.0,6.0,38.0,40.7
661563,"Gil, Luis",2024,637.0,26.8,12.1,29.0,45.5,25.6,96.6,89.3,19.0,9.5,37.4,35.0
669276,"Lee, Dylan",2024,240.0,31.7,7.1,37.7,57.4,37.5,92.4,87.5,16.8,7.5,32.0,36.1
677944,"Cecconi, Slade",2024,338.0,18.9,5.0,19.6,49.0,24.7,94.4,89.0,17.9,10.3,36.4,33.6
643338,"Green, Chad",2024,210.0,21.9,6.7,23.3,52.6,30.8,95.4,91.3,17.2,8.8,45.9,36.5
669022,"Gore, MacKenzie",2024,731.0,24.8,8.9,28.6,50.4,27.4,95.0,88.0,13.5,6.8,38.1,39.5
502085,"Robertson, David",2024,297.0,33.3,9.4,29.5,43.4,25.6,93.3,88.7,9.9,5.5,37.8,47.0
623167,"Flexen, Chris",2024,707.0,17.4,8.9,22.7,46.0,27.7,89.7,88.7,17.3,8.1,37.4,36.2
621107,"Eflin, Zach",2024,684.0,19.6,3.5,21.6,50.0,32.5,90.3,88.1,13.3,7.5,36.1,43.4
542881,"Anderson, Tyler",2024,765.0,18.6,9.5,27.8,49.3,29.6,87.9,87.2,17.6,7.9,33.0,38.3
640448,"Finnegan, Kyle",2024,271.0,22.1,8.9,23.1,53.2,27.2,97.2,91.3,10.6,7.0,48.1,46.5
665871,"Assad, Javier",2024,638.0,19.4,9.9,17.9,42.5,23.5,90.4,89.1,13.3,8.8,39.8,43.8
667755,"Soriano, José",2024,468.0,20.7,9.6,23.7,46.0,29.4,98.0,89.9,-0.9,6.7,44.3,60.1
608717,"Stratton, Chris",2024,257.0,17.1,12.8,20.6,42.9,24.3,91.8,87.1,11.0,8.5,37.9,45.2
663687,"Harris, Hogan",2024,305.0,20.0,10.8,21.1,44.2,23.6,92.9,88.9,15.6,7.2,39.4,38.0
571578,"Corbin, Patrick",2024,764.0,18.2,7.1,22.4,48.2,29.8,89.6,90.8,10.0,8.3,46.7,47.2
622663,"Severino, Luis",2024,761.0,21.2,7.9,22.0,50.6,29.7,95.5,87.1,12.7,5.7,35.6,46.3
605288,"Houser, Adrian",2024,309.0,14.6,10.4,18.2,44.7,22.2,92.8,91.0,9.3,8.8,40.4,48.2
663423,"Thornton, Trent",2024,294.0,26.2,6.5,27.3,50.6,32.6,94.8,87.9,16.2,7.8,37.3,39.4
596295,"Gomber, Austin",2024,696.0,16.7,5.5,19.9,48.3,26.0,90.4,90.2,15.0,9.6,41.2,38.4
680767,"Vodnik, Victor",2024,320.0,20.3,11.6,21.8,44.1,22.7,97.9,91.3,4.5,7.9,49.3,53.9
621381,"Strahm, Matt",2024,237.0,33.3,4.6,26.7,53.1,32.0,92.7,89.2,21.6,7.1,37.6,31.9
594902,"Lively, Ben",2024,632.0,18.7,7.8,18.6,46.6,24.3,90.1,90.2,14.0,6.6,41.5,42.6
686826,"Jarvis, Bryce",2024,258.0,14.7,12.8,21.8,48.4,25.6,94.3,90.5,11.4,7.2,40.1,42.9
656427,"Flaherty, Jack",2024,649.0,29.9,5.9,32.1,46.2,30.6,93.2,88.4,14.0,8.0,35.9,40.2
608331,"Fried, Max",2024,714.0,23.2,8.0,24.1,45.9,29.0,93.3,86.3,3.0,5.0,34.6,59.2
656605,"Keller, Mitch",2024,773.0,21.5,6.5,21.5,47.6,28.3,93.3,88.8,12.4,7.2,39.3,39.8
686539,"Cronin, Declan",2024,307.0,23.5,8.5,26.6,47.3,25.6,93.4,89.5,1.6,4.9,41.7,58.3
806185,"Birdsong, Hayden",2024,315.0,27.9,13.7,29.8,42.6,25.8,95.8,92.0,13.8,8.9,50.0,41.1
592094,"Adam, Jason",2024,282.0,28.7,8.2,38.4,50.3,33.3,95.2,88.5,13.8,6.4,37.8,43.0
607481,"Bummer, Aaron",2024,244.0,28.3,7.4,26.7,43.0,28.8,92.7,86.6,0.0,1.3,32.9,61.3
572020,"Paxton, James",2024,437.0,16.7,11.4,21.1,47.2,25.8,92.7,90.5,16.0,8.0,43.1,39.0
543135,"Eovaldi, Nathan",2024,696.0,23.9,6.0,26.8,52.2,32.4,94.2,89.3,8.8,7.7,42.6,48.9
672710,"Contreras, Roansy",2024,298.0,18.8,10.4,20.9,47.5,28.0,94.7,89.8,11.3,9.7,43.5,45.4
660853,"De Los Santos, Enyel",2024,278.0,23.7,9.0,29.3,52.4,26.7,95.5,89.3,17.5,12.6,42.3,35.7
656629,"Kopech, Michael",2024,279.0,31.5,12.2,32.8,46.9,28.8,97.8,89.0,16.9,10.5,40.8,38.8
693433,"Woo, Bryan",2024,472.0,21.4,2.8,23.6,53.3,29.5,94.8,88.8,15.6,4.8,35.2,42.0
519242,"Sale, Chris",2024,702.0,32.1,5.6,31.0,49.0,33.6,94.7,86.5,9.6,5.6,31.2,46.0
666214,"Wentz, Joey",2024,304.0,24.0,10.9,29.6,47.1,29.9,90.1,88.1,15.5,7.2,36.1,41.8
660896,"Alcala, Jorge",2024,235.0,24.7,8.5,28.1,48.9,26.0,97.9,86.6,19.0,7.2,32.7,35.3
506433,"Darvish, Yu",2024,331.0,23.6,6.6,25.6,51.5,30.6,93.5,89.4,17.1,7.5,39.9,39.5
672582,"Zerpa, Angel",2024,240.0,20.4,8.3,16.0,43.3,20.7,96.3,90.3,2.8,7.1,43.8,59.2
663554,"Mize, Casey",2024,452.0,17.3,6.4,22.0,49.5,27.3,95.4,90.6,9.3,7.9,44.6,49.6
669461,"Liberatore, Matthew",2024,358.0,21.2,7.8,25.1,52.1,28.0,94.3,89.7,13.2,7.2,38.6,44.0
676272,"Miller, Bobby",2024,258.0,20.2,11.6,23.7,46.1,24.2,97.5,91.5,10.4,11.6,47.7,44.8
596133,"Weaver, Luke",2024,331.0,31.1,7.9,33.5,49.7,31.9,94.3,89.1,16.5,8.6,38.4,37.4
656546,"Hoffman, Jeff",2024,265.0,33.6,6.0,35.3,51.7,34.6,96.7,88.3,17.3,7.7,42.0,37.6
661395,"Duran, Jhoan",2024,228.0,28.9,6.6,32.9,49.0,27.9,100.5,87.0,-3.1,3.6,36.2,61.7
669467,"Pallante, Andre",2024,509.0,18.5,9.4,19.8,46.4,24.9,94.6,87.4,1.1,3.4,38.1,61.6
542888,"Armstrong, Shawn",2024,295.0,22.4,8.5,22.9,50.9,29.6,92.5,88.9,16.7,9.0,38.1,35.6
680570,"Rodriguez, Grayson",2024,491.0,26.5,7.3,30.0,50.2,30.6,96.1,89.2,13.4,7.8,39.7,40.6
668941,"Romero, JoJo",2024,243.0,21.0,6.6,25.4,43.7,26.4,94.2,89.9,7.9,10.6,39.8,49.7
621111,"Buehler, Walker",2024,344.0,18.6,8.1,19.4,45.4,24.5,93.8,88.3,10.8,7.0,37.8,45.9
663947,"Holton, Tyler",2024,354.0,21.8,4.8,24.5,48.2,33.2,90.0,86.6,11.4,5.5,32.8,47.7
670970,"Morejon, Adrian",2024,272.0,26.1,7.7,27.3,52.1,31.5,97.2,86.6,7.1,8.4,32.4,51.4
656464,"Ginkel, Kevin",2024,291.0,26.5,5.2,27.9,49.3,32.0,95.8,89.8,10.0,5.6,40.8,42.9
676440,"Bibee, Tanner",2024,710.0,26.3,6.2,26.9,51.0,26.8,91.6,88.4,17.7,7.0,36.9,35.2
656731,"Megill, Tylor",2024,337.0,27.0,9.5,28.6,49.0,30.2,94.4,88.9,12.3,10.2,42.6,40.2
681676,"Fernandez, Ryan",2024,285.0,24.9,11.2,31.5,47.9,29.9,94.4,89.0,10.4,7.2,33.9,43.9
606303,"Payamps, Joel",2024,235.0,25.1,7.7,27.1,48.1,28.7,94.8,89.4,15.9,9.6,43.6,39.7
693312,"Nicolas, Kyle",2024,244.0,22.5,13.1,28.2,45.9,25.3,97.4,90.0,10.8,8.5,40.5,43.1
663485,"Sands, Cole",2024,292.0,29.1,4.1,26.6,50.5,31.6,93.4,89.0,17.6,6.4,37.0,37.0
656288,"Canning, Griffin",2024,739.0,17.6,8.9,24.5,48.4,29.3,93.4,90.5,14.3,8.6,41.9,41.3
664854,"Helsley, Ryan",2024,266.0,29.7,8.6,36.1,53.0,33.8,99.6,89.4,18.3,3.7,35.4,37.2
687330,"Kelly, Kevin",2024,278.0,22.7,3.2,20.1,44.8,26.1,90.5,86.9,4.9,5.0,36.8,56.2
519326,"Strickland, Hunter",2024,294.0,19.4,8.2,22.8,47.0,28.1,89.6,88.9,21.7,9.0,35.5,35.1
808967,"Yamamoto, Yoshinobu",2024,368.0,28.5,6.0,27.0,48.3,31.7,95.0,88.4,8.4,8.4,41.3,48.3
670059,"Holderman, Colin",2024,223.0,25.1,11.2,29.5,45.6,25.7,94.7,87.6,15.7,10.9,38.0,40.1
657097,"Webb, Jacob",2024,237.0,24.5,11.4,27.4,49.6,29.2,93.5,87.4,17.7,7.9,34.4,34.4
571670,"Floro, Dylan",2024,279.0,17.2,6.1,18.4,42.1,22.9,89.9,90.2,10.9,4.2,39.0,45.5
605452,"Ross, Joe",2024,321.0,20.6,9.0,27.1,49.4,27.5,94.8,88.7,16.7,8.0,38.8,41.5
681293,"Arrighetti, Spencer",2024,632.0,27.1,10.3,27.7,47.2,27.0,92.2,88.9,16.4,7.7,39.8,36.2
668674,"Erceg, Lucas",2024,253.0,28.5,6.3,31.0,47.6,31.9,98.6,85.9,6.6,6.3,33.3,46.5
607067,"Rea, Colin",2024,714.0,18.9,6.0,19.3,46.8,24.5,91.2,90.4,15.2,8.8,42.0,39.5
683627,"Molina, Anthony",2024,264.0,15.5,8.3,18.8,47.7,22.1,94.7,90.4,11.2,8.1,45.7,41.2
543243,"Gray, Sonny",2024,671.0,30.3,5.8,29.8,48.7,30.8,91.1,89.6,11.5,9.0,37.9,44.2
641302,"Alexander, Tyler",2024,455.0,19.8,5.3,20.1,50.0,30.9,87.5,88.4,21.0,9.8,37.2,32.1
543859,"Tonkin, Michael",2024,340.0,25.0,8.8,23.7,47.2,31.1,92.9,88.0,12.5,7.4,35.0,40.1
671345,"Foley, Jason",2024,250.0,18.4,8.0,22.3,49.1,25.2,97.0,89.5,7.5,6.6,41.2,47.8
608032,"Estévez, Carlos",2024,212.0,23.6,5.7,25.6,52.3,24.6,96.8,90.3,19.5,10.1,42.3,32.2
605154,"Brebbia, John",2024,242.0,27.7,7.9,25.5,49.7,32.0,93.8,88.8,19.7,10.5,37.3,29.4
543294,"Hendricks, Kyle",2024,567.0,15.3,7.6,18.9,46.2,29.6,87.6,85.9,13.0,7.4,33.4,45.6
681857,"Olson, Reese",2024,465.0,21.7,7.1,28.7,47.3,32.4,94.2,90.2,8.9,5.5,43.7,51.4
676775,"Winn, Keaton",2024,238.0,20.2,8.4,25.2,52.5,33.3,95.3,93.1,8.7,8.9,50.6,50.9
527048,"Pérez, Martín",2024,590.0,18.1,8.3,21.0,46.0,28.1,89.8,89.0,11.2,8.6,41.5,44.1
621112,"Blackburn, Paul",2024,316.0,18.7,6.6,23.5,47.8,27.9,90.6,87.6,11.0,8.2,35.6,45.9
669060,"Wilson, Bryse",2024,442.0,18.6,7.0,20.8,48.3,25.6,91.4,89.7,16.7,9.2,44.3,37.8
643511,"Rogers, Tyler",2024,290.0,17.6,2.1,18.6,53.0,28.1,82.4,85.2,7.5,4.4,31.1,56.0
657585,"Garrett, Reed",2024,247.0,33.6,12.1,37.6,45.9,32.8,94.4,87.5,13.5,5.3,37.1,44.7
681911,"Vesia, Alex",2024,263.0,33.1,12.5,31.3,47.5,26.9,93.4,87.5,30.0,12.1,35.0,25.7
700249,"Povich, Cade",2024,352.0,19.6,9.7,22.3,47.2,26.0,91.7,88.4,17.8,8.9,36.6,35.4
681867,"Criswell, Cooper",2024,424.0,17.2,7.3,17.2,44.6,28.5,88.1,89.3,9.7,7.0,37.4,49.5
682610,"Muñoz, Roddery",2024,379.0,18.5,11.1,23.6,45.7,26.0,93.6,90.8,15.9,13.7,45.0,34.7
592773,"Stanek, Ryne",2024,241.0,27.8,10.4,33.2,51.5,31.9,97.7,90.2,19.0,9.6,41.8,33.6
664208,"Maton, Phil",2024,265.0,22.6,9.1,26.7,47.2,29.9,88.5,86.5,12.9,7.0,33.1,47.1
676962,"Brown, Ben",2024,222.0,28.8,8.6,31.4,46.5,28.6,96.4,91.8,16.2,10.9,51.4,37.7
671096,"Abbott, Andrew",2024,586.0,19.5,8.9,22.6,47.6,26.3,92.8,88.2,21.3,9.4,33.5,34.7
660761,"Suarez, José",2024,240.0,23.3,11.3,27.5,46.0,29.0,92.7,89.0,13.4,8.5,47.7,39.9
573009,"Mantiply, Joe",2024,243.0,21.8,7.4,27.5,52.8,38.7,89.0,88.1,5.4,7.6,41.9,54.1
663623,"Irvin, Jake",2024,769.0,20.3,6.8,22.3,48.5,26.7,93.3,88.8,11.4,9.2,39.1,44.7
674370,"Bido, Osvaldo",2024,259.0,24.3,10.0,26.4,47.7,27.4,93.1,85.6,21.7,4.3,27.0,30.7
680704,"Sandlin, Nick",2024,246.0,27.6,11.0,33.7,47.1,28.7,92.6,91.3,18.3,11.0,42.8,40.0
605177,"Chafin, Andrew",2024,246.0,28.5,12.6,34.5,46.1,35.1,91.7,88.5,15.0,6.3,34.0,36.8
687765,"Spence, Mitch",2024,651.0,19.4,6.8,22.5,50.6,31.7,91.0,89.5,9.6,8.4,41.7,48.4
671106,"Allen, Logan",2024,432.0,18.3,9.5,21.2,45.0,23.5,89.8,91.0,13.4,11.4,46.4,44.2
548389,"Stripling, Ross",2024,381.0,12.9,5.8,16.9,47.9,29.0,90.2,88.3,13.6,6.8,35.3,40.8
683232,"Mears, Nick",2024,256.0,29.3,9.4,28.5,49.5,30.4,96.7,88.1,14.3,7.1,33.1,40.8
445926,"Chavez, Jesse",2024,264.0,20.8,7.2,17.0,42.3,22.3,89.5,87.3,11.1,6.4,35.4,43.4
670950,"Richards, Trevor",2024,277.0,22.4,12.6,23.4,44.2,28.4,92.3,88.3,18.8,6.8,37.9,35.6
678368,"Bellozo, Valente",2024,295.0,14.9,7.1,19.5,45.4,22.4,86.6,90.0,22.2,11.0,42.1,29.8
656412,"Faedo, Alex",2024,246.0,22.4,11.4,31.1,47.9,29.4,93.9,88.3,14.8,6.3,34.4,39.4
605400,"Nola, Aaron",2024,820.0,24.0,6.1,25.2,48.6,32.2,91.3,88.5,12.0,7.2,38.2,44.6
664285,"Valdez, Framber",2024,703.0,24.0,7.8,27.2,45.0,28.7,94.1,90.2,0.4,5.3,45.0,61.7
687792,"Herz, DJ",2024,382.0,27.7,9.4,29.3,48.9,27.9,93.5,89.4,18.0,8.1,34.7,36.9
621389,"Blach, Ty",2024,330.0,10.9,5.5,14.8,50.1,29.3,87.8,90.7,13.2,12.3,42.6,41.5
656550,"Holmes, Grant",2024,282.0,24.8,5.3,32.4,54.0,35.1,94.2,88.7,13.9,6.7,38.5,44.1
607192,"Glasnow, Tyler",2024,522.0,32.2,6.7,30.9,48.4,27.4,96.3,89.0,9.3,8.5,40.1,48.3
669373,"Skubal, Tarik",2024,753.0,30.3,4.6,31.9,51.8,31.1,96.8,87.5,12.0,6.7,33.9,46.4
647336,"Soroka, Michael",2024,347.0,24.2,12.7,24.8,43.3,24.9,93.0,87.6,15.8,9.7,35.2,41.7
663903,"Singer, Brady",2024,762.0,22.3,7.1,25.1,44.7,26.0,92.1,88.9,8.9,8.0,41.7,48.3
668881,"Greene, Hunter",2024,611.0,27.7,9.3,29.7,50.6,29.2,97.6,87.3,20.8,5.2,32.5,35.0
642397,"Soto, Gregory",2024,244.0,26.6,11.1,31.0,47.1,30.0,97.4,88.6,6.2,7.6,43.8,51.4
650556,"Abreu, Bryan",2024,325.0,31.7,9.8,34.0,46.2,27.8,96.7,90.4,16.0,8.7,38.0,39.7
657006,"Steele, Justin",2024,555.0,24.3,6.7,23.7,51.5,29.0,91.6,86.9,12.3,4.2,33.2,45.6
672282,"Detmers, Reid",2024,391.0,27.9,9.7,29.2,48.9,29.7,93.8,89.9,16.2,10.7,39.3,39.7
670102,"Francis, Bowden",2024,408.0,22.5,5.4,21.2,51.7,27.1,92.7,89.1,18.9,8.7,36.2,34.5
672456,"Montero, Keider",2024,412.0,18.7,7.5,21.5,48.3,26.7,94.6,88.9,15.5,7.6,37.9,40.5
669432,"Rogers, Trevor",2024,562.0,17.3,10.0,20.9,46.2,27.2,89.2,90.7,10.4,8.4,44.4,46.7
572955,"Johnson, Pierce",2024,236.0,28.4,10.6,28.1,45.1,27.5,94.9,89.4,11.7,8.5,39.4,45.8
592791,"Taillon, Jameson",2024,675.0,18.5,4.9,19.5,48.2,27.8,90.1,89.7,15.9,7.2,38.8,40.4
678495,"Rodríguez, Randy",2024,221.0,24.0,8.1,29.6,48.1,30.2,97.5,88.1,13.4,7.5,37.7,41.8
605135,"Bassitt, Chris",2024,758.0,22.2,9.2,21.7,45.0,24.6,91.6,87.8,14.3,7.5,37.1,40.9
641793,"Littell, Zack",2024,656.0,21.5,4.7,23.1,51.9,31.1,92.1,89.3,18.1,9.6,39.2,34.1
489446,"Yates, Kirby",2024,237.0,35.9,11.8,33.6,49.3,32.8,93.2,87.5,15.2,4.1,33.1,45.5
679525,"Marsh, Alec",2024,548.0,22.4,7.1,23.5,47.6,27.3,94.0,89.7,15.0,9.7,40.9,38.8
502043,"Gibson, Kyle",2024,722.0,20.9,9.4,25.9,42.9,26.3,90.1,88.2,12.0,9.3,39.1,44.5
668338,"Miller, Tyson",2024,235.0,23.0,4.7,26.5,52.1,31.8,89.6,88.2,20.3,7.9,34.5,30.9
472610,"García, Luis",2024,254.0,20.9,5.9,24.0,49.7,33.1,96.1,88.7,6.3,7.1,39.3,50.3
641729,"Jiménez, Joe",2024,277.0,29.6,8.3,32.9,51.4,32.6,94.5,87.8,16.3,4.8,32.7,42.9
657508,"Baumann, Mike",2024,264.0,22.0,10.6,24.5,48.6,27.0,96.5,91.1,14.5,9.2,43.7,39.1
681190,"Vásquez, Randy",2024,431.0,14.4,6.7,18.9,49.7,27.2,93.3,88.7,15.0,8.7,39.6,39.0
628317,"Maeda, Kenta",2024,485.0,19.8,6.4,23.9,47.2,31.0,90.4,88.4,17.0,8.2,36.1,36.4
450203,"Morton, Charlie",2024,701.0,23.8,9.3,26.1,46.6,28.0,93.0,88.7,9.0,9.3,38.4,47.2
641755,"Kinley, Tyler",2024,285.0,25.3,11.6,33.1,50.0,31.4,95.8,87.5,15.5,9.0,33.1,38.2
500779,"Quintana, Jose",2024,717.0,18.8,8.8,22.2,43.1,28.0,90.7,88.0,10.7,6.7,38.2,48.2
683769,"Gaddis, Hunter",2025,274.0,26.6,7.7,32.2,50.9,32.9,94.7,90.1,17.4,9.5,39.1,37.4
445276,"Jansen, Kenley",2025,234.0,24.4,8.1,25.8,55.7,28.8,92.8,91.5,25.4,8.9,44.6,28.7
676979,"Crochet, Garrett",2025,814.0,31.3,5.7,29.4,51.8,32.6,94.4,87.7,10.5,7.3,37.3,49.3
676130,"Buttó, José",2025,284.0,20.4,11.3,28.8,47.2,29.4,95.0,90.1,8.6,9.4,39.8,48.2
663903,"Singer, Brady",2025,716.0,22.8,8.4,24.0,44.4,25.6,91.3,90.3,14.2,9.4,40.7,39.7
640448,"Finnegan, Kyle",2025,229.0,24.0,7.9,24.6,50.0,27.7,96.3,90.4,11.5,7.8,42.9,49.4
683409,"Chivilli, Angel",2025,275.0,15.6,8.4,29.7,50.1,29.4,97.1,89.9,5.6,9.9,42.9,49.8
573124,"Rogers, Taylor",2025,221.0,24.0,10.4,23.2,44.3,26.3,92.7,90.1,13.1,9.9,44.4,41.5
666142,"Ragans, Cole",2025,257.0,38.1,7.8,34.8,49.6,29.7,94.8,88.4,16.6,9.5,39.4,37.2
657277,"Webb, Logan",2025,856.0,26.2,5.4,24.7,46.2,29.8,92.4,89.7,5.7,8.3,40.2,54.2
605400,"Nola, Aaron",2025,404.0,24.0,6.9,25.2,46.9,33.6,90.7,89.4,12.7,9.1,43.3,42.9
660896,"Alcala, Jorge",2025,257.0,23.7,11.7,25.7,47.4,27.1,97.2,88.8,20.2,10.9,37.6,34.5
656605,"Keller, Mitch",2025,749.0,20.0,6.8,20.6,48.5,25.8,93.7,90.1,11.9,7.8,43.8,44.3
669203,"Burnes, Corbin",2025,265.0,23.8,9.8,25.7,46.3,31.9,94.3,89.5,6.6,8.1,41.6,50.9
680573,"Woods Richardson, Simeon",2025,471.0,22.7,9.8,24.1,48.0,26.0,93.2,90.2,20.0,11.4,41.6,33.3
542888,"Armstrong, Shawn",2025,284.0,26.1,7.0,24.4,47.6,24.5,92.9,88.0,19.1,7.1,34.2,35.9
666157,"Lodolo, Nick",2025,642.0,24.3,4.8,27.5,50.0,32.7,93.8,88.8,12.6,8.2,40.5,44.6
657376,"Schmidt, Clarke",2025,316.0,23.1,9.5,26.6,47.6,26.4,92.5,88.1,19.6,6.6,35.4,33.0
681911,"Vesia, Alex",2025,237.0,33.8,9.3,30.7,50.2,29.3,92.7,88.5,24.9,10.8,37.7,30.8
676534,"Faucher, Calvin",2025,255.0,23.1,9.4,23.7,42.5,23.9,93.8,87.7,8.1,4.7,34.3,45.0
676684,"Vest, Will",2025,284.0,26.4,7.7,26.7,48.0,29.9,96.5,88.8,6.1,4.3,41.4,58.1
678495,"Rodríguez, Randy",2025,198.0,33.8,5.6,31.1,49.8,30.9,97.4,87.0,17.7,7.8,36.2,37.1
693855,"Seymour, Ian",2025,242.0,26.4,7.9,27.0,49.5,26.4,90.3,88.7,15.1,7.1,37.8,37.2
663978,"Paddack, Chris",2025,670.0,16.7,5.5,20.7,51.3,31.7,92.2,90.7,16.3,10.2,45.6,37.5
674370,"Bido, Osvaldo",2025,363.0,18.7,9.6,25.0,49.5,26.4,93.7,90.4,20.1,11.9,40.9,30.7
700241,"McGreevy, Michael",2025,400.0,14.5,5.0,19.2,45.9,25.2,91.8,90.5,9.0,8.8,40.1,48.0
571578,"Corbin, Patrick",2025,663.0,19.8,7.7,26.9,46.3,29.5,89.8,89.2,14.4,8.4,40.4,41.0
571948,"Milner, Hoby",2025,293.0,19.8,7.2,15.5,43.6,24.8,87.6,88.4,6.7,9.0,36.8,53.8
695418,"Lord, Brad",2025,546.0,19.8,7.9,21.3,50.0,25.5,94.6,88.5,10.1,7.1,41.8,49.0
592836,"Walker, Taijuan",2025,538.0,16.0,7.8,18.5,45.1,25.7,89.6,89.6,13.4,7.4,41.4,44.8
601713,"Pivetta, Nick",2025,721.0,26.4,6.9,24.6,47.7,28.4,93.3,90.3,19.1,10.9,45.0,34.1
571927,"Matz, Steven",2025,309.0,19.1,3.6,18.8,48.6,29.8,94.5,88.4,10.7,6.4,40.5,47.7
664076,"Cleavinger, Garrett",2025,243.0,33.7,7.4,36.0,49.5,31.4,96.3,88.8,11.8,5.9,41.2,47.1
527048,"Pérez, Martín",2025,228.0,19.3,9.6,20.9,42.4,24.9,88.0,88.2,15.1,15.0,39.4,38.8
621121,"McCullers Jr., Lance",2025,274.0,22.3,14.2,25.1,40.0,20.2,91.2,90.5,12.1,11.4,50.0,47.6
678368,"Bellozo, Valente",2025,348.0,15.5,6.6,20.2,49.9,26.6,87.4,89.7,22.0,11.7,41.4,32.0
656271,"Burke, Brock",2025,257.0,20.2,7.0,23.4,52.4,27.1,95.7,89.0,8.4,7.1,40.8,53.3
678692,"Henriquez, Ronny",2025,303.0,32.3,8.9,36.0,49.4,35.2,96.6,88.3,15.8,10.9,42.5,40.8
607625,"Lugo, Seth",2025,611.0,20.5,9.0,20.6,43.9,23.8,90.9,90.7,14.2,11.1,45.2,39.3
605135,"Bassitt, Chris",2025,736.0,22.6,7.1,23.3,46.8,25.3,90.8,87.7,10.5,8.5,36.6,46.1
663485,"Sands, Cole",2025,299.0,21.4,6.4,22.2,48.5,27.9,92.6,89.4,12.4,9.9,41.5,43.9
676664,"Sears, JP",2025,583.0,20.1,6.2,21.6,47.3,25.2,91.9,89.2,21.2,9.4,39.4,30.2
656794,"Newcomb, Sean",2025,391.0,23.3,7.9,21.4,46.2,26.8,92.2,88.9,9.9,5.7,41.8,47.5
607536,"Freeland, Kyle",2025,709.0,17.5,5.4,21.0,51.3,29.9,90.3,91.1,12.7,9.4,47.3,41.6
666200,"Luzardo, Jesús",2025,758.0,28.5,7.5,30.8,47.8,30.4,96.3,88.5,13.1,6.7,37.1,42.7
681517,"Leahy, Kyle",2025,363.0,22.0,7.7,23.1,49.7,28.4,95.4,89.1,10.2,9.8,44.1,44.5
552640,"Kittredge, Andrew",2025,208.0,30.8,5.3,29.8,53.3,41.8,95.1,90.7,7.8,6.8,44.4,49.6
686799,"Kochanowicz, Jack",2025,512.0,14.1,11.3,20.8,47.6,27.0,95.5,92.1,6.9,9.4,49.6,52.5
664126,"Fairbanks, Pete",2025,244.0,24.2,7.4,26.1,50.6,29.4,96.8,90.2,14.3,4.8,42.8,45.8
669373,"Skubal, Tarik",2025,748.0,32.2,4.4,32.5,54.8,35.2,97.4,86.1,12.7,8.1,33.0,41.6
650633,"King, Michael",2025,308.0,24.7,8.4,25.8,44.1,27.4,93.1,87.8,15.8,11.4,38.1,39.1
676106,"Hancock, Emerson",2025,385.0,16.6,8.1,20.3,49.6,26.2,94.8,89.0,13.4,7.7,42.5,43.9
669199,"Bachar, Lake",2025,296.0,25.3,10.1,30.2,46.3,30.5,94.8,90.3,17.7,10.7,41.5,35.1
678606,"Ferrer, José A.",2025,324.0,21.9,4.9,24.8,49.8,28.5,97.7,89.1,0.8,4.8,42.2,64.3
675911,"Strider, Spencer",2025,539.0,24.3,9.5,30.6,47.6,28.9,95.5,91.3,14.8,10.6,42.7,37.5
666808,"Doval, Camilo",2025,278.0,25.9,12.6,28.4,47.3,29.3,97.8,88.6,6.2,6.0,40.5,53.6
663738,"Lynch IV, Daniel",2025,289.0,15.6,9.0,22.3,42.9,25.7,93.9,88.6,10.4,8.1,42.5,49.1
664208,"Maton, Phil",2025,249.0,32.5,9.6,36.2,46.9,30.7,90.3,84.8,12.2,3.6,30.7,46.0
641329,"Baker, Bryan",2025,274.0,30.3,6.2,29.1,51.1,30.3,96.7,90.6,16.7,12.6,48.3,37.9
543135,"Eovaldi, Nathan",2025,496.0,26.0,4.2,27.7,50.7,29.9,92.5,88.6,9.5,7.4,38.5,51.2
669093,"Estrada, Jeremiah",2025,304.0,35.5,8.9,34.9,51.9,33.4,97.9,90.1,21.4,9.0,39.2,35.5
657649,"Koenig, Jared",2025,268.0,25.4,7.5,22.9,43.9,24.0,94.7,88.7,12.9,5.1,34.7,46.6
673540,"Senga, Kodai",2025,482.0,22.6,11.4,27.4,45.5,28.6,92.3,88.9,12.5,8.0,40.6,47.6
641755,"Kinley, Tyler",2025,308.0,23.7,10.7,31.2,49.1,31.3,95.1,87.0,20.5,7.0,29.6,33.7
687134,"Blalock, Bradley",2025,275.0,9.8,8.4,15.9,47.5,23.3,93.8,91.4,12.8,12.2,45.9,40.5
592866,"Williams, Trevor",2025,373.0,17.4,5.6,19.8,46.7,26.4,87.6,90.0,18.1,8.5,40.7,35.1
672282,"Detmers, Reid",2025,266.0,30.1,9.4,32.7,49.7,33.9,95.8,90.1,9.9,8.2,42.8,45.3
622554,"Domínguez, Seranthony",2025,261.0,30.3,13.8,33.3,44.6,27.7,97.7,87.5,13.4,6.9,36.8,43.1
676263,"Dreyer, Jack",2025,307.0,24.1,7.8,26.7,51.4,26.6,92.7,90.3,17.0,5.3,39.7,39.2
685126,"Eisert, Brandon",2025,306.0,24.2,8.2,32.0,46.8,31.2,89.5,87.8,13.2,9.5,37.1,40.1
686701,"Bergert, Ryan",2025,323.0,22.6,10.8,23.9,46.9,25.0,93.3,90.0,20.0,7.0,36.4,29.4
686752,"Pepiot, Ryan",2025,679.0,24.6,9.0,26.0,50.1,28.6,94.7,90.1,15.9,9.7,42.5,38.7
663941,"Beck, Tristan",2025,232.0,17.7,6.9,22.9,49.1,28.1,94.7,90.1,14.7,8.7,38.2,42.2
605452,"Ross, Joe",2025,228.0,17.1,7.9,22.4,50.8,26.2,94.4,89.3,11.0,11.9,43.5,46.4
660853,"De Los Santos, Enyel",2025,280.0,22.1,8.6,30.0,51.6,28.4,96.2,87.6,16.8,8.9,40.1,33.3
672582,"Zerpa, Angel",2025,275.0,21.1,8.0,16.4,43.3,26.7,96.5,89.5,0.0,8.3,43.0,63.7
656731,"Megill, Tylor",2025,305.0,29.2,10.8,30.7,44.9,28.6,95.0,90.3,14.8,6.4,43.8,40.9
684007,"Imanaga, Shota",2025,567.0,20.6,4.6,24.6,53.8,31.5,90.8,90.7,21.7,11.6,43.5,30.0
686973,"Varland, Louis",2025,296.0,25.3,7.4,27.1,52.5,31.9,98.0,90.2,5.3,9.2,43.7,53.3
500779,"Quintana, Jose",2025,556.0,16.0,9.0,18.4,43.2,26.9,90.5,88.7,13.1,9.7,41.7,42.7
662253,"Muñoz, Andrés",2025,254.0,32.7,11.0,36.5,47.1,31.3,98.2,86.9,8.8,6.6,39.9,51.4
702070,"Cameron, Noah",2025,556.0,20.5,7.7,26.6,47.2,28.3,90.5,87.9,13.0,6.3,37.4,42.2
656945,"Scott, Tanner",2025,237.0,25.3,7.2,29.5,55.9,35.8,96.5,90.8,18.0,9.0,42.3,39.7
673929,"Leasure, Jordan",2025,269.0,30.1,11.2,31.9,48.8,29.0,96.2,89.1,24.3,10.8,37.6,28.7
592662,"Ray, Robbie",2025,755.0,24.6,9.7,27.8,49.3,27.7,93.6,91.0,17.7,9.6,44.7,36.6
607074,"Rodón, Carlos",2025,789.0,25.7,9.3,30.3,45.5,29.3,93.7,88.6,12.8,7.6,38.9,44.0
663436,"Martin, Davis",2025,601.0,17.3,8.0,21.6,49.4,28.0,93.6,90.7,11.2,9.8,44.6,45.9
663554,"Mize, Casey",2025,627.0,22.2,5.7,24.1,49.6,28.6,94.6,90.0,14.0,9.2,42.5,40.3
691587,"Pérez, Eury",2025,385.0,27.3,8.3,28.4,50.3,28.5,97.6,90.5,22.3,9.0,46.5,31.4
641778,"Lauer, Eric",2025,426.0,23.9,6.1,23.7,48.7,26.4,90.0,90.6,21.6,8.1,41.9,29.7
681343,"Smith, Shane",2025,616.0,23.5,9.4,27.7,48.3,25.2,95.7,90.3,13.3,6.8,45.4,41.1
650556,"Abreu, Bryan",2025,296.0,35.5,10.5,41.2,46.2,29.9,97.3,90.6,16.9,8.4,45.5,35.9
682052,"Lopez, Jacob",2025,399.0,28.3,9.3,28.3,45.6,28.5,89.9,86.9,21.8,6.6,33.2,28.6
676962,"Brown, Ben",2025,472.0,25.6,6.8,28.3,47.9,28.7,95.8,92.4,12.7,11.4,47.3,42.9
669622,"Bender, Anthony",2025,204.0,20.6,10.3,20.6,41.5,24.2,96.6,89.6,8.4,7.2,44.6,48.9
607455,"Banda, Anthony",2025,269.0,22.7,13.0,27.2,47.7,28.6,95.9,89.8,13.8,8.8,38.6,39.8
592773,"Stanek, Ryne",2025,255.0,22.7,12.5,27.8,52.5,30.0,98.6,90.3,19.9,10.9,43.6,32.7
665795,"Cabrera, Edward",2025,581.0,25.8,8.3,29.4,45.1,30.2,96.9,90.3,9.4,8.6,46.4,47.5
672841,"Vargas, Carlos",2025,331.0,16.3,6.9,18.9,48.7,28.9,97.2,88.6,4.6,4.9,35.2,57.1
672456,"Montero, Keider",2025,389.0,18.5,8.0,19.8,47.7,28.3,93.8,89.1,14.5,8.2,39.4,41.2
641154,"López, Pablo",2025,312.0,23.4,6.4,25.9,48.5,32.1,94.4,88.7,14.4,6.0,35.3,38.6
671212,"Boyle, Joe",2025,226.0,25.7,12.4,29.0,43.9,21.2,98.5,91.1,15.1,10.2,46.0,44.5
677958,"Rocker, Kumar",2025,287.0,19.5,8.0,24.9,50.0,28.8,93.7,91.2,8.3,11.8,47.5,49.0
656222,"Beeks, Jalen",2025,231.0,20.3,8.7,27.7,49.2,25.4,92.8,88.5,12.5,10.5,39.5,46.9
641793,"Littell, Zack",2025,759.0,17.1,4.2,20.4,51.8,30.8,91.9,90.2,14.6,9.9,40.9,40.7
605488,"Springs, Jeffrey",2025,713.0,19.4,7.6,26.0,46.3,28.5,90.2,88.3,19.2,8.1,37.3,31.9
806185,"Birdsong, Hayden",2025,298.0,22.8,12.4,28.4,43.7,25.3,95.5,89.8,20.0,9.6,46.8,34.0
682990,"Priester, Quinn",2025,653.0,20.2,7.7,24.5,46.2,26.6,93.3,89.0,4.9,7.4,39.4,55.7
669371,"Henry, Cole",2025,241.0,21.6,13.3,25.6,42.8,19.8,94.1,88.8,23.3,7.5,37.0,32.2
686993,"Sterner, Justin",2025,266.0,26.3,7.9,30.8,50.0,32.0,91.2,89.8,22.0,9.6,38.9,29.9
684320,"Rodríguez, Yariel",2025,298.0,22.1,11.4,27.5,45.6,26.8,95.7,86.4,15.8,9.4,35.9,40.6
682847,"Ortiz, Luis",2025,382.0,25.1,11.0,28.9,46.5,25.0,95.1,91.8,9.4,10.4,47.7,46.9
657746,"Ryan, Joe",2025,689.0,28.2,5.7,26.1,49.7,25.3,93.6,90.2,18.7,11.5,41.9,36.9
677952,"Ashcraft, Braxton",2025,292.0,24.3,8.2,26.2,50.2,29.5,96.8,88.0,9.1,4.7,38.5,50.8
450203,"Morton, Charlie",2025,654.0,22.8,11.0,27.9,46.8,27.2,93.1,91.2,10.5,8.6,43.6,44.4
571510,"Boyd, Matthew",2025,718.0,21.4,5.8,23.1,51.5,28.8,93.2,88.5,18.0,9.0,38.0,39.0
676477,"Whitlock, Garrett",2025,293.0,31.1,8.2,32.8,53.0,35.0,95.8,88.5,11.2,8.7,36.4,45.7
647336,"Soroka, Michael",2025,379.0,25.1,7.7,23.7,45.5,25.7,93.6,89.2,14.3,6.7,40.4,44.2
663687,"Harris, Hogan",2025,277.0,23.5,11.9,23.0,45.6,24.1,93.3,88.0,14.9,5.6,32.6,34.8
694973,"Skenes, Paul",2025,733.0,29.5,5.7,30.1,49.6,30.5,98.1,87.6,12.2,5.8,40.1,44.6
806188,"Gibson, Cade",2025,230.0,18.7,9.1,22.3,42.5,27.5,91.7,87.9,7.2,5.6,37.5,51.9
594798,"deGrom, Jacob",2025,669.0,27.7,5.5,30.2,51.7,32.4,97.5,90.1,16.0,9.3,41.9,38.1
592791,"Taillon, Jameson",2025,519.0,18.9,5.2,20.8,48.5,28.9,90.7,88.3,19.7,8.1,38.3,34.3
643377,"Jax, Griffin",2025,283.0,35.0,7.4,37.3,50.6,38.1,96.4,89.2,6.7,9.4,44.1,46.6
621111,"Buehler, Walker",2025,564.0,16.3,10.6,19.2,44.6,25.8,92.9,87.9,11.8,9.5,37.8,42.5
676083,"Junk, Janson",2025,447.0,17.2,2.9,18.2,52.5,30.6,93.6,91.6,14.7,8.5,47.3,41.4
570632,"Ureña, José",2025,245.0,13.9,9.4,19.8,48.2,25.7,96.2,89.6,15.5,13.0,40.0,37.3
607067,"Rea, Colin",2025,662.0,19.2,6.6,22.0,47.6,28.6,93.0,89.8,13.6,10.3,41.0,40.0
687064,"Young, Brandon",2025,256.0,18.4,8.6,21.6,48.2,27.8,92.5,89.4,13.3,10.2,42.2,44.9
472610,"García, Luis",2025,233.0,20.6,11.2,24.1,48.7,28.3,96.9,90.8,4.9,7.5,48.4,49.7
663855,"Hicks, Jordan",2025,314.0,18.5,10.2,23.1,43.6,24.4,97.5,90.0,5.8,4.7,45.6,56.7
579328,"Kikuchi, Yusei",2025,772.0,22.5,9.6,23.6,48.3,26.9,94.8,91.0,14.5,9.4,42.2,40.3
701542,"Warren, Will",2025,711.0,24.1,9.1,24.6,42.8,24.8,93.3,91.0,12.2,10.9,45.3,42.8
701581,"Festa, David",2025,229.0,23.1,8.3,27.4,51.2,29.8,94.1,90.4,19.8,11.8,40.5,36.6
506433,"Darvish, Yu",2025,296.0,23.0,6.4,23.0,47.0,25.5,92.9,87.3,15.3,8.9,33.0,40.4
642397,"Soto, Gregory",2025,279.0,25.1,8.6,29.9,47.0,31.5,96.9,88.9,10.5,4.0,37.9,44.8
650911,"Sánchez, Cristopher",2025,807.0,26.3,5.5,30.4,49.5,31.6,95.4,89.0,3.0,5.7,39.8,58.5
595345,"Okert, Steven",2025,276.0,30.4,6.9,32.8,51.3,27.6,92.0,88.4,25.3,7.1,32.7,25.7
656546,"Hoffman, Jeff",2025,287.0,29.3,9.4,31.6,50.7,35.0,96.4,89.3,15.7,12.8,39.5,40.7
689147,"Kerkering, Orion",2025,266.0,24.4,10.2,23.7,42.9,25.0,97.1,85.9,15.0,6.5,33.5,43.5
641745,"Keller, Brad",2025,276.0,27.2,8.0,26.9,45.1,30.4,97.1,86.7,6.5,5.8,30.6,56.6
669387,"Mlodzinski, Carmen",2025,419.0,21.2,6.4,23.0,46.6,27.8,96.0,90.2,8.6,6.1,40.1,48.5
694819,"Misiorowski, Jacob",2025,272.0,32.0,11.0,29.7,49.8,28.5,99.3,89.0,15.9,7.9,37.5,34.9
621244,"Berríos, José",2025,698.0,19.8,8.0,22.0,46.1,28.2,92.2,90.3,15.0,11.3,42.5,42.3
670280,"Bednar, David",2025,251.0,34.3,7.6,31.1,47.8,30.2,97.1,89.2,11.2,9.0,42.1,44.1
681190,"Vásquez, Randy",2025,570.0,13.7,9.1,15.7,46.4,25.2,92.1,89.1,17.2,10.9,39.3,40.2
571760,"Heaney, Andrew",2025,536.0,16.0,7.5,19.9,47.5,28.9,89.9,90.2,15.1,10.3,43.6,37.9
434378,"Verlander, Justin",2025,662.0,20.7,7.9,24.8,48.8,28.1,93.9,88.6,18.2,8.1,37.0,35.5
656849,"Peterson, David",2025,723.0,20.7,9.0,24.0,46.8,28.2,91.7,90.6,4.3,6.4,46.0,55.4
593974,"Peralta, Wandy",2025,313.0,20.1,9.6,29.0,48.5,31.1,95.4,87.6,3.7,6.9,36.2,59.6
656876,"Rasmussen, Drew",2025,585.0,21.7,6.3,22.2,48.6,28.7,93.8,90.6,10.1,6.3,43.3,49.5
554430,"Wheeler, Zack",2025,585.0,33.3,5.6,31.5,50.3,31.2,95.4,87.4,13.2,7.2,34.1,41.5
702352,"Bivens, Spencer",2025,343.0,17.8,7.3,17.0,49.1,29.4,93.4,87.5,7.2,7.2,37.3,52.8
671096,"Abbott, Andrew",2025,684.0,21.8,6.3,24.0,50.0,30.3,92.4,87.8,19.3,8.0,33.7,32.9
606160,"Montero, Rafael",2025,253.0,22.9,14.6,29.3,47.1,31.1,95.1,88.3,11.4,7.0,38.6,48.7
628452,"Iglesias, Raisel",2025,267.0,27.3,6.4,30.9,51.8,32.7,94.8,89.0,20.4,8.7,34.9,32.0
686613,"Brown, Hunter",2025,729.0,28.3,7.8,27.8,44.8,29.4,96.2,86.1,10.1,5.9,32.2,48.1
675848,"Mejia, Juan",2025,261.0,26.1,9.6,30.4,48.0,30.4,96.6,85.8,15.5,5.1,34.6,38.9
669920,"Alexander, Jason",2025,336.0,19.3,7.7,24.6,43.8,22.2,91.0,89.8,10.8,8.3,45.9,44.6
592426,"Jackson, Luke",2025,219.0,17.4,12.8,22.7,46.7,26.6,94.1,90.8,7.7,6.7,44.0,52.7
605288,"Houser, Adrian",2025,518.0,17.8,7.3,18.1,49.6,29.0,94.6,90.2,9.3,6.1,47.6,48.9
678394,"Bello, Brayan",2025,700.0,17.7,8.4,20.1,45.8,27.5,93.5,88.8,9.0,7.1,39.3,50.0
668678,"Gallen, Zac",2025,813.0,21.5,8.1,23.7,44.9,28.7,93.5,90.1,12.4,9.7,43.0,44.4
676440,"Bibee, Tanner",2025,762.0,21.3,7.1,23.8,46.3,25.5,91.7,88.5,13.8,8.1,36.6,45.3
700249,"Povich, Cade",2025,488.0,24.2,8.8,24.2,44.9,26.6,92.1,91.2,13.0,11.3,46.9,42.3
663559,"Falter, Bailey",2025,518.0,15.6,8.9,18.1,47.0,25.0,92.2,90.5,18.3,9.5,45.1,36.2
621381,"Strahm, Matt",2025,256.0,27.3,7.8,23.8,52.4,33.3,91.3,89.4,29.4,4.3,38.4,23.8
622663,"Severino, Luis",2025,705.0,17.6,7.1,18.3,47.3,26.3,95.2,88.3,14.0,6.0,41.9,41.9
688138,"Evans, Logan",2025,350.0,16.9,8.9,19.4,45.0,25.1,90.4,89.9,13.6,10.5,42.6,40.2
547973,"Chapman, Aroldis",2025,228.0,37.3,6.6,35.8,57.3,34.7,98.8,88.8,18.9,5.5,36.7,38.3
623474,"Herget, Jimmy",2025,347.0,23.3,7.5,26.9,46.6,26.1,92.2,88.7,18.5,7.3,39.1,35.2
543294,"Hendricks, Kyle",2025,695.0,16.4,6.2,18.3,48.0,31.7,86.3,86.1,16.3,8.3,34.3,39.2
656457,"Gilbert, Tyler",2025,215.0,22.8,11.2,26.2,46.8,26.1,89.4,90.0,20.4,10.1,40.7,33.6
686218,"Sheehan, Emmet",2025,291.0,30.6,7.6,32.9,50.4,32.9,95.6,89.3,20.1,10.1,41.6,33.7
669467,"Pallante, Andre",2025,715.0,15.5,8.7,22.3,45.9,25.4,94.6,89.2,1.4,6.6,39.9,59.9
690990,"Horton, Cade",2025,476.0,20.4,6.9,25.8,48.6,29.4,95.7,89.7,14.3,10.1,41.3,42.8
671922,"Smith, Cade",2025,300.0,34.7,6.3,34.3,52.3,32.3,96.4,89.2,15.8,4.0,37.0,36.4
676395,"Garcia, Robert",2025,269.0,25.3,8.2,28.6,51.0,31.9,94.4,88.6,11.9,7.9,34.3,39.9
677944,"Cecconi, Slade",2025,545.0,20.0,5.9,22.5,46.5,22.7,93.9,91.7,13.8,12.2,49.1,41.4
477132,"Kershaw, Clayton",2025,463.0,18.1,7.6,24.3,45.3,24.9,89.0,89.7,11.6,4.1,42.1,48.2
622491,"Castillo, Luis",2025,745.0,21.7,6.2,24.6,51.6,28.9,94.9,90.3,14.5,10.4,46.4,41.1
608718,"Suter, Brent",2025,291.0,18.2,6.2,21.4,48.0,25.6,87.9,85.8,13.5,8.0,32.9,45.4
642232,"Yarbrough, Ryan",2025,264.0,20.8,7.2,26.6,45.5,24.9,85.6,86.1,15.5,6.9,34.0,39.4
671106,"Allen, Logan",2025,676.0,18.0,9.2,20.6,44.3,23.5,89.6,88.6,12.9,9.1,37.5,45.6
680732,"Burke, Sean",2025,596.0,22.3,10.6,25.1,46.9,26.9,94.4,89.6,17.5,10.5,42.7,36.1
623352,"Hader, Josh",2025,206.0,36.9,7.8,40.5,55.1,37.7,95.5,88.0,29.2,8.1,34.2,22.5
642701,"Santana, Dennis",2025,270.0,22.2,6.3,27.3,51.6,34.5,93.8,88.9,15.9,10.6,37.4,38.9
571945,"Mikolas, Miles",2025,669.0,14.9,5.5,16.5,48.0,25.4,92.7,89.3,13.8,12.7,41.8,40.8
656550,"Holmes, Grant",2025,492.0,25.0,11.0,29.7,48.3,28.9,93.7,90.1,9.3,10.1,41.9,45.8
669302,"Gilbert, Logan",2025,535.0,32.3,5.8,32.9,51.1,30.4,95.4,90.8,15.0,8.6,41.7,39.8
664285,"Valdez, Framber",2025,802.0,23.3,8.5,26.6,47.3,29.9,94.2,90.8,2.7,6.7,46.3,59.4
805673,"Matthews, Zebby",2025,354.0,24.9,6.8,27.5,51.1,30.2,95.2,89.2,16.5,9.9,38.8,33.1
608566,"Márquez, Germán",2025,591.0,14.0,8.1,18.6,48.0,26.2,94.6,91.7,15.6,11.1,48.5,36.9
621051,"Wilson, Steven",2025,241.0,21.2,9.1,24.8,47.6,24.6,93.8,89.6,24.9,5.5,36.4,26.1
608331,"Fried, Max",2025,801.0,23.6,6.4,26.6,46.9,27.6,94.2,87.2,6.9,6.9,37.2,52.6
683232,"Mears, Nick",2025,222.0,20.7,6.3,25.0,54.9,33.5,95.4,90.4,16.6,10.6,42.9,34.8
645261,"Alcantara, Sandy",2025,745.0,19.1,7.7,20.9,49.5,29.0,95.1,90.7,9.4,8.6,45.0,46.6
650644,"Civale, Aaron",2025,435.0,20.2,7.6,21.8,45.4,26.3,90.6,88.5,19.2,9.8,39.1,34.9
690928,"Dobbins, Hunter",2025,256.0,17.6,6.6,21.9,46.5,28.0,95.5,89.3,9.5,6.8,41.7,48.4
668881,"Greene, Hunter",2025,420.0,31.4,6.2,31.4,53.4,32.3,99.5,90.4,20.2,9.7,45.0,34.2
669711,"Weissert, Greg",2025,278.0,20.5,7.6,22.4,46.7,26.2,94.0,89.8,13.5,7.7,38.6,41.6
669372,"Ginn, J.T.",2025,392.0,25.3,7.9,28.7,42.9,27.4,93.1,88.4,7.8,9.8,44.5,52.3
687911,"King, Bryan",2025,275.0,25.1,4.0,24.4,49.7,29.5,91.9,88.4,14.4,5.8,36.1,42.4
641302,"Alexander, Tyler",2025,423.0,19.4,7.1,21.5,48.8,27.8,89.6,88.5,16.6,5.9,39.6,35.7
663893,"Little, Brendon",2025,295.0,30.8,15.3,43.5,40.6,30.0,93.4,89.7,1.4,6.4,47.1,59.9
801403,"Dollander, Chase",2025,441.0,18.6,11.1,22.9,47.0,23.5,97.8,88.7,12.5,11.5,40.5,42.4
676974,"Meyer, Max",2025,285.0,23.9,7.0,27.4,47.4,28.1,94.7,91.9,8.7,9.2,48.2,49.7
593958,"Rodriguez, Eduardo",2025,694.0,20.6,8.6,23.0,47.1,29.2,91.3,88.2,16.3,8.2,35.2,38.9
608032,"Estévez, Carlos",2025,269.0,20.1,8.2,19.0,49.4,22.9,95.9,89.1,23.4,10.6,38.1,25.4
608337,"Giolito, Lucas",2025,613.0,19.7,9.1,22.9,47.3,26.8,93.3,90.3,16.7,9.0,41.1,39.5
694477,"Patrick, Chad",2025,503.0,25.2,8.0,23.5,50.1,29.0,91.2,89.4,18.5,8.1,42.2,31.9
681857,"Olson, Reese",2025,285.0,22.8,8.8,29.7,44.4,30.5,94.4,91.5,12.0,7.4,44.7,43.2
695243,"Miller, Mason",2025,234.0,44.4,12.0,45.2,49.9,35.4,101.2,87.9,16.4,10.0,37.6,41.6
669358,"Baz, Shane",2025,711.0,24.8,9.0,25.8,49.2,29.3,95.3,89.0,10.7,9.5,39.4,47.0
621242,"Díaz, Edwin",2025,258.0,38.0,8.1,41.5,47.6,30.5,97.2,88.5,11.3,4.6,39.7,48.1
681347,"Burrows, Mike",2025,402.0,24.1,7.7,27.0,48.7,27.6,95.5,89.2,13.8,10.8,42.0,41.3
682243,"Miller, Bryce",2025,392.0,18.9,8.7,24.2,50.9,25.7,94.7,92.4,16.8,9.4,48.6,39.3
663460,"Bubic, Kris",2025,476.0,24.4,8.2,28.8,49.2,32.5,92.1,87.6,11.6,6.6,39.3,46.5
547179,"Lorenzen, Michael",2025,606.0,21.0,6.4,23.4,48.1,28.4,92.8,89.3,15.3,8.8,39.2,39.2
656302,"Cease, Dylan",2025,722.0,29.8,9.8,33.4,49.2,30.9,97.0,88.9,16.6,8.6,37.5,37.3
668941,"Romero, JoJo",2025,255.0,21.6,11.4,27.0,41.5,24.6,93.8,87.3,5.1,7.3,35.1,57.1
694297,"Pfaadt, Brandon",2025,767.0,19.2,4.8,22.1,49.2,30.3,92.8,90.8,12.5,10.9,45.8,42.3
676879,"Ashby, Aaron",2025,270.0,28.1,8.9,27.0,42.0,25.6,97.4,89.2,-0.1,3.1,40.0,62.4
689254,"Fluharty, Mason",2025,215.0,26.0,11.2,31.9,46.3,28.1,90.2,86.6,16.3,7.5,33.1,42.1
671737,"Bradley, Taj",2025,605.0,21.0,9.3,23.6,48.3,26.7,94.1,89.2,12.0,7.4,39.9,43.3
672782,"Gómez, Yoendrys",2025,277.0,20.9,9.7,23.9,47.1,26.5,93.2,89.4,17.5,12.4,37.4,36.9
670970,"Morejon, Adrian",2025,286.0,24.5,5.9,23.8,48.0,32.1,97.5,85.9,5.1,4.0,30.7,54.3
663574,"Santillan, Tony",2025,301.0,24.9,9.6,27.0,49.7,25.2,96.3,91.8,17.4,8.4,45.5,37.7
683004,"Leiter, Jack",2025,646.0,22.9,10.4,24.3,47.8,25.1,97.0,90.5,16.1,10.8,43.9,37.8
518876,"Kelly, Merrill",2025,748.0,22.3,6.4,24.1,49.3,32.9,91.5,90.2,13.8,9.3,43.5,43.7
621053,"Ferguson, Tyler",2025,246.0,22.0,13.8,26.0,46.7,28.2,93.8,87.5,19.3,6.5,31.8,38.3
678024,"Vasil, Mike",2025,423.0,19.4,12.3,24.0,42.5,23.0,93.7,89.3,8.4,7.2,38.2,50.7
615698,"Quantrill, Cal",2025,513.0,16.6,6.8,20.2,46.7,28.7,91.9,90.4,16.9,12.5,44.3,34.3
607200,"Fedde, Erick",2025,623.0,13.3,10.8,18.0,44.7,24.8,91.9,90.2,14.9,7.9,42.6,42.1
680730,"Parker, Mitchell",2025,725.0,14.2,8.0,19.6,51.2,29.2,93.0,92.3,14.7,9.7,50.0,37.7
670036,"Festa, Matt",2025,226.0,24.8,6.6,27.3,51.5,28.2,91.9,87.4,13.2,6.0,34.0,42.7
669432,"Rogers, Trevor",2025,423.0,24.3,6.9,25.6,52.9,30.0,90.9,89.7,13.1,7.6,48.4,46.4
453286,"Scherzer, Max",2025,358.0,22.9,6.4,23.6,50.1,27.7,93.4,88.3,21.5,12.4,38.2,27.5
657571,"Ferguson, Caleb",2025,270.0,18.9,8.1,21.4,47.9,29.3,92.3,84.8,5.6,3.2,27.7,49.7
621107,"Eflin, Zach",2025,309.0,16.2,4.2,20.5,50.1,32.0,90.4,89.6,11.4,9.4,40.6,42.2
668909,"Williams, Gavin",2025,704.0,24.6,11.8,27.7,45.7,26.1,95.3,90.4,9.8,9.0,44.3,46.1
663465,"Allard, Kolby",2025,266.0,15.8,5.3,19.6,49.5,26.1,88.6,88.2,17.8,5.7,35.9,38.3
572955,"Johnson, Pierce",2025,238.0,24.8,8.0,26.2,44.2,26.3,94.8,90.4,17.2,8.8,42.8,34.6
693433,"Woo, Bryan",2025,731.0,27.1,4.9,26.2,53.2,30.1,95.6,89.1,13.8,9.1,41.8,41.4
519242,"Sale, Chris",2025,510.0,32.4,6.3,30.1,48.9,32.3,94.8,87.2,12.0,6.3,35.4,40.1
663969,"Phillips, Tyler",2025,313.0,16.6,7.7,27.3,47.9,34.6,95.2,89.2,5.5,5.1,43.4,55.7
592454,"Kahnle, Tommy",2025,267.0,18.7,11.6,25.4,43.7,25.3,93.5,88.3,11.5,9.2,37.3,47.6
663158,"Suarez, Robert",2025,269.0,27.9,5.9,24.0,54.3,30.5,98.6,90.5,15.5,9.1,42.6,36.9
596133,"Weaver, Luke",2025,262.0,27.5,7.6,31.0,52.6,32.9,94.6,90.0,22.0,8.3,39.9,27.4
687888,"Walter, Brandon",2025,212.0,24.5,1.9,24.6,50.5,33.5,90.1,86.2,12.0,7.2,38.6,44.4
592094,"Adam, Jason",2025,270.0,25.9,9.3,33.3,48.9,32.2,94.5,88.8,15.0,7.0,38.0,43.9
676254,"Walker, Ryan",2025,266.0,22.6,6.8,21.6,43.2,26.1,96.0,87.0,5.9,5.0,35.6,50.0
669211,"Akin, Keegan",2025,268.0,22.0,12.3,25.6,51.2,30.2,93.7,89.4,16.7,9.7,41.7,38.3
670955,"Uceta, Edwin",2025,321.0,32.1,8.4,35.6,53.0,33.5,92.7,88.6,17.2,9.3,36.6,32.8
669276,"Lee, Dylan",2025,266.0,28.6,5.3,33.6,51.5,31.4,94.1,87.6,16.9,10.3,33.5,38.6
624133,"Suarez, Ranger",2025,651.0,23.2,5.8,22.2,47.9,30.4,89.3,86.5,12.9,5.5,31.1,48.0
622608,"Senzatela, Antonio",2025,618.0,11.8,7.6,18.1,46.7,23.1,94.9,90.9,10.4,9.3,46.0,44.4
681982,"Anderson, Grant",2025,299.0,24.7,9.7,30.9,48.1,29.7,93.3,88.8,12.2,5.2,38.1,42.8
641927,"Ober, Bailey",2025,624.0,19.2,5.0,24.1,51.7,33.8,90.3,89.6,22.5,10.9,39.1,30.6
687473,"Gusto, Ryan",2025,453.0,21.4,7.9,23.4,49.1,24.2,93.2,90.6,17.2,9.5,45.7,36.8
694738,"Roupp, Landen",2025,476.0,21.4,9.5,25.2,43.8,29.0,92.4,88.4,9.8,8.9,36.5,46.0
607259,"Martinez, Nick",2025,683.0,17.0,6.1,19.9,47.1,24.6,91.3,88.3,16.2,7.0,34.5,39.3
640455,"Manaea, Sean",2025,263.0,28.5,4.6,26.8,52.4,30.7,91.7,89.8,17.3,8.9,42.6,37.9
666974,"Cano, Yennier",2025,251.0,21.1,9.6,23.5,45.2,29.1,94.9,88.1,6.1,4.7,35.3,55.9
680885,"Schwellenbach, Spencer",2025,434.0,24.9,4.1,28.3,51.8,34.1,96.2,88.8,8.3,7.5,41.5,47.4
605483,"Snell, Blake",2025,254.0,28.3,10.2,35.6,47.3,34.0,95.1,86.2,5.6,5.8,34.0,50.6
656986,"Sousa, Bennett",2025,199.0,29.6,7.5,36.8,53.0,36.6,94.9,89.1,15.9,8.1,36.8,39.2
664854,"Helsley, Ryan",2025,252.0,25.0,9.9,29.5,53.0,30.8,99.1,91.0,11.4,7.4,41.7,45.4
666214,"Wentz, Joey",2025,442.0,20.8,9.7,23.5,49.2,29.0,92.3,90.5,15.9,9.5,42.8,38.2
669923,"Kirby, George",2025,524.0,26.1,5.5,26.7,49.0,29.9,96.2,90.6,11.7,8.6,43.9,44.4
607192,"Glasnow, Tyler",2025,366.0,29.0,11.7,28.2,42.4,22.1,95.8,88.2,11.1,8.0,37.4,44.4
686563,"Cannon, Jonathan",2025,466.0,18.5,8.2,21.4,48.4,25.5,91.9,90.3,17.4,10.8,45.4,37.6
661395,"Duran, Jhoan",2025,287.0,27.9,6.6,30.8,53.2,32.8,100.6,89.4,-2.4,4.3,41.6,65.4
623437,"Topa, Justin",2025,268.0,18.3,6.7,18.1,47.2,29.7,93.1,89.3,7.7,5.6,44.7,47.7
663568,"Kolek, Stephen",2025,461.0,16.7,6.7,17.7,46.8,26.3,93.0,91.1,7.4,6.1,48.0,51.7
543243,"Gray, Sonny",2025,753.0,26.7,5.0,27.5,47.4,31.2,91.0,88.9,11.0,9.8,40.7,45.1
656427,"Flaherty, Jack",2025,681.0,27.6,8.7,27.3,45.6,29.1,92.8,89.7,16.2,10.3,43.8,37.1
641816,"Mahle, Tyler",2025,346.0,19.1,8.4,23.2,49.9,28.0,90.6,88.5,14.4,8.0,37.1,38.6
608372,"Sugano, Tomoyuki",2025,675.0,15.7,5.3,18.5,47.0,29.1,91.6,90.0,14.5,11.8,39.8,40.8
669194,"Nelson, Ryne",2025,619.0,21.3,6.6,21.6,50.4,27.8,95.0,91.4,14.3,7.5,45.5,40.0
623211,"Brazobán, Huascar",2025,262.0,21.8,10.3,23.9,48.4,32.4,95.6,87.1,11.5,8.1,34.5,51.7
596001,"Junis, Jakob",2025,274.0,20.1,6.6,22.7,44.5,27.4,91.1,87.6,12.4,6.1,38.6,42.1
666171,"Zeferjahn, Ryan",2025,256.0,28.5,13.3,30.3,45.3,23.9,94.8,88.3,15.1,10.3,37.2,37.2
643511,"Rogers, Tyler",2025,299.0,16.1,2.3,15.9,54.6,29.6,83.5,85.8,-2.9,2.1,33.1,61.6
694037,"Palencia, Daniel",2025,215.0,28.4,7.4,27.5,51.0,27.0,99.6,90.1,14.4,4.4,48.5,39.7
641941,"Pagán, Emilio",2025,270.0,30.0,8.1,29.2,53.2,32.5,93.7,88.9,23.7,9.1,37.0,29.1
608379,"Wacha, Michael",2025,716.0,17.6,6.3,21.3,50.4,28.2,91.7,87.5,17.7,7.4,34.6,37.8
669022,"Gore, MacKenzie",2025,679.0,27.2,9.3,29.7,49.4,29.9,94.8,90.4,16.0,10.6,44.1,38.5
605540,"Woodruff, Brandon",2025,257.0,32.3,5.4,27.9,50.5,27.1,92.3,87.9,24.6,7.1,35.9,34.0
657612,"Hill, Tim",2025,269.0,13.8,5.9,16.4,54.2,34.5,88.4,90.0,-2.2,7.9,45.1,64.2
668933,"Ashcraft, Graham",2025,284.0,22.5,8.8,29.8,50.0,38.2,97.1,84.8,4.7,4.1,32.3,58.5
657097,"Webb, Jacob",2025,267.0,21.7,7.1,27.6,51.1,30.3,93.4,86.6,23.0,5.9,34.6,33.5
661563,"Gil, Luis",2025,244.0,16.8,13.5,21.5,44.0,20.0,95.3,90.5,21.3,8.3,42.6,32.0
680767,"Vodnik, Victor",2025,215.0,22.8,12.1,26.5,44.0,22.7,98.1,91.0,4.1,8.6,48.6,54.3
642207,"Williams, Devin",2025,259.0,34.7,9.7,37.7,50.0,35.0,94.1,89.5,11.3,9.3,35.7,45.0
573204,"Thielbar, Caleb",2025,220.0,25.5,5.9,26.9,49.7,32.3,92.8,87.9,19.3,6.6,31.8,39.7
671131,"Rutledge, Jackson",2025,331.0,19.6,7.6,25.3,47.3,27.7,94.1,91.0,16.7,9.9,49.1,41.5
673513,"Matsui, Yuki",2025,272.0,22.4,12.1,30.3,49.0,29.5,92.0,88.5,20.6,9.0,37.3,32.2
621383,"Banks, Tanner",2025,267.0,22.8,4.5,21.9,50.1,26.7,92.5,87.8,14.9,7.8,36.8,38.9
669724,"Hanifee, Brenan",2025,260.0,15.4,5.4,16.1,45.2,23.9,95.4,90.5,4.1,6.9,44.6,55.4
676428,"Hurter, Brant",2025,277.0,24.5,9.7,26.0,44.2,26.5,92.2,87.7,9.7,3.5,36.8,50.9
642547,"Peralta, Freddy",2025,723.0,28.2,9.1,30.1,46.9,28.5,94.8,88.0,18.0,9.3,34.5,37.5
664199,"Clarke, Taylor",2025,206.0,21.4,4.4,23.3,47.6,29.0,94.8,89.3,13.6,7.9,40.8,44.1
680755,"Fisher, Braydon",2025,202.0,30.7,9.4,29.9,43.6,29.4,95.2,88.1,16.5,7.6,36.4,36.4
680736,"Wrobleski, Justin",2025,280.0,27.1,6.1,24.6,50.6,28.2,94.8,92.0,6.9,3.8,47.8,51.1
685299,"Gordon, Tanner",2025,337.0,18.4,5.0,18.0,53.2,27.1,92.3,90.1,17.0,11.5,41.2,35.3
670167,"Schreiber, John",2025,265.0,23.4,7.2,23.4,47.7,26.5,92.5,88.5,15.2,9.3,38.3,39.9
694335,"Svanson, Matt",2025,234.0,29.1,8.5,23.1,44.1,22.5,95.7,89.1,9.8,8.5,35.9,43.0
676467,"Gordon, Colton",2025,379.0,19.0,5.0,18.0,50.5,27.6,91.2,89.0,19.3,11.6,40.6,32.9
668674,"Erceg, Lucas",2025,249.0,19.3,7.2,24.7,48.7,29.3,97.5,89.1,8.2,7.3,37.4,52.0
693645,"Schlittler, Cam",2025,304.0,27.6,10.2,26.1,50.1,28.3,96.5,89.0,14.5,8.2,40.2,36.4
605280,"Holmes, Clay",2025,708.0,18.2,9.3,22.1,44.8,29.4,93.1,89.7,4.4,6.8,42.3,55.9
669461,"Liberatore, Matthew",2025,648.0,18.8,6.2,20.2,48.2,29.4,93.2,90.6,15.3,10.6,41.1,39.0
656641,"Latz, Jacob",2025,348.0,21.8,10.6,29.4,49.2,28.8,94.2,90.0,17.6,6.4,42.6,37.9
607481,"Bummer, Aaron",2025,236.0,21.6,7.6,22.9,43.1,29.4,91.0,89.7,2.9,3.2,39.1,55.8
663623,"Irvin, Jake",2025,787.0,15.8,7.9,18.2,46.8,26.6,91.8,90.4,12.8,12.0,47.1,43.5
670102,"Francis, Bowden",2025,288.0,18.8,9.4,23.3,46.7,24.0,92.4,91.6,20.7,12.4,52.2,33.8
667755,"Soriano, José",2025,724.0,21.0,10.8,27.0,44.8,27.0,97.3,91.4,-2.8,7.2,48.2,66.0
665152,"Kremer, Dean",2025,708.0,20.1,6.4,22.9,49.4,30.1,91.2,88.1,15.2,8.7,35.8,40.2
656288,"Canning, Griffin",2025,327.0,21.4,10.4,25.5,45.8,26.8,93.6,91.2,7.8,9.5,45.7,51.6
642100,"Speier, Gabe",2025,243.0,33.7,4.5,30.9,52.0,35.5,94.8,89.7,15.0,9.0,40.7,40.0
676282,"Cantillo, Joey",2025,401.0,26.9,10.5,29.7,43.2,22.7,91.7,89.5,12.5,7.2,41.8,41.4
676508,"Casparius, Ben",2025,333.0,21.3,6.3,27.6,49.7,29.5,94.5,87.5,19.5,7.1,31.9,34.0
668964,"Myers, Tobias",2025,220.0,17.3,6.8,21.4,51.0,27.2,91.7,90.3,15.4,6.7,44.8,37.0
605130,"Barlow, Scott",2025,303.0,24.8,14.9,30.8,41.3,27.4,92.4,86.2,17.0,7.4,30.5,44.1
663947,"Holton, Tyler",2025,312.0,20.5,5.4,24.6,47.6,30.5,90.2,87.7,10.2,8.2,37.7,48.1
694462,"Waldrep, Hurston",2025,229.0,24.0,9.6,28.5,44.7,24.5,94.5,89.1,6.3,4.2,40.3,49.7
808967,"Yamamoto, Yoshinobu",2025,684.0,29.4,8.6,28.9,46.7,29.6,94.4,88.3,7.7,5.7,39.7,53.7
682842,"Uribe, Abner",2025,298.0,30.2,9.1,32.0,45.7,28.3,98.8,86.2,6.3,2.9,34.9,54.3
669160,"May, Dustin",2025,584.0,21.1,9.6,20.0,45.3,25.6,94.3,90.6,12.5,9.2,44.5,42.7
657585,"Garrett, Reed",2025,238.0,26.9,10.9,30.5,45.3,31.9,94.8,88.0,12.7,4.8,40.8,42.2
596295,"Gomber, Austin",2025,272.0,12.5,6.3,15.9,49.0,23.8,89.0,88.1,18.2,14.5,39.5,34.5
542881,"Anderson, Tyler",2025,599.0,17.4,9.5,25.0,49.0,29.9,87.6,88.0,21.0,11.0,36.6,29.4
656234,"Bird, Jake",2025,248.0,26.6,10.1,28.1,43.9,28.7,94.3,88.5,8.6,8.4,42.9,46.1
592332,"Gausman, Kevin",2025,775.0,24.4,6.5,26.4,51.6,31.7,94.5,89.3,16.5,8.5,41.4,37.3
660825,"Bazardo, Eduard",2025,313.0,26.2,8.6,19.4,42.9,23.2,95.3,88.5,15.1,9.4,37.1,38.6
693821,"Elder, Bryce",2025,679.0,19.3,7.5,22.5,46.3,28.5,91.8,90.0,8.5,7.8,43.8,48.9
657514,"Bernardino, Brennan",2025,225.0,19.1,12.0,19.3,43.6,26.0,89.8,87.6,9.5,7.3,35.8,50.3
687765,"Spence, Mitch",2025,375.0,17.6,6.9,25.7,50.8,31.4,91.3,90.2,12.5,11.9,42.8,43.9
