pitcher,name,starts,bf,k_per_pa,proj_mean_k,p_ge_4,p_ge_5,p_ge_6,p_ge_7,p_ge_8,p_ge_9,fair_4plus,fair_5plus,fair_6plus,fair_7plus,fair_8plus,fair_9plus
519242,"Sale, Chris",63,25,0.2987,7.47,0.9658,0.9073,0.8027,0.6542,0.4825,0.3179,1.04,1.1,1.25,1.53,2.07,3.15
676979,"Crochet, Garrett",68,24,0.3073,7.37,0.9638,0.9025,0.7937,0.6409,0.4665,0.3022,1.04,1.11,1.26,1.56,2.14,3.31
554430,"Wheeler, Zack",65,25,0.2852,7.13,0.9537,0.8812,0.7597,0.5981,0.423,0.2658,1.05,1.13,1.32,1.67,2.36,3.76
669373,"Skubal, Tarik",70,24,0.2959,7.1,0.9537,0.8807,0.758,0.5946,0.418,0.2603,1.05,1.14,1.32,1.68,2.39,3.84
607192,"Glasnow, Tyler",45,24,0.2911,6.99,0.9488,0.8704,0.7416,0.5742,0.3974,0.2432,1.05,1.15,1.35,1.74,2.52,4.11
694819,"Misiorowski, Jacob",28,22,0.3171,6.98,0.9512,0.8741,0.7451,0.5754,0.3953,0.2385,1.05,1.14,1.34,1.74,2.53,4.19
666142,"Ragans, Cole",52,23,0.2993,6.88,0.9454,0.8628,0.7288,0.5571,0.379,0.2268,1.06,1.16,1.37,1.8,2.64,4.41
656302,"Cease, Dylan",76,23,0.2947,6.78,0.9401,0.8522,0.7126,0.5377,0.3603,0.212,1.06,1.17,1.4,1.86,2.78,4.72
694973,"Skenes, Paul",68,23,0.2944,6.77,0.9397,0.8514,0.7115,0.5364,0.359,0.211,1.06,1.17,1.41,1.86,2.79,4.74
668881,"Greene, Hunter",44,24,0.2763,6.63,0.9305,0.8343,0.6874,0.5098,0.3354,0.1941,1.07,1.2,1.45,1.96,2.98,5.15
669302,"Gilbert, Logan",71,24,0.2759,6.62,0.93,0.8334,0.6861,0.5083,0.3341,0.193,1.08,1.2,1.46,1.97,2.99,5.18
695505,"Burns, Chase",19,23,0.2826,6.5,0.9241,0.8215,0.6679,0.4863,0.3126,0.1757,1.08,1.22,1.5,2.06,3.2,5.69
808967,"Yamamoto, Yoshinobu",58,24,0.27,6.48,0.9214,0.8171,0.6628,0.4821,0.3102,0.1751,1.09,1.22,1.51,2.07,3.22,5.71
605483,"Snell, Blake",31,22,0.2916,6.42,0.9205,0.8138,0.6556,0.4711,0.2975,0.1635,1.09,1.23,1.53,2.12,3.36,6.12
657746,"Ryan, Joe",67,24,0.2677,6.42,0.9177,0.8103,0.6533,0.4716,0.3009,0.1682,1.09,1.23,1.53,2.12,3.32,5.95
672282,"Detmers, Reid",31,23,0.2751,6.33,0.9126,0.8003,0.6383,0.4539,0.2839,0.155,1.1,1.25,1.57,2.2,3.52,6.45
543243,"Gray, Sonny",71,24,0.2626,6.3,0.9092,0.795,0.6324,0.449,0.281,0.1539,1.1,1.26,1.58,2.23,3.56,6.5
650911,"Sánchez, Cristopher",77,26,0.2411,6.27,0.9037,0.7869,0.6236,0.442,0.2772,0.1529,1.11,1.27,1.6,2.26,3.61,6.54
607074,"Rodón, Carlos",71,24,0.2539,6.09,0.8929,0.7667,0.595,0.4099,0.248,0.1309,1.12,1.3,1.68,2.44,4.03,7.64
680885,"Schwellenbach, Spencer",38,25,0.2438,6.09,0.8914,0.765,0.5939,0.41,0.2491,0.1325,1.12,1.31,1.68,2.44,4.01,7.55
690997,"McLean, Nolan",22,23,0.2628,6.05,0.8906,0.7619,0.5875,0.4009,0.2394,0.1242,1.12,1.31,1.7,2.49,4.18,8.05
686613,"Brown, Hunter",64,23,0.262,6.03,0.889,0.7592,0.584,0.3975,0.2366,0.1223,1.12,1.32,1.71,2.52,4.23,8.18
642547,"Peralta, Freddy",79,23,0.2619,6.02,0.8887,0.7587,0.5834,0.3968,0.2361,0.122,1.13,1.32,1.71,2.52,4.24,8.2
693645,"Schlittler, Cam",29,23,0.2602,5.98,0.8853,0.753,0.5761,0.3896,0.2302,0.1181,1.13,1.33,1.74,2.57,4.34,8.47
656427,"Flaherty, Jack",74,22,0.2719,5.98,0.8869,0.7547,0.5769,0.3888,0.2283,0.1159,1.13,1.33,1.73,2.57,4.38,8.63
663460,"Bubic, Kris",29,24,0.2475,5.94,0.8797,0.7446,0.5669,0.3817,0.225,0.1155,1.14,1.34,1.76,2.62,4.44,8.66
657277,"Webb, Logan",79,26,0.2285,5.94,0.8767,0.7413,0.5648,0.3819,0.2272,0.1183,1.14,1.35,1.77,2.62,4.4,8.45
601713,"Pivetta, Nick",61,22,0.2689,5.92,0.8809,0.7447,0.5643,0.3764,0.2185,0.1095,1.14,1.34,1.77,2.66,4.58,9.13
594798,"deGrom, Jacob",47,22,0.2683,5.9,0.8799,0.7429,0.5621,0.3743,0.2168,0.1084,1.14,1.35,1.78,2.67,4.61,9.22
657006,"Steele, Justin",27,25,0.2337,5.84,0.869,0.7281,0.5476,0.364,0.212,0.1077,1.15,1.37,1.83,2.75,4.72,9.28
666200,"Luzardo, Jesús",58,23,0.2536,5.83,0.8714,0.7301,0.5476,0.3616,0.2081,0.1038,1.15,1.37,1.83,2.77,4.81,9.64
693433,"Woo, Bryan",66,24,0.2427,5.82,0.8687,0.7267,0.5448,0.3602,0.2081,0.1045,1.15,1.38,1.84,2.78,4.81,9.57
669022,"Gore, MacKenzie",75,23,0.252,5.8,0.8677,0.7242,0.5404,0.3547,0.2028,0.1004,1.15,1.38,1.85,2.82,4.93,9.96
680570,"Rodriguez, Grayson",26,24,0.2413,5.79,0.8655,0.7217,0.5387,0.3543,0.2035,0.1016,1.16,1.39,1.86,2.82,4.91,9.84
543135,"Eovaldi, Nathan",64,24,0.2396,5.75,0.8614,0.7152,0.5308,0.3469,0.1978,0.098,1.16,1.4,1.88,2.88,5.06,10.21
669203,"Burnes, Corbin",43,25,0.2301,5.75,0.8599,0.7137,0.5302,0.3474,0.1991,0.0995,1.16,1.4,1.89,2.88,5.02,10.06
656731,"Megill, Tylor",29,22,0.2615,5.75,0.8651,0.7191,0.5329,0.3462,0.1951,0.0948,1.16,1.39,1.88,2.89,5.13,10.55
624133,"Suarez, Ranger",65,25,0.2301,5.75,0.8601,0.714,0.5305,0.3477,0.1994,0.0996,1.16,1.4,1.88,2.88,5.02,10.04
650633,"King, Michael",59,23,0.2496,5.74,0.8621,0.7153,0.5297,0.3446,0.195,0.0955,1.16,1.4,1.89,2.9,5.13,10.47
669854,"Blanco, Ronel",38,24,0.2391,5.74,0.86,0.713,0.5282,0.3444,0.1959,0.0968,1.16,1.4,1.89,2.9,5.1,10.33
668909,"Williams, Gavin",60,23,0.2486,5.72,0.8597,0.7115,0.5252,0.3403,0.1918,0.0935,1.16,1.41,1.9,2.94,5.21,10.69
608331,"Fried, Max",70,25,0.2283,5.71,0.8553,0.7065,0.5217,0.3394,0.193,0.0956,1.17,1.42,1.92,2.95,5.18,10.46
683003,"Jones, Jared",25,23,0.2467,5.67,0.8552,0.7044,0.5168,0.3325,0.1859,0.0899,1.17,1.42,1.93,3.01,5.38,11.13
660271,"Ohtani, Shohei",20,21,0.2694,5.66,0.8575,0.7057,0.5155,0.3284,0.1805,0.085,1.17,1.42,1.94,3.05,5.54,11.76
666157,"Lodolo, Nick",55,24,0.2349,5.64,0.8495,0.6966,0.5089,0.3264,0.1823,0.0883,1.18,1.44,1.97,3.06,5.48,11.32
605400,"Nola, Aaron",64,24,0.2344,5.63,0.8483,0.6948,0.5068,0.3245,0.1809,0.0875,1.18,1.44,1.97,3.08,5.53,11.43
579328,"Kikuchi, Yusei",71,23,0.245,5.63,0.8508,0.6977,0.509,0.3253,0.1805,0.0866,1.18,1.43,1.96,3.07,5.54,11.55
641154,"López, Pablo",46,23,0.2438,5.61,0.8479,0.6932,0.5037,0.3204,0.1769,0.0844,1.18,1.44,1.99,3.12,5.65,11.85
669923,"Kirby, George",70,24,0.2335,5.61,0.8459,0.6912,0.5026,0.3206,0.1781,0.0857,1.18,1.45,1.99,3.12,5.62,11.66
664285,"Valdez, Framber",73,25,0.2239,5.6,0.8435,0.6884,0.5005,0.3198,0.1783,0.0865,1.19,1.45,2.0,3.13,5.61,11.57
592662,"Ray, Robbie",52,23,0.2431,5.59,0.8462,0.6906,0.5007,0.3177,0.1749,0.0832,1.18,1.45,2.0,3.15,5.72,12.02
681293,"Arrighetti, Spencer",45,23,0.2419,5.56,0.843,0.6857,0.495,0.3125,0.1712,0.0809,1.19,1.46,2.02,3.2,5.84,12.35
686218,"Sheehan, Emmet",26,21,0.265,5.56,0.8472,0.6898,0.4968,0.3114,0.1681,0.0777,1.18,1.45,2.01,3.21,5.95,12.87
684007,"Imanaga, Shota",68,24,0.2311,5.55,0.8394,0.6813,0.4913,0.3103,0.1705,0.0811,1.19,1.47,2.04,3.22,5.87,12.32
625643,"López, Reynaldo",29,23,0.2407,5.54,0.8399,0.6811,0.4898,0.3078,0.1677,0.0789,1.19,1.47,2.04,3.25,5.96,12.68
592332,"Gausman, Kevin",77,24,0.2307,5.54,0.8383,0.6797,0.4894,0.3086,0.1692,0.0804,1.19,1.47,2.04,3.24,5.91,12.44
800048,"Messick, Parker",21,23,0.241,5.54,0.8407,0.6823,0.4911,0.309,0.1686,0.0794,1.19,1.47,2.04,3.24,5.93,12.59
680694,"Bradish, Kyle",28,21,0.2631,5.52,0.8426,0.6828,0.4889,0.3042,0.1629,0.0747,1.19,1.46,2.05,3.29,6.14,13.39
676440,"Bibee, Tanner",77,24,0.2299,5.52,0.8359,0.6761,0.4853,0.305,0.1666,0.0788,1.2,1.48,2.06,3.28,6.0,12.69
687888,"Walter, Brandon",9,23,0.2393,5.5,0.8363,0.6756,0.4835,0.3022,0.1637,0.0765,1.2,1.48,2.07,3.31,6.11,13.07
643377,"Jax, Griffin",6,19,0.2889,5.49,0.8434,0.6811,0.4832,0.2957,0.1542,0.068,1.19,1.47,2.07,3.38,6.48,14.71
671737,"Bradley, Taj",65,23,0.2386,5.49,0.8342,0.6725,0.48,0.2991,0.1614,0.0752,1.2,1.49,2.08,3.34,6.19,13.3
543037,"Cole, Gerrit",21,23,0.2373,5.46,0.8308,0.6675,0.4744,0.2941,0.1579,0.0731,1.2,1.5,2.11,3.4,6.33,13.68
686752,"Pepiot, Ryan",56,22,0.2474,5.44,0.8308,0.6664,0.4718,0.2906,0.1544,0.0705,1.2,1.5,2.12,3.44,6.48,14.19
622491,"Castillo, Luis",75,24,0.2268,5.44,0.8272,0.6632,0.4707,0.2921,0.1573,0.0733,1.21,1.51,2.12,3.42,6.36,13.64
656492,"Griffin, Foster",14,24,0.2252,5.4,0.8226,0.6564,0.4633,0.2855,0.1527,0.0706,1.22,1.52,2.16,3.5,6.55,14.16
669456,"Bieber, Shane",9,22,0.2457,5.4,0.8261,0.6595,0.4641,0.2839,0.1497,0.0678,1.21,1.52,2.15,3.52,6.68,14.76
605540,"Woodruff, Brandon",17,21,0.2571,5.4,0.8274,0.6602,0.4634,0.2818,0.1472,0.0657,1.21,1.51,2.16,3.55,6.79,15.22
700712,"Ureña, Walbert",10,24,0.2246,5.39,0.8209,0.654,0.4606,0.2832,0.151,0.0697,1.22,1.53,2.17,3.53,6.62,14.36
691587,"Pérez, Eury",31,21,0.2566,5.39,0.8262,0.6583,0.4614,0.2801,0.146,0.065,1.21,1.52,2.17,3.57,6.85,15.38
656550,"Holmes, Grant",43,23,0.234,5.38,0.8214,0.6537,0.459,0.2807,0.1484,0.0676,1.22,1.53,2.18,3.56,6.74,14.79
675911,"Strider, Spencer",33,22,0.2437,5.36,0.8207,0.6516,0.4555,0.2764,0.1445,0.0648,1.22,1.53,2.2,3.62,6.92,15.43
801139,"Tolle, Payton",12,22,0.2439,5.36,0.8212,0.6523,0.4562,0.277,0.1449,0.0651,1.22,1.53,2.19,3.61,6.9,15.37
676974,"Meyer, Max",38,23,0.2325,5.35,0.817,0.6473,0.4521,0.2747,0.1443,0.0653,1.22,1.54,2.21,3.64,6.93,15.32
665795,"Cabrera, Edward",58,22,0.2428,5.34,0.8182,0.648,0.4515,0.273,0.1421,0.0635,1.22,1.54,2.21,3.66,7.03,15.75
676477,"Whitlock, Garrett",4,20,0.267,5.34,0.8225,0.6516,0.4522,0.2707,0.1384,0.0601,1.22,1.53,2.21,3.69,7.22,16.64
450203,"Morton, Charlie",60,23,0.2313,5.32,0.8137,0.6426,0.447,0.2704,0.1413,0.0636,1.23,1.56,2.24,3.7,7.08,15.73
677960,"Weathers, Ryan",36,23,0.2307,5.31,0.8118,0.64,0.4441,0.2679,0.1396,0.0626,1.23,1.56,2.25,3.73,7.16,15.97
676962,"Brown, Ben",41,21,0.2529,5.31,0.8163,0.6439,0.4456,0.2666,0.1368,0.0599,1.23,1.55,2.24,3.75,7.31,16.7
686790,"McDonald, Trevor",10,24,0.2213,5.31,0.8109,0.6396,0.4449,0.2697,0.1416,0.0642,1.23,1.56,2.25,3.71,7.06,15.56
690986,"Harrison, Kyle",44,22,0.2408,5.3,0.8125,0.6398,0.4427,0.2655,0.137,0.0606,1.23,1.56,2.26,3.77,7.3,16.49
657376,"Schmidt, Clarke",30,22,0.2403,5.29,0.811,0.6377,0.4404,0.2635,0.1357,0.0599,1.23,1.57,2.27,3.79,7.37,16.69
640462,"Puk, A.J.",4,20,0.263,5.26,0.8119,0.6363,0.4357,0.2568,0.1291,0.0551,1.23,1.57,2.3,3.89,7.75,18.16
607625,"Lugo, Seth",72,25,0.2101,5.25,0.8018,0.6277,0.4332,0.2607,0.1362,0.0616,1.25,1.59,2.31,3.84,7.34,16.23
676710,"Crawford, Kutter",32,23,0.2283,5.25,0.8047,0.6299,0.4333,0.2588,0.1334,0.0591,1.24,1.59,2.31,3.86,7.5,16.91
647336,"Soroka, Michael",46,22,0.2384,5.25,0.8057,0.6301,0.4322,0.2567,0.1311,0.0574,1.24,1.59,2.31,3.9,7.63,17.43
682243,"Miller, Bryce",55,23,0.2283,5.25,0.8047,0.6299,0.4333,0.2588,0.1334,0.0591,1.24,1.59,2.31,3.86,7.5,16.91
701542,"Warren, Will",51,22,0.238,5.24,0.8043,0.6282,0.4302,0.255,0.13,0.0567,1.24,1.59,2.32,3.92,7.7,17.62
674003,"Bradford, Cody",14,23,0.2272,5.22,0.8011,0.6248,0.4279,0.2543,0.1303,0.0575,1.25,1.6,2.34,3.93,7.67,17.41
665152,"Kremer, Dean",55,24,0.2167,5.2,0.7962,0.6191,0.423,0.2513,0.1291,0.0572,1.26,1.62,2.36,3.98,7.75,17.48
669160,"May, Dustin",38,24,0.2161,5.19,0.7942,0.6162,0.4201,0.2488,0.1274,0.0563,1.26,1.62,2.38,4.02,7.85,17.76
668678,"Gallen, Zac",74,24,0.2161,5.19,0.7943,0.6165,0.4203,0.249,0.1276,0.0564,1.26,1.62,2.38,4.02,7.84,17.74
640455,"Manaea, Sean",56,21,0.2473,5.19,0.8006,0.6218,0.422,0.2469,0.1236,0.0528,1.25,1.61,2.37,4.05,8.09,18.95
605397,"Musgrove, Joe",19,22,0.2358,5.19,0.7977,0.6189,0.4204,0.2469,0.1246,0.0538,1.25,1.62,2.38,4.05,8.03,18.58
669358,"Baz, Shane",59,23,0.2247,5.17,0.7934,0.6142,0.4167,0.245,0.1242,0.0541,1.26,1.63,2.4,4.08,8.05,18.49
694297,"Pfaadt, Brandon",70,24,0.2148,5.16,0.7899,0.6104,0.414,0.2438,0.1241,0.0545,1.27,1.64,2.42,4.1,8.06,18.36
813349,"Early, Connelly",18,22,0.2344,5.16,0.7937,0.6134,0.4147,0.2422,0.1215,0.0522,1.26,1.63,2.41,4.13,8.23,19.17
686973,"Varland, Louis",9,21,0.2448,5.14,0.7934,0.6118,0.4115,0.2384,0.1181,0.0498,1.26,1.63,2.43,4.2,8.47,20.07
687792,"Herz, DJ",19,20,0.2572,5.14,0.7958,0.6137,0.4119,0.2372,0.1163,0.0483,1.26,1.63,2.43,4.22,8.6,20.69
683004,"Leiter, Jack",52,23,0.2234,5.14,0.789,0.6081,0.4105,0.2399,0.1208,0.0523,1.27,1.64,2.44,4.17,8.28,19.14
676130,"Buttó, José",9,22,0.2333,5.13,0.79,0.6084,0.4094,0.238,0.1187,0.0507,1.27,1.64,2.44,4.2,8.42,19.73
663776,"Sandoval, Patrick",15,23,0.2232,5.13,0.7886,0.6076,0.4099,0.2395,0.1205,0.0521,1.27,1.65,2.44,4.18,8.3,19.2
676282,"Cantillo, Joey",37,21,0.2445,5.13,0.7924,0.6104,0.4101,0.2372,0.1173,0.0494,1.26,1.64,2.44,4.22,8.52,20.23
805673,"Matthews, Zebby",31,22,0.2323,5.11,0.7871,0.6043,0.4053,0.2346,0.1165,0.0495,1.27,1.65,2.47,4.26,8.58,20.2
677952,"Ashcraft, Braxton",25,21,0.2431,5.1,0.7881,0.6044,0.4039,0.2323,0.1141,0.0478,1.27,1.65,2.48,4.31,8.76,20.94
605135,"Bassitt, Chris",74,24,0.2121,5.09,0.7805,0.5977,0.4009,0.2331,0.117,0.0507,1.28,1.67,2.49,4.29,8.54,19.74
571510,"Boyd, Matthew",44,22,0.2312,5.09,0.7835,0.5994,0.4002,0.2305,0.1139,0.0481,1.28,1.67,2.5,4.34,8.78,20.78
641927,"Ober, Bailey",70,23,0.221,5.08,0.7812,0.5975,0.3996,0.2311,0.115,0.0492,1.28,1.67,2.5,4.33,8.69,20.34
681343,"Smith, Shane",30,22,0.2309,5.08,0.7826,0.5983,0.3991,0.2296,0.1133,0.0478,1.28,1.67,2.51,4.35,8.83,20.91
673540,"Senga, Kodai",28,22,0.2305,5.07,0.7814,0.5967,0.3974,0.2283,0.1124,0.0474,1.28,1.68,2.52,4.38,8.89,21.11
656557,"Houck, Tanner",39,25,0.2025,5.06,0.7753,0.5916,0.3957,0.2299,0.1155,0.0502,1.29,1.69,2.53,4.35,8.66,19.92
667755,"Soriano, José",67,23,0.2196,5.05,0.7764,0.5911,0.393,0.2259,0.1116,0.0474,1.29,1.69,2.54,4.43,8.96,21.1
668933,"Ashcraft, Graham",15,24,0.2106,5.05,0.7755,0.591,0.394,0.2276,0.1134,0.0487,1.29,1.69,2.54,4.39,8.81,20.52
680732,"Burke, Sean",46,22,0.229,5.04,0.7763,0.5898,0.3904,0.2227,0.1089,0.0455,1.29,1.7,2.56,4.49,9.18,21.97
669713,"Wesneski, Hayden",15,22,0.2288,5.03,0.7758,0.5892,0.3898,0.2222,0.1086,0.0453,1.29,1.7,2.57,4.5,9.21,22.05
687570,"Prielipp, Connor",10,22,0.2284,5.03,0.7746,0.5876,0.3882,0.221,0.1078,0.0449,1.29,1.7,2.58,4.53,9.28,22.26
682847,"Ortiz, Luis",37,23,0.2179,5.01,0.7709,0.5838,0.3857,0.22,0.1079,0.0454,1.3,1.71,2.59,4.54,9.27,22.01
694738,"Roupp, Landen",43,22,0.2272,5.0,0.7704,0.5819,0.3826,0.2165,0.105,0.0435,1.3,1.72,2.61,4.62,9.53,23.0
661563,"Gil, Luis",44,22,0.2273,5.0,0.7707,0.5824,0.383,0.2169,0.1052,0.0436,1.3,1.72,2.61,4.61,9.51,22.94
656876,"Rasmussen, Drew",42,21,0.2382,5.0,0.7731,0.5843,0.3835,0.2161,0.1039,0.0425,1.29,1.71,2.61,4.63,9.63,23.54
663903,"Singer, Brady",77,23,0.217,4.99,0.7676,0.5794,0.3813,0.2165,0.1057,0.0443,1.3,1.73,2.62,4.62,9.46,22.59
502043,"Gibson, Kyle",33,24,0.2079,4.99,0.7658,0.5782,0.3811,0.2174,0.1069,0.0453,1.31,1.73,2.62,4.6,9.36,22.1
593423,"Montas, Frankie",37,23,0.2167,4.98,0.7666,0.5781,0.38,0.2155,0.1051,0.0439,1.3,1.73,2.63,4.64,9.52,22.76
663556,"McClanahan, Shane",13,21,0.2358,4.95,0.7652,0.5739,0.3732,0.2081,0.0989,0.04,1.31,1.74,2.68,4.81,10.11,25.03
656605,"Keller, Mitch",77,24,0.2049,4.92,0.7547,0.5637,0.3668,0.2062,0.0998,0.0416,1.33,1.77,2.73,4.85,10.02,24.04
622663,"Severino, Luis",71,24,0.2044,4.91,0.753,0.5615,0.3647,0.2046,0.0988,0.0411,1.33,1.78,2.74,4.89,10.12,24.35
518876,"Kelly, Merrill",56,24,0.2046,4.91,0.7537,0.5624,0.3656,0.2053,0.0992,0.0413,1.33,1.78,2.74,4.87,10.08,24.23
702070,"Cameron, Noah",37,23,0.2129,4.9,0.753,0.5604,0.3626,0.2021,0.0966,0.0396,1.33,1.78,2.76,4.95,10.35,25.24
679525,"Marsh, Alec",25,22,0.2227,4.9,0.7552,0.5621,0.363,0.2014,0.0955,0.0387,1.32,1.78,2.75,4.97,10.47,25.84
593958,"Rodriguez, Eduardo",53,24,0.2038,4.89,0.7508,0.5587,0.3619,0.2025,0.0975,0.0404,1.33,1.79,2.76,4.94,10.26,24.76
806185,"Birdsong, Hayden",27,20,0.2438,4.88,0.7556,0.5599,0.358,0.1952,0.0902,0.0352,1.32,1.79,2.79,5.12,11.08,28.38
663554,"Mize, Casey",56,23,0.2123,4.88,0.7509,0.5577,0.3599,0.2,0.0954,0.039,1.33,1.79,2.78,5.0,10.48,25.65
665622,"Medina, Luis",9,23,0.2123,4.88,0.751,0.5578,0.36,0.2001,0.0954,0.039,1.33,1.79,2.78,5.0,10.48,25.64
701581,"Festa, David",25,20,0.2442,4.88,0.7567,0.5613,0.3593,0.1962,0.0908,0.0355,1.32,1.78,2.78,5.1,11.01,28.15
676917,"Cavalli, Cade",25,22,0.2213,4.87,0.7505,0.5561,0.3571,0.1969,0.0928,0.0373,1.33,1.8,2.8,5.08,10.78,26.79
663362,"Waldron, Matt",33,23,0.2119,4.87,0.7494,0.5558,0.3581,0.1986,0.0945,0.0385,1.33,1.8,2.79,5.04,10.58,25.95
681857,"Olson, Reese",34,22,0.2214,4.87,0.7506,0.5562,0.3573,0.197,0.0929,0.0374,1.33,1.8,2.8,5.08,10.77,26.76
693821,"Elder, Bryce",53,24,0.2015,4.84,0.7422,0.5477,0.3513,0.1944,0.0925,0.0378,1.35,1.83,2.85,5.14,10.81,26.42
669372,"Ginn, J.T.",36,21,0.2304,4.84,0.7473,0.5507,0.3506,0.1909,0.0885,0.0348,1.34,1.82,2.85,5.24,11.3,28.73
656849,"Peterson, David",64,24,0.2017,4.84,0.7428,0.5485,0.3521,0.195,0.0929,0.038,1.35,1.82,2.84,5.13,10.77,26.3
694462,"Waldrep, Hurston",12,22,0.22,4.84,0.7459,0.5502,0.3514,0.1926,0.0902,0.036,1.34,1.82,2.85,5.19,11.09,27.75
645261,"Alcantara, Sandy",46,25,0.1927,4.82,0.7376,0.5429,0.3478,0.1925,0.0918,0.0378,1.36,1.84,2.88,5.2,10.89,26.46
671212,"Boyle, Joe",24,20,0.2403,4.81,0.7441,0.5453,0.344,0.1848,0.084,0.0323,1.34,1.83,2.91,5.41,11.9,31.0
641816,"Mahle, Tyler",29,23,0.2091,4.81,0.7393,0.543,0.3458,0.1893,0.0889,0.0357,1.35,1.84,2.89,5.28,11.25,28.0
621121,"McCullers Jr., Lance",21,21,0.229,4.81,0.7424,0.5446,0.3448,0.1866,0.0859,0.0335,1.35,1.84,2.9,5.36,11.65,29.81
696149,"Chandler, Bubba",21,21,0.2288,4.8,0.7418,0.5437,0.344,0.186,0.0855,0.0334,1.35,1.84,2.91,5.38,11.69,29.96
621244,"Berríos, José",62,24,0.2001,4.8,0.7365,0.5406,0.3446,0.1893,0.0894,0.0363,1.36,1.85,2.9,5.28,11.19,27.56
641482,"Cortes, Nestor",39,22,0.2182,4.8,0.7395,0.5421,0.3438,0.1869,0.0868,0.0343,1.35,1.84,2.91,5.35,11.53,29.11
682052,"Lopez, Jacob",31,21,0.2284,4.8,0.7404,0.542,0.3423,0.1848,0.0848,0.033,1.35,1.84,2.92,5.41,11.79,30.27
663372,"Feltner, Ryan",41,24,0.1997,4.79,0.7348,0.5385,0.3426,0.1878,0.0885,0.0358,1.36,1.86,2.92,5.33,11.3,27.91
808963,"Sasaki, Roki",20,22,0.2173,4.78,0.7359,0.5377,0.3395,0.1837,0.0849,0.0334,1.36,1.86,2.95,5.44,11.78,29.91
700249,"Povich, Cade",41,22,0.2174,4.78,0.7366,0.5385,0.3403,0.1843,0.0852,0.0336,1.36,1.86,2.94,5.43,11.73,29.76
694813,"Stone, Gavin",25,23,0.2074,4.77,0.7326,0.5347,0.3379,0.1835,0.0853,0.034,1.36,1.87,2.96,5.45,11.72,29.43
458681,"Lynn, Lance",23,22,0.2165,4.76,0.7329,0.534,0.3361,0.1812,0.0834,0.0327,1.36,1.87,2.98,5.52,12.0,30.59
608379,"Wacha, Michael",74,24,0.1978,4.75,0.7274,0.5293,0.3339,0.1813,0.0846,0.0339,1.37,1.89,2.99,5.51,11.82,29.5
681035,"Scott, Christian",17,21,0.2263,4.75,0.7332,0.533,0.3339,0.1785,0.0811,0.0313,1.36,1.88,3.0,5.6,12.32,31.96
663436,"Martin, Davis",50,23,0.2065,4.75,0.7294,0.5307,0.3342,0.1807,0.0837,0.0332,1.37,1.88,2.99,5.53,11.95,30.15
663474,"McKenzie, Triston",16,22,0.2161,4.75,0.7318,0.5325,0.3347,0.1802,0.0828,0.0324,1.37,1.88,2.99,5.55,12.08,30.86
605280,"Holmes, Clay",41,23,0.2062,4.74,0.728,0.5289,0.3325,0.1795,0.0829,0.0328,1.37,1.89,3.01,5.57,12.06,30.48
621107,"Eflin, Zach",42,24,0.1966,4.72,0.7225,0.5233,0.3283,0.1772,0.0821,0.0327,1.38,1.91,3.05,5.64,12.18,30.6
676272,"Miller, Bobby",13,22,0.2141,4.71,0.7242,0.5232,0.326,0.1738,0.079,0.0306,1.38,1.91,3.07,5.75,12.65,32.66
547179,"Lorenzen, Michael",62,24,0.1961,4.71,0.7206,0.521,0.3261,0.1756,0.0812,0.0322,1.39,1.92,3.07,5.69,12.32,31.03
592791,"Taillon, Jameson",63,24,0.1957,4.7,0.7187,0.5187,0.324,0.174,0.0803,0.0318,1.39,1.93,3.09,5.75,12.46,31.47
676775,"Winn, Keaton",11,22,0.2138,4.7,0.7231,0.5219,0.3248,0.1729,0.0785,0.0304,1.38,1.92,3.08,5.78,12.74,32.92
670102,"Francis, Bowden",30,22,0.2134,4.7,0.7217,0.5201,0.3232,0.1718,0.0778,0.0301,1.39,1.92,3.09,5.82,12.85,33.28
669330,"Wells, Tyler",7,21,0.2234,4.69,0.7227,0.5201,0.3219,0.1698,0.0761,0.0289,1.38,1.92,3.11,5.89,13.14,34.6
669194,"Nelson, Ryne",67,23,0.2037,4.68,0.7182,0.517,0.3215,0.1714,0.0782,0.0305,1.39,1.93,3.11,5.83,12.79,32.77
664192,"Lucchesi, Joey",2,23,0.2031,4.67,0.716,0.5143,0.3189,0.1696,0.0771,0.03,1.4,1.94,3.14,5.9,12.97,33.33
700363,"Smith-Shawver, AJ",9,21,0.2224,4.67,0.7192,0.5158,0.3179,0.167,0.0745,0.0281,1.39,1.94,3.15,5.99,13.43,35.53
678394,"Bello, Brayan",71,24,0.1945,4.67,0.714,0.5129,0.3187,0.1702,0.078,0.0307,1.4,1.95,3.14,5.88,12.82,32.6
669920,"Alexander, Jason",18,23,0.202,4.65,0.7117,0.5091,0.3142,0.1662,0.0752,0.0291,1.41,1.96,3.18,6.02,13.3,34.4
434378,"Verlander, Justin",47,23,0.202,4.65,0.7117,0.5091,0.3142,0.1662,0.0751,0.0291,1.41,1.96,3.18,6.02,13.31,34.41
605513,"Turnbull, Spencer",10,20,0.2322,4.64,0.7163,0.5109,0.312,0.1617,0.0708,0.0261,1.4,1.96,3.2,6.18,14.13,38.3
671096,"Abbott, Andrew",69,23,0.2014,4.63,0.7093,0.5063,0.3117,0.1643,0.0741,0.0286,1.41,1.98,3.21,6.08,13.5,35.01
702056,"Yesavage, Trey",12,20,0.2312,4.62,0.7128,0.5066,0.3082,0.159,0.0693,0.0254,1.4,1.97,3.24,6.29,14.43,39.32
801403,"Dollander, Chase",29,22,0.2096,4.61,0.707,0.5024,0.307,0.1602,0.0712,0.0269,1.41,1.99,3.26,6.24,14.05,37.14
693855,"Seymour, Ian",11,19,0.2419,4.6,0.7099,0.5016,0.3021,0.1536,0.0655,0.0234,1.41,1.99,3.31,6.51,15.26,42.73
687075,"Sproat, Brandon",17,21,0.2183,4.59,0.704,0.4975,0.3014,0.1553,0.0679,0.0251,1.42,2.01,3.32,6.44,14.74,39.83
694477,"Patrick, Chad",33,20,0.2297,4.59,0.7074,0.5002,0.3024,0.155,0.067,0.0244,1.41,2.0,3.31,6.45,14.92,40.95
608337,"Giolito, Lucas",31,23,0.1996,4.59,0.7018,0.4973,0.3036,0.1586,0.0708,0.027,1.42,2.01,3.29,6.31,14.13,37.02
506433,"Darvish, Yu",31,20,0.2291,4.58,0.7053,0.4976,0.3001,0.1534,0.0662,0.024,1.42,2.01,3.33,6.52,15.12,41.62
690990,"Horton, Cade",23,22,0.2077,4.57,0.6995,0.4934,0.299,0.1545,0.068,0.0255,1.43,2.03,3.34,6.47,14.71,39.29
641745,"Keller, Brad",6,20,0.2281,4.56,0.7016,0.4933,0.2963,0.1507,0.0647,0.0234,1.43,2.03,3.38,6.63,15.46,42.78
605488,"Springs, Jeffrey",54,22,0.2074,4.56,0.6984,0.4921,0.2978,0.1537,0.0675,0.0252,1.43,2.03,3.36,6.5,14.81,39.61
669432,"Rogers, Trevor",55,23,0.1979,4.55,0.6949,0.4892,0.2963,0.1535,0.0679,0.0257,1.44,2.04,3.38,6.52,14.73,38.98
690953,"Abel, Mick",14,20,0.2275,4.55,0.6995,0.4908,0.2941,0.1492,0.0639,0.023,1.43,2.04,3.4,6.7,15.66,43.47
680736,"Wrobleski, Justin",29,22,0.2066,4.54,0.695,0.4882,0.2943,0.1513,0.0662,0.0246,1.44,2.05,3.4,6.61,15.11,40.61
681347,"Burrows, Mike",35,21,0.2157,4.53,0.694,0.4858,0.291,0.1481,0.0639,0.0233,1.44,2.06,3.44,6.75,15.66,42.91
650644,"Civale, Aaron",60,22,0.2051,4.51,0.6889,0.4811,0.2881,0.147,0.0638,0.0235,1.45,2.08,3.47,6.8,15.68,42.49
453286,"Scherzer, Max",29,21,0.2147,4.51,0.6899,0.481,0.2868,0.1452,0.0623,0.0226,1.45,2.08,3.49,6.89,16.06,44.24
542881,"Anderson, Tyler",57,24,0.188,4.51,0.6864,0.4803,0.2894,0.1494,0.0661,0.025,1.46,2.08,3.46,6.69,15.14,39.95
571760,"Heaney, Andrew",54,22,0.2046,4.5,0.6869,0.4787,0.286,0.1455,0.063,0.0232,1.46,2.09,3.5,6.87,15.88,43.15
686701,"Bergert, Ryan",15,20,0.224,4.48,0.6865,0.4756,0.2808,0.1402,0.059,0.0209,1.46,2.1,3.56,7.13,16.96,47.93
663687,"Harris, Hogan",15,20,0.2234,4.47,0.6841,0.4728,0.2784,0.1385,0.0581,0.0205,1.46,2.11,3.59,7.22,17.21,48.8
663623,"Irvin, Jake",77,23,0.1941,4.46,0.6786,0.4703,0.2797,0.142,0.0615,0.0227,1.47,2.13,3.58,7.04,16.25,43.96
678022,"Perkins, Jack",9,19,0.2349,4.46,0.685,0.4723,0.2764,0.1362,0.0562,0.0194,1.46,2.12,3.62,7.34,17.79,51.6
669461,"Liberatore, Matthew",50,22,0.2027,4.46,0.679,0.4697,0.2781,0.1402,0.0601,0.0219,1.47,2.13,3.6,7.13,16.65,45.73
681517,"Leahy, Kyle",15,22,0.2022,4.45,0.677,0.4674,0.2762,0.1389,0.0593,0.0215,1.48,2.14,3.62,7.2,16.85,46.41
676664,"Sears, JP",59,23,0.1932,4.44,0.6749,0.4661,0.276,0.1395,0.0602,0.0221,1.48,2.15,3.62,7.17,16.62,45.19
663568,"Kolek, Stephen",27,24,0.1851,4.44,0.6736,0.4656,0.2766,0.1406,0.0611,0.0228,1.48,2.15,3.62,7.11,16.35,43.9
684320,"Rodríguez, Yariel",18,20,0.2221,4.44,0.6792,0.4672,0.2735,0.1353,0.0564,0.0197,1.47,2.14,3.66,7.39,17.74,50.63
806960,"Morales, Luis",12,21,0.2105,4.42,0.6732,0.4618,0.2702,0.134,0.0562,0.02,1.49,2.17,3.7,7.46,17.78,50.11
696136,"Wicks, Jordan",14,21,0.2104,4.42,0.6731,0.4617,0.2701,0.134,0.0562,0.0199,1.49,2.17,3.7,7.46,17.79,50.14
677944,"Cecconi, Slade",52,22,0.2006,4.41,0.6703,0.4598,0.2697,0.1345,0.057,0.0205,1.49,2.17,3.71,7.44,17.55,48.78
607067,"Rea, Colin",75,23,0.1917,4.41,0.6683,0.4586,0.2697,0.1352,0.0578,0.0211,1.5,2.18,3.71,7.4,17.3,47.44
689017,"Knack, Landon",24,19,0.2312,4.39,0.6716,0.4571,0.2635,0.1277,0.0518,0.0175,1.49,2.19,3.79,7.83,19.32,57.06
656288,"Canning, Griffin",55,22,0.1996,4.39,0.6664,0.4553,0.2659,0.1319,0.0556,0.0199,1.5,2.2,3.76,7.58,17.98,50.23
691951,"Aldegheri, Sam",9,22,0.1988,4.37,0.663,0.4515,0.2626,0.1298,0.0545,0.0194,1.51,2.21,3.81,7.7,18.36,51.52
675512,"Melton, Troy",10,22,0.1987,4.37,0.6626,0.4512,0.2623,0.1296,0.0544,0.0194,1.51,2.22,3.81,7.72,18.4,51.64
682610,"Muñoz, Roddery",18,21,0.2074,4.36,0.6609,0.448,0.2585,0.1263,0.0522,0.0182,1.51,2.23,3.87,7.92,19.17,54.94
687473,"Gusto, Ryan",20,20,0.2176,4.35,0.6618,0.4476,0.257,0.1244,0.0507,0.0173,1.51,2.23,3.89,8.04,19.73,57.67
682990,"Priester, Quinn",38,22,0.1977,4.35,0.6583,0.4463,0.2582,0.1269,0.0529,0.0187,1.52,2.24,3.87,7.88,18.89,53.34
669947,"Scholtens, Jesse",10,20,0.2171,4.34,0.6597,0.4452,0.255,0.1231,0.05,0.0171,1.52,2.25,3.92,8.12,20.0,58.6
607536,"Freeland, Kyle",62,24,0.181,4.34,0.6548,0.4446,0.2587,0.1285,0.0546,0.0198,1.53,2.25,3.87,7.78,18.32,50.42
695076,"Lowder, Rhett",16,22,0.1973,4.34,0.6566,0.4445,0.2567,0.1259,0.0524,0.0185,1.52,2.25,3.9,7.94,19.08,53.99
671106,"Allen, Logan",50,23,0.1883,4.33,0.6533,0.4419,0.2555,0.1258,0.0528,0.0189,1.53,2.26,3.91,7.95,18.95,53.01
686563,"Cannon, Jonathan",43,23,0.1884,4.33,0.6539,0.4425,0.2561,0.1262,0.053,0.0189,1.53,2.26,3.91,7.92,18.88,52.78
621112,"Blackburn, Paul",20,22,0.1967,4.33,0.654,0.4416,0.2543,0.1243,0.0516,0.0182,1.53,2.26,3.93,8.04,19.39,55.05
641793,"Littell, Zack",74,23,0.1879,4.32,0.6515,0.4399,0.2539,0.1248,0.0522,0.0186,1.53,2.27,3.94,8.02,19.16,53.71
527048,"Pérez, Martín",49,22,0.1958,4.31,0.6499,0.4371,0.2505,0.1219,0.0503,0.0176,1.54,2.29,3.99,8.21,19.89,56.78
641778,"Lauer, Eric",31,20,0.2154,4.31,0.6529,0.4378,0.2488,0.1192,0.048,0.0162,1.53,2.28,4.02,8.39,20.84,61.64
686730,"Spiers, Carson",23,21,0.2048,4.3,0.6501,0.4361,0.2486,0.1199,0.0488,0.0168,1.54,2.29,4.02,8.34,20.48,59.53
672782,"Gómez, Yoendrys",15,20,0.2149,4.3,0.651,0.4357,0.2471,0.1181,0.0474,0.016,1.54,2.3,4.05,8.47,21.09,62.53
656794,"Newcomb, Sean",11,19,0.2265,4.3,0.6537,0.4371,0.2469,0.117,0.0463,0.0153,1.53,2.29,4.05,8.55,21.59,65.34
677958,"Rocker, Kumar",30,21,0.2041,4.29,0.647,0.4326,0.2458,0.1181,0.0479,0.0164,1.55,2.31,4.07,8.47,20.88,60.95
687064,"Young, Brandon",22,22,0.1943,4.27,0.6432,0.4298,0.2445,0.118,0.0483,0.0168,1.55,2.33,4.09,8.47,20.71,59.66
676467,"Gordon, Colton",21,21,0.2031,4.27,0.6429,0.4283,0.2422,0.1158,0.0467,0.0159,1.56,2.33,4.13,8.64,21.4,62.8
676106,"Hancock, Emerson",41,22,0.1933,4.25,0.6388,0.425,0.2407,0.1155,0.047,0.0162,1.57,2.35,4.16,8.66,21.28,61.64
641771,"Kuhl, Chad",6,19,0.2236,4.25,0.6428,0.4252,0.2373,0.1109,0.0433,0.0141,1.56,2.35,4.21,9.02,23.09,70.92
688138,"Evans, Logan",16,22,0.1933,4.25,0.6389,0.4251,0.2407,0.1156,0.047,0.0162,1.57,2.35,4.15,8.65,21.26,61.59
695549,"Jobe, Jackson",11,21,0.2019,4.24,0.6378,0.4228,0.2378,0.113,0.0453,0.0153,1.57,2.37,4.21,8.85,22.08,65.24
594902,"Lively, Ben",37,22,0.1923,4.23,0.6345,0.4203,0.2368,0.1131,0.0458,0.0157,1.58,2.38,4.22,8.84,21.85,63.68
664299,"Javier, Cristian",17,21,0.2009,4.22,0.6337,0.4183,0.2342,0.1107,0.0441,0.0149,1.58,2.39,4.27,9.04,22.66,67.31
665871,"Assad, Javier",43,22,0.1913,4.21,0.6302,0.4158,0.2332,0.1108,0.0446,0.0152,1.59,2.4,4.29,9.03,22.43,65.71
668964,"Myers, Tobias",34,20,0.2103,4.21,0.6324,0.4156,0.2308,0.1078,0.0423,0.0139,1.58,2.41,4.33,9.28,23.66,71.91
607259,"Martinez, Nick",59,23,0.183,4.21,0.6288,0.4154,0.2338,0.1118,0.0454,0.0157,1.59,2.41,4.28,8.95,22.0,63.55
663855,"Hicks, Jordan",29,21,0.1998,4.2,0.6288,0.4131,0.23,0.1081,0.0428,0.0143,1.59,2.42,4.35,9.25,23.35,69.81
691725,"Painter, Andrew",13,21,0.1993,4.19,0.6266,0.4108,0.2281,0.1069,0.0423,0.0141,1.6,2.43,4.38,9.35,23.67,70.97
680730,"Parker, Mitchell",62,23,0.1816,4.18,0.6222,0.4084,0.2282,0.1083,0.0437,0.015,1.61,2.45,4.38,9.24,22.91,66.73
641743,"Kay, Anthony",14,22,0.1895,4.17,0.6218,0.4069,0.2261,0.1063,0.0423,0.0143,1.61,2.46,4.42,9.41,23.62,69.99
685299,"Gordon, Tanner",30,21,0.1988,4.17,0.6243,0.4084,0.2262,0.1057,0.0417,0.0139,1.6,2.45,4.42,9.46,24.0,72.2
690928,"Dobbins, Hunter",16,20,0.208,4.16,0.6227,0.4053,0.2227,0.1028,0.0398,0.0129,1.61,2.47,4.49,9.73,25.13,77.36
641540,"Dunning, Dane",22,19,0.2191,4.16,0.6249,0.4062,0.2221,0.1016,0.0388,0.0123,1.6,2.46,4.5,9.85,25.8,81.15
674370,"Bido, Osvaldo",30,20,0.2077,4.15,0.6214,0.404,0.2217,0.1022,0.0395,0.0128,1.61,2.48,4.51,9.79,25.32,78.07
571578,"Corbin, Patrick",75,22,0.188,4.14,0.6151,0.3999,0.2205,0.1029,0.0406,0.0136,1.63,2.5,4.53,9.72,24.62,73.57
688107,"Gasser, Robert",11,21,0.1965,4.13,0.6143,0.3979,0.218,0.1007,0.0392,0.0129,1.63,2.51,4.59,9.94,25.53,77.81
669467,"Pallante, Andre",65,23,0.1797,4.13,0.6135,0.3993,0.2209,0.1037,0.0414,0.014,1.63,2.5,4.53,9.64,24.18,71.23
621111,"Buehler, Walker",54,22,0.1875,4.12,0.6128,0.3975,0.2187,0.1017,0.0401,0.0134,1.63,2.52,4.57,9.83,24.97,74.83
573186,"Stroman, Marcus",38,23,0.1787,4.11,0.6089,0.3945,0.2172,0.1014,0.0402,0.0136,1.64,2.54,4.61,9.86,24.88,73.73
592351,"Gray, Jon",21,20,0.2056,4.11,0.6127,0.3949,0.2146,0.0978,0.0374,0.012,1.63,2.53,4.66,10.22,26.73,83.39
628317,"Maeda, Kenta",23,20,0.2057,4.11,0.6132,0.3955,0.215,0.0981,0.0375,0.012,1.63,2.53,4.65,10.19,26.64,83.06
678906,"Teng, Kai-Wei",18,18,0.2277,4.1,0.6129,0.392,0.2096,0.0931,0.0343,0.0104,1.63,2.55,4.77,10.74,29.17,95.95
572020,"Paxton, James",20,22,0.1865,4.1,0.6084,0.3929,0.2151,0.0995,0.039,0.0129,1.64,2.55,4.65,10.05,25.67,77.38
695418,"Lord, Brad",24,20,0.2052,4.1,0.611,0.3932,0.2132,0.097,0.037,0.0118,1.64,2.54,4.69,10.31,27.02,84.49
544150,"Suárez, Albert",32,21,0.1954,4.1,0.6094,0.3928,0.214,0.0982,0.038,0.0124,1.64,2.55,4.67,10.18,26.33,80.78
674072,"Henry, Tommy",10,20,0.2051,4.1,0.6107,0.3928,0.2129,0.0968,0.0369,0.0118,1.64,2.55,4.7,10.33,27.07,84.68
663978,"Paddack, Chris",58,22,0.1859,4.09,0.6055,0.39,0.2128,0.0981,0.0383,0.0126,1.65,2.56,4.7,10.19,26.13,79.06
592866,"Williams, Trevor",30,20,0.2038,4.08,0.6049,0.3869,0.2083,0.0941,0.0356,0.0113,1.65,2.58,4.8,10.63,28.07,88.47
676083,"Junk, Janson",33,22,0.1848,4.07,0.6003,0.3847,0.2087,0.0956,0.0371,0.0122,1.67,2.6,4.79,10.46,26.98,82.19
687765,"Spence, Mitch",41,21,0.1931,4.06,0.5994,0.3826,0.2061,0.0935,0.0357,0.0115,1.67,2.61,4.85,10.7,28.02,87.09
674841,"Alvarez, Andrew",11,18,0.2257,4.06,0.6052,0.3841,0.2036,0.0896,0.0327,0.0098,1.65,2.6,4.91,11.16,30.62,101.76
596295,"Gomber, Austin",42,24,0.1691,4.06,0.5969,0.3831,0.2091,0.097,0.0383,0.0129,1.68,2.61,4.78,10.31,26.12,77.49
683155,"Estes, Joey",29,22,0.1844,4.06,0.5984,0.3827,0.2071,0.0947,0.0366,0.012,1.67,2.61,4.83,10.56,27.31,83.42
700241,"McGreevy, Michael",34,23,0.1766,4.06,0.5987,0.3841,0.2091,0.0964,0.0378,0.0126,1.67,2.6,4.78,10.37,26.49,79.55
663738,"Lynch IV, Daniel",6,20,0.2024,4.05,0.5988,0.3807,0.2036,0.0913,0.0343,0.0108,1.67,2.63,4.91,10.96,29.17,92.67
605288,"Houser, Adrian",45,23,0.1754,4.04,0.5929,0.3781,0.2045,0.0937,0.0364,0.012,1.69,2.64,4.89,10.68,27.47,83.13
680573,"Woods Richardson, Simeon",61,20,0.2019,4.04,0.5969,0.3788,0.2021,0.0904,0.0339,0.0106,1.68,2.64,4.95,11.06,29.52,94.01
477132,"Kershaw, Clayton",27,21,0.1925,4.04,0.5966,0.3797,0.2039,0.0922,0.0351,0.0112,1.68,2.63,4.9,10.85,28.51,88.93
500779,"Quintana, Jose",63,23,0.1754,4.03,0.5927,0.3779,0.2043,0.0936,0.0364,0.012,1.69,2.65,4.89,10.69,27.51,83.25
669387,"Mlodzinski, Carmen",29,19,0.2115,4.02,0.5939,0.3743,0.1976,0.087,0.0319,0.0097,1.68,2.67,5.06,11.5,31.36,102.79
605452,"Ross, Joe",13,20,0.1994,3.99,0.586,0.3679,0.1939,0.0856,0.0316,0.0098,1.71,2.72,5.16,11.68,31.61,102.12
672456,"Montero, Keider",51,21,0.1894,3.98,0.5824,0.3655,0.1932,0.0858,0.0321,0.0101,1.72,2.74,5.18,11.65,31.19,99.09
815083,"Farris, Mitch",10,18,0.2213,3.98,0.5879,0.3666,0.1906,0.0821,0.0293,0.0086,1.7,2.73,5.25,12.18,34.17,116.21
679883,"Avila, Luinder",5,18,0.2207,3.97,0.5851,0.3639,0.1886,0.081,0.0288,0.0084,1.71,2.75,5.3,12.35,34.77,118.68
666214,"Wentz, Joey",19,18,0.2206,3.97,0.5847,0.3635,0.1883,0.0808,0.0287,0.0084,1.71,2.75,5.31,12.38,34.87,119.07
607200,"Fedde, Erick",71,22,0.1791,3.94,0.5735,0.3579,0.1884,0.0836,0.0313,0.0099,1.74,2.79,5.31,11.96,31.92,100.69
606996,"Hart, Kyle",5,19,0.2075,3.94,0.5774,0.3579,0.1854,0.08,0.0287,0.0086,1.73,2.79,5.39,12.5,34.83,116.67
669084,"Hall, DL",13,18,0.2174,3.91,0.5721,0.3511,0.1792,0.0757,0.0264,0.0076,1.75,2.85,5.58,13.2,37.82,131.34
471911,"Carrasco, Carlos",32,20,0.1942,3.88,0.5631,0.3453,0.1774,0.0761,0.0273,0.0082,1.78,2.9,5.64,13.14,36.6,121.85
656641,"Latz, Jacob",15,17,0.2277,3.87,0.5637,0.3412,0.1707,0.0702,0.0237,0.0065,1.77,2.93,5.86,14.24,42.26,153.63
696131,"Black, Mason",11,18,0.2139,3.85,0.5575,0.3371,0.1692,0.0702,0.0241,0.0068,1.79,2.97,5.91,14.24,41.56,147.16
656756,"Montgomery, Jordan",23,22,0.1742,3.83,0.5492,0.3344,0.1712,0.0738,0.0268,0.0082,1.82,2.99,5.84,13.55,37.3,121.41
608650,"Enns, Dietrich",3,17,0.2248,3.82,0.5524,0.3305,0.1632,0.0662,0.022,0.006,1.81,3.03,6.13,15.11,45.51,167.95
608344,"Irvin, Cole",21,21,0.1816,3.81,0.5458,0.3301,0.1674,0.0711,0.0254,0.0076,1.83,3.03,5.97,14.06,39.41,131.31
641302,"Alexander, Tyler",34,19,0.2008,3.81,0.5483,0.3299,0.1653,0.0688,0.0238,0.0068,1.82,3.03,6.05,14.53,42.01,146.23
608372,"Sugano, Tomoyuki",44,23,0.1658,3.81,0.5446,0.3309,0.1695,0.0733,0.0268,0.0083,1.84,3.02,5.9,13.65,37.31,120.14
608566,"Márquez, Germán",32,23,0.165,3.8,0.5405,0.3271,0.1668,0.0717,0.0261,0.0081,1.85,3.06,6.0,13.94,38.31,124.03
690916,"Fitts, Richard",14,19,0.1997,3.79,0.5436,0.3255,0.1622,0.0672,0.0231,0.0066,1.84,3.07,6.16,14.89,43.32,151.7
641712,"Hudson, Dakota",18,23,0.1641,3.77,0.5356,0.3225,0.1635,0.0699,0.0253,0.0078,1.87,3.1,6.12,14.3,39.55,128.86
676508,"Casparius, Ben",10,17,0.2216,3.77,0.5397,0.3186,0.155,0.0619,0.0202,0.0054,1.85,3.14,6.45,16.16,49.48,185.74
800049,"Mazur, Adam",13,21,0.1793,3.76,0.5349,0.3198,0.1602,0.0672,0.0236,0.007,1.87,3.13,6.24,14.89,42.33,143.09
543294,"Hendricks, Kyle",58,22,0.171,3.76,0.5336,0.3197,0.1609,0.068,0.0242,0.0073,1.87,3.13,6.22,14.7,41.27,137.11
592836,"Walker, Taijuan",45,22,0.1705,3.75,0.5309,0.3172,0.1591,0.0671,0.0238,0.0071,1.88,3.15,6.28,14.91,42.01,140.04
623167,"Flexen, Chris",38,21,0.1784,3.75,0.5309,0.3162,0.1576,0.0658,0.023,0.0068,1.88,3.16,6.34,15.2,43.43,147.58
663567,"Lambert, Peter",20,18,0.2075,3.74,0.531,0.3123,0.152,0.061,0.0202,0.0055,1.88,3.2,6.58,16.38,49.48,181.49
548389,"Stripling, Ross",16,22,0.1698,3.74,0.5276,0.3141,0.157,0.0659,0.0233,0.007,1.9,3.18,6.37,15.18,42.94,143.76
615698,"Quantrill, Cal",60,21,0.1765,3.71,0.5215,0.3076,0.1517,0.0626,0.0216,0.0063,1.92,3.25,6.59,15.98,46.21,158.97
670766,"McCaughan, Darren",9,19,0.1942,3.69,0.5193,0.3032,0.1469,0.059,0.0197,0.0054,1.93,3.3,6.81,16.95,50.88,184.05
608334,"Fulmer, Carson",17,17,0.2168,3.68,0.5203,0.3009,0.1431,0.0557,0.0177,0.0046,1.92,3.32,6.99,17.94,56.35,217.13
571945,"Mikolas, Miles",78,22,0.1669,3.67,0.5129,0.3008,0.1478,0.0609,0.0211,0.0062,1.95,3.32,6.77,16.41,47.3,161.44
805123,"Blubaugh, AJ",8,16,0.2294,3.67,0.5179,0.297,0.1391,0.0529,0.0163,0.004,1.93,3.37,7.19,18.89,61.31,247.16
701519,"Adams, Travis",5,17,0.2159,3.67,0.5168,0.2978,0.1411,0.0547,0.0173,0.0045,1.93,3.36,7.09,18.28,57.66,223.23
669060,"Wilson, Bryse",26,20,0.183,3.66,0.5114,0.2973,0.1438,0.0579,0.0195,0.0055,1.96,3.36,6.95,17.26,51.39,183.14
687134,"Blalock, Bradley",18,23,0.1576,3.63,0.5014,0.2914,0.1421,0.0583,0.0202,0.0059,1.99,3.43,7.04,17.16,49.56,168.82
681190,"Vásquez, Randy",61,22,0.1636,3.6,0.4958,0.2855,0.1375,0.0555,0.0188,0.0054,2.02,3.5,7.27,18.02,53.08,185.29
663559,"Falter, Bailey",54,21,0.171,3.59,0.4947,0.2836,0.1355,0.0541,0.0181,0.0051,2.02,3.53,7.38,18.49,55.34,197.25
608723,"Voth, Austin",2,16,0.223,3.57,0.493,0.2751,0.125,0.0461,0.0137,0.0033,2.03,3.64,8.0,21.7,72.8,303.66
571927,"Matz, Steven",22,18,0.1958,3.52,0.4809,0.268,0.1229,0.0463,0.0144,0.0037,2.08,3.73,8.14,21.59,69.63,273.23
681867,"Criswell, Cooper",23,19,0.1853,3.52,0.4792,0.2679,0.1238,0.0473,0.0149,0.0039,2.09,3.73,8.08,21.16,66.92,255.43
686799,"Kochanowicz, Jack",46,23,0.1528,3.51,0.4755,0.2688,0.1271,0.0505,0.0169,0.0048,2.1,3.72,7.87,19.81,59.17,208.55
622608,"Senzatela, Antonio",31,22,0.159,3.5,0.4723,0.2652,0.1242,0.0487,0.016,0.0044,2.12,3.77,8.05,20.54,62.4,224.73
663969,"Phillips, Tyler",15,18,0.1914,3.45,0.4617,0.2519,0.1128,0.0415,0.0125,0.0031,2.17,3.97,8.86,24.11,79.78,321.39
676961,"Boushley, Caleb",3,16,0.2115,3.38,0.4476,0.2373,0.102,0.0354,0.0099,0.0022,2.23,4.21,9.81,28.23,100.75,447.6
596001,"Junis, Jakob",9,16,0.207,3.31,0.4297,0.2231,0.0937,0.0318,0.0087,0.0019,2.33,4.48,10.67,31.48,115.17,524.87
687396,"Headrick, Brent",1,13,0.2544,3.31,0.4306,0.2173,0.0863,0.0267,0.0063,0.0011,2.32,4.6,11.59,37.47,157.69,880.98
681982,"Anderson, Grant",2,14,0.2326,3.26,0.4169,0.2094,0.0835,0.0263,0.0065,0.0012,2.4,4.78,11.97,37.99,153.85,804.75
666205,"Muller, Kyle",4,16,0.2041,3.26,0.4181,0.2141,0.0886,0.0296,0.0079,0.0017,2.39,4.67,11.29,33.83,125.82,583.04
677161,"Kelly, Zack",1,14,0.2321,3.25,0.415,0.208,0.0828,0.026,0.0064,0.0012,2.41,4.81,12.08,38.45,156.11,818.81
670329,"Garcia, Rico",1,13,0.2485,3.23,0.4108,0.2023,0.0782,0.0235,0.0054,0.0009,2.43,4.94,12.78,42.51,184.13,1059.55
621389,"Blach, Ty",15,20,0.1608,3.22,0.4051,0.209,0.0888,0.0312,0.0091,0.0022,2.47,4.78,11.27,32.09,110.13,453.96
676879,"Ashby, Aaron",7,12,0.268,3.22,0.4073,0.1969,0.0736,0.021,0.0045,0.0007,2.45,5.08,13.58,47.66,223.95,1455.98
687606,"Schultz, Paxton",3,14,0.2287,3.2,0.4029,0.1988,0.0779,0.0241,0.0058,0.0011,2.48,5.03,12.84,41.58,171.85,917.84
596133,"Weaver, Luke",1,12,0.2656,3.19,0.4,0.1916,0.0709,0.02,0.0042,0.0006,2.5,5.22,14.1,50.02,237.6,1562.12
660761,"Suarez, José",14,14,0.226,3.16,0.3935,0.1919,0.0742,0.0226,0.0054,0.001,2.54,5.21,13.48,44.22,185.32,1003.89
670174,"Winckowski, Josh",12,16,0.1972,3.16,0.3908,0.1935,0.0772,0.0248,0.0064,0.0013,2.56,5.17,12.96,40.33,155.98,752.42
678368,"Bellozo, Valente",31,18,0.1742,3.14,0.3854,0.1922,0.0781,0.0259,0.007,0.0016,2.59,5.2,12.81,38.61,142.1,637.89
623211,"Brazobán, Huascar",4,14,0.2236,3.13,0.3846,0.1855,0.0708,0.0213,0.005,0.0009,2.6,5.39,14.12,46.92,199.22,1093.77
670990,"Ramírez, Yohan",4,13,0.24,3.12,0.3821,0.1815,0.0675,0.0195,0.0043,0.0007,2.62,5.51,14.82,51.38,232.25,1395.95
676428,"Hurter, Brant",14,14,0.2231,3.12,0.3829,0.1843,0.0702,0.0211,0.0049,0.0009,2.61,5.43,14.25,47.46,202.07,1112.38
678495,"Rodríguez, Randy",4,12,0.2588,3.11,0.3786,0.1763,0.0633,0.0173,0.0035,0.0005,2.64,5.67,15.79,57.81,283.77,1928.92
570632,"Ureña, José",29,18,0.1694,3.05,0.3643,0.1768,0.0698,0.0225,0.0059,0.0013,2.75,5.66,14.33,44.53,169.03,783.21
623474,"Herget, Jimmy",1,13,0.2348,3.05,0.3649,0.1694,0.0615,0.0173,0.0037,0.0006,2.74,5.9,16.27,57.87,268.61,1658.57
663465,"Allard, Kolby",14,16,0.1906,3.05,0.3645,0.1745,0.0671,0.0208,0.0052,0.001,2.74,5.73,14.89,48.15,193.65,971.97
680742,"Bowlan, Jonathan",3,13,0.2348,3.05,0.3649,0.1694,0.0615,0.0173,0.0037,0.0006,2.74,5.9,16.27,57.87,268.6,1658.53
621383,"Banks, Tanner",1,13,0.2338,3.04,0.3615,0.1671,0.0603,0.0169,0.0036,0.0006,2.77,5.98,16.58,59.27,276.55,1716.76
664141,"Brubaker, JT",2,15,0.2029,3.04,0.3627,0.1718,0.0649,0.0195,0.0047,0.0009,2.76,5.82,15.42,51.27,214.75,1140.27
689266,"Dodd, Dylan",3,13,0.2339,3.04,0.3619,0.1673,0.0604,0.0169,0.0036,0.0006,2.76,5.98,16.55,59.13,275.73,1710.75
664991,"Wolfram, Grant",2,13,0.2336,3.04,0.3608,0.1666,0.0601,0.0168,0.0036,0.0006,2.77,6.0,16.64,59.56,278.17,1728.69
660896,"Alcala, Jorge",1,13,0.2335,3.03,0.3604,0.1663,0.0599,0.0167,0.0036,0.0006,2.77,6.01,16.68,59.74,279.22,1736.46
689690,"Jacob, Alek",1,14,0.2152,3.01,0.3548,0.1646,0.0603,0.0173,0.0039,0.0007,2.82,6.08,16.6,57.64,256.12,1472.72
445926,"Chavez, Jesse",2,14,0.215,3.01,0.3543,0.1642,0.0601,0.0173,0.0039,0.0007,2.82,6.09,16.65,57.86,257.3,1480.76
669199,"Bachar, Lake",2,12,0.2507,3.01,0.3533,0.1591,0.0551,0.0145,0.0028,0.0004,2.83,6.29,18.16,69.09,352.85,2497.3
686580,"Slaten, Justin",1,13,0.2308,3.0,0.3514,0.1602,0.057,0.0157,0.0033,0.0005,2.85,6.24,17.55,63.7,301.94,1904.85
675627,"Grove, Michael",2,13,0.2303,2.99,0.3499,0.1592,0.0565,0.0155,0.0033,0.0005,2.86,6.28,17.7,64.41,306.09,1935.82
700669,"Graceffo, Gordon",6,15,0.1994,2.99,0.3496,0.1627,0.0603,0.0178,0.0042,0.0008,2.86,6.15,16.59,56.28,240.56,1303.9
660853,"De Los Santos, Enyel",1,13,0.2292,2.98,0.3464,0.1569,0.0554,0.0151,0.0032,0.0005,2.89,6.37,18.06,66.05,315.61,2007.21
669438,"Englert, Mason",9,14,0.2126,2.98,0.3459,0.1585,0.0573,0.0163,0.0036,0.0006,2.89,6.31,17.46,61.48,277.07,1616.15
658648,"Avila, Pedro",5,13,0.2281,2.97,0.3426,0.1543,0.0542,0.0147,0.0031,0.0005,2.92,6.48,18.46,67.94,326.63,2090.36
621053,"Ferguson, Tyler",1,12,0.2473,2.97,0.343,0.1522,0.0519,0.0134,0.0026,0.0004,2.92,6.57,19.28,74.55,387.12,2786.73
687377,"Ribalta, Orlando",1,14,0.2099,2.94,0.3362,0.152,0.0541,0.0152,0.0033,0.0006,2.97,6.58,18.47,66.01,302.04,1789.51
694037,"Palencia, Daniel",1,12,0.2452,2.94,0.3363,0.1478,0.0499,0.0128,0.0024,0.0003,2.97,6.76,20.05,78.34,411.21,2992.98
694335,"Svanson, Matt",2,12,0.245,2.94,0.3358,0.1475,0.0497,0.0127,0.0024,0.0003,2.98,6.78,20.11,78.64,413.14,3009.54
663773,"Hoeing, Bryan",6,14,0.209,2.93,0.3332,0.15,0.0532,0.0148,0.0032,0.0005,3.0,6.67,18.8,67.49,310.3,1847.46
663765,"Woodford, Jake",16,16,0.1824,2.92,0.3317,0.1519,0.0558,0.0164,0.0039,0.0007,3.02,6.58,17.94,60.93,257.79,1362.47
669422,"Sauer, Matt",6,15,0.1949,2.92,0.3329,0.1514,0.0547,0.0157,0.0036,0.0006,3.0,6.6,18.27,63.57,278.93,1552.79
605154,"Brebbia, John",1,12,0.2428,2.91,0.3291,0.1432,0.0478,0.0121,0.0023,0.0003,3.04,6.98,20.93,82.74,439.52,3237.96
675848,"Mejia, Juan",1,12,0.2422,2.91,0.3273,0.142,0.0473,0.0119,0.0022,0.0003,3.06,7.04,21.16,83.88,446.86,3301.92
641312,"Anderson, Shaun",7,15,0.1941,2.91,0.3298,0.1494,0.0538,0.0154,0.0035,0.0006,3.03,6.69,18.6,65.05,286.86,1605.01
656848,"Petersen, Michael",1,13,0.2234,2.9,0.3273,0.1443,0.0495,0.0131,0.0027,0.0004,3.06,6.93,20.21,76.19,375.45,2464.17
663485,"Sands, Cole",1,12,0.2417,2.9,0.3256,0.141,0.0468,0.0118,0.0022,0.0003,3.07,7.09,21.38,84.97,454.0,3364.28
673513,"Matsui, Yuki",1,12,0.241,2.89,0.3235,0.1396,0.0462,0.0116,0.0022,0.0003,3.09,7.16,21.66,86.4,463.28,3445.62
678024,"Vasil, Mike",16,14,0.2056,2.88,0.3211,0.1421,0.0495,0.0135,0.0029,0.0005,3.11,7.04,20.21,73.98,346.91,2107.19
676263,"Dreyer, Jack",1,12,0.2402,2.88,0.3211,0.1381,0.0455,0.0114,0.0021,0.0003,3.11,7.24,21.97,87.99,473.64,3536.76
642232,"Yarbrough, Ryan",28,15,0.1913,2.87,0.3194,0.1425,0.0505,0.0142,0.0032,0.0006,3.13,7.02,19.81,70.42,315.82,1797.66
681869,"Dubin, Shawn",3,13,0.2205,2.87,0.3179,0.1382,0.0467,0.0122,0.0024,0.0004,3.15,7.23,21.4,81.93,410.12,2734.74
668984,"Legumina, Casey",2,13,0.2183,2.84,0.3107,0.1337,0.0447,0.0115,0.0023,0.0003,3.22,7.48,22.38,86.68,439.16,2964.43
592426,"Jackson, Luke",2,13,0.218,2.83,0.3095,0.133,0.0444,0.0114,0.0023,0.0003,3.23,7.52,22.54,87.49,444.11,3003.87
663423,"Thornton, Trent",3,13,0.2167,2.82,0.3055,0.1305,0.0432,0.0111,0.0022,0.0003,3.27,7.67,23.12,90.34,461.7,3144.54
666277,"Soriano, George",7,13,0.2172,2.82,0.3071,0.1315,0.0437,0.0112,0.0022,0.0003,3.26,7.61,22.89,89.18,454.56,3087.28
663546,"Hjelle, Sean",5,13,0.2159,2.81,0.3028,0.1288,0.0425,0.0108,0.0021,0.0003,3.3,7.77,23.53,92.35,474.21,3245.12
663767,"Shugart, Chase",2,13,0.216,2.81,0.303,0.1289,0.0426,0.0109,0.0021,0.0003,3.3,7.76,23.49,92.16,473.04,3235.69
674285,"Salazar, Eduardo",1,14,0.1999,2.8,0.3016,0.1297,0.0438,0.0116,0.0024,0.0004,3.32,7.71,22.84,86.29,418.07,2625.06
657097,"Webb, Jacob",1,12,0.2337,2.8,0.3013,0.1258,0.0402,0.0097,0.0017,0.0002,3.32,7.95,24.9,103.06,573.86,4435.2
573124,"Rogers, Taylor",1,12,0.2321,2.79,0.2968,0.123,0.039,0.0093,0.0017,0.0002,3.37,8.13,25.65,106.99,600.52,4678.89
642546,"Hernández, Jonathan",4,13,0.2134,2.77,0.2947,0.1237,0.0403,0.0101,0.0019,0.0003,3.39,8.08,24.81,98.71,514.07,3568.51
663947,"Holton, Tyler",1,13,0.2129,2.77,0.2932,0.1229,0.0399,0.01,0.0019,0.0003,3.41,8.14,25.05,99.92,521.69,3630.87
678606,"Ferrer, José A.",1,13,0.212,2.76,0.2904,0.1212,0.0392,0.0098,0.0019,0.0003,3.44,8.25,25.52,102.29,536.66,3753.78
686539,"Cronin, Declan",2,12,0.2302,2.76,0.2908,0.1195,0.0375,0.0089,0.0016,0.0002,3.44,8.37,26.67,112.4,637.52,5020.22
685126,"Eisert, Brandon",1,12,0.2281,2.74,0.2846,0.1157,0.0359,0.0084,0.0015,0.0002,3.51,8.64,27.82,118.54,679.96,5415.77
676760,"Marinaccio, Ron",2,12,0.2285,2.74,0.2859,0.1166,0.0363,0.0085,0.0015,0.0002,3.5,8.58,27.57,117.16,670.36,5325.96
502624,"Anderson, Chase",10,14,0.1958,2.74,0.2874,0.1209,0.0399,0.0103,0.0021,0.0003,3.48,8.27,25.06,96.99,481.59,3100.21
683627,"Molina, Anthony",6,15,0.1817,2.73,0.2843,0.1204,0.0403,0.0107,0.0023,0.0004,3.52,8.3,24.79,93.36,444.26,2685.49
702352,"Bivens, Spencer",12,14,0.195,2.73,0.2847,0.1193,0.0392,0.0101,0.002,0.0003,3.51,8.38,25.52,99.26,495.21,3203.43
605463,"Scott, Tayler",1,12,0.2263,2.72,0.2795,0.1128,0.0347,0.0081,0.0014,0.0002,3.58,8.87,28.81,123.85,716.94,5763.84
663878,"Pearson, Nate",1,12,0.2256,2.71,0.2773,0.1115,0.0342,0.0079,0.0014,0.0002,3.61,8.97,29.25,126.23,733.65,5922.14
688642,"Agnos, Zach",9,15,0.1809,2.71,0.2816,0.1187,0.0396,0.0105,0.0022,0.0004,3.55,8.42,25.25,95.57,456.96,2775.91
686826,"Jarvis, Bryce",5,14,0.1924,2.69,0.2761,0.1141,0.037,0.0094,0.0018,0.0003,3.62,8.76,27.06,106.81,541.1,3554.89
656240,"Blewett, Scott",6,13,0.2056,2.67,0.2701,0.1091,0.0341,0.0082,0.0015,0.0002,3.7,9.16,29.32,121.77,662.56,4808.77
672841,"Vargas, Carlos",2,14,0.1904,2.67,0.2692,0.11,0.0352,0.0088,0.0017,0.0003,3.72,9.09,28.4,113.49,582.17,3873.73
656271,"Burke, Brock",1,12,0.2229,2.67,0.2694,0.1069,0.0323,0.0074,0.0013,0.0002,3.71,9.35,30.92,135.36,798.28,6539.9
642121,"Sulser, Cole",1,12,0.2219,2.66,0.2666,0.1053,0.0317,0.0072,0.0012,0.0001,3.75,9.5,31.56,138.88,823.39,6782.26
642048,"Saucedo, Tayler",1,12,0.2217,2.66,0.266,0.105,0.0316,0.0072,0.0012,0.0001,3.76,9.53,31.68,139.56,828.27,6829.56
543518,"McGough, Scott",2,13,0.2042,2.65,0.2656,0.1065,0.033,0.0079,0.0014,0.0002,3.76,9.39,30.28,126.77,695.56,5091.1
670950,"Richards, Trevor",1,12,0.219,2.63,0.2581,0.1005,0.0298,0.0067,0.0011,0.0001,3.87,9.95,33.57,150.05,903.99,7568.26
641835,"Mayza, Tim",1,13,0.2015,2.62,0.2573,0.1017,0.0311,0.0073,0.0013,0.0002,3.89,9.83,32.18,136.82,762.59,5671.46
621199,"Bowman, Matt",3,13,0.2001,2.6,0.2529,0.0992,0.0301,0.007,0.0012,0.0002,3.95,10.08,33.25,142.55,801.23,6009.95
664875,"Lawrence, Justin",1,12,0.2162,2.59,0.2501,0.0961,0.0281,0.0062,0.001,0.0001,4.0,10.41,35.63,161.68,989.16,8411.58
669674,"Long, Sam",1,12,0.2161,2.59,0.2499,0.0959,0.028,0.0062,0.001,0.0001,4.0,10.42,35.69,162.01,991.65,8436.37
571670,"Floro, Dylan",1,13,0.199,2.59,0.2497,0.0974,0.0294,0.0068,0.0012,0.0002,4.01,10.26,34.06,146.88,830.66,6269.48
693312,"Nicolas, Kyle",2,12,0.2152,2.58,0.2471,0.0944,0.0274,0.006,0.001,0.0001,4.05,10.59,36.45,166.38,1023.94,8759.47
671131,"Rutledge, Jackson",5,12,0.2132,2.56,0.2416,0.0914,0.0263,0.0057,0.0009,0.0001,4.14,10.94,38.06,175.6,1092.68,9452.76
676702,"Stratton, Hunter",1,12,0.2126,2.55,0.24,0.0905,0.026,0.0056,0.0009,0.0001,4.17,11.04,38.52,178.27,1112.73,9656.29
663941,"Beck, Tristan",9,13,0.1956,2.54,0.2394,0.0918,0.0271,0.0062,0.0011,0.0001,4.18,10.9,36.87,162.19,935.9,7209.84
806188,"Gibson, Cade",3,12,0.2066,2.48,0.2232,0.0816,0.0227,0.0047,0.0007,0.0001,4.48,12.25,44.15,211.32,1365.35,12270.2
669212,"Morgan, Eli",1,12,0.2044,2.45,0.2173,0.0786,0.0215,0.0044,0.0007,0.0001,4.6,12.73,46.44,225.09,1472.91,13408.25
694363,"Shuster, Jared",9,13,0.186,2.42,0.2109,0.0766,0.0214,0.0046,0.0008,0.0001,4.74,13.05,46.69,217.66,1332.52,10898.92
472610,"García, Luis",1,12,0.2015,2.42,0.2093,0.0745,0.0201,0.0041,0.0006,0.0001,4.78,13.42,49.77,245.33,1633.23,15129.52
672335,"Pérez, Cionel",1,12,0.2003,2.4,0.2063,0.073,0.0196,0.0039,0.0006,0.0001,4.85,13.7,51.13,253.72,1700.49,15860.02
672710,"Contreras, Roansy",7,12,0.1996,2.39,0.2043,0.072,0.0192,0.0039,0.0006,0.0001,4.9,13.89,52.08,259.56,1747.52,16373.65
547184,"Kelly, Michael",1,12,0.1975,2.37,0.1989,0.0693,0.0183,0.0036,0.0005,0.0001,5.03,14.42,54.69,275.86,1879.87,17830.7
607179,"Weems, Jordan",1,12,0.1973,2.37,0.1983,0.069,0.0182,0.0036,0.0005,0.0001,5.04,14.49,55.03,278.01,1897.41,18025.06
608718,"Suter, Brent",12,12,0.1966,2.36,0.1964,0.0681,0.0179,0.0035,0.0005,0.0001,5.09,14.68,55.98,283.93,1945.89,18563.75
683409,"Chivilli, Angel",3,12,0.1955,2.35,0.1937,0.0668,0.0174,0.0034,0.0005,0.0001,5.16,14.97,57.43,293.13,2021.69,19410.42
669020,"Rolison, Ryan",4,12,0.1943,2.33,0.1906,0.0653,0.0169,0.0033,0.0005,0.0,5.25,15.32,59.17,304.18,2113.25,20439.82
647315,"Pop, Zach",1,12,0.1882,2.26,0.175,0.0579,0.0145,0.0027,0.0004,0.0,5.71,17.28,69.19,369.19,2664.06,26775.44
667463,"King, John",1,12,0.176,2.11,0.1459,0.0449,0.0104,0.0018,0.0002,0.0,6.86,22.27,96.11,553.78,4320.41,46986.81
